"acceptance_rate","act_avg","act_range","business_rep_score","city","control","cost_after_aid","engineering_rep_score","enrollment","hs_gpa_avg","id","is_public","is_ranked","is_tied","name","pct_receiving_aid","profile_url","rank_display","rank_numeric","ranking_year","region","sat_avg","sat_range","school_type","source","state","tuition","url_name","zip"
"5","34",,,"Princeton","private","13939","4.2","5813","3.9","2627","false","true","false","Princeton University","67","https://www.usnews.com/best-colleges/princeton-university","#1","1","2026",,"1510",,"national-universities","usnews.com","NJ","65210","princeton-university","08544"
"5","34",,"4.7","Cambridge","private","19729","4.8","4535",,"2178","false","true","false","Massachusetts Institute of Technology","56","https://www.usnews.com/best-colleges/massachusetts-institute-of-technology","#2","2","2026",,"1520",,"national-universities","usnews.com","MA","64730","massachusetts-institute-of-technology","02139"
"4","34",,,"Cambridge","private","15126","3.8","7038","3.9","2155","false","true","false","Harvard University","55","https://www.usnews.com/best-colleges/harvard-university","#3","3","2026",,"1510",,"national-universities","usnews.com","MA","64796","harvard-university","02138"
"4","34",,,"Stanford","private","22892","4.7","7904","3.9","1305","false","true","true","Stanford University","48","https://www.usnews.com/best-colleges/stanford-university","#4","4","2026",,"1510",,"national-universities","usnews.com","CA","68544","stanford-university","94305"
"4","33",,,"New Haven","private","18629","3.5","6814",,"1426","false","true","true","Yale University","49","https://www.usnews.com/best-colleges/yale-university","#4","4","2026",,"1470",,"national-universities","usnews.com","CT","69900","yale-university","06520"
"4","34",,,"Chicago","private","20774",,"7519",,"1774","false","true","false","University of Chicago","34","https://www.usnews.com/best-colleges/university-of-chicago","#6","6","2026",,"1510",,"national-universities","usnews.com","IL","73266","university-of-chicago","60637"
"6","34",,,"Durham","private","26337","3.9","6523",,"2920","false","true","true","Duke University","41","https://www.usnews.com/best-colleges/duke-university","#7","7","2026",,"1500",,"national-universities","usnews.com","NC","73172","duke-university","27708"
"6","34",,,"Baltimore","private","25575","4.1","6356","3.9","2077","false","true","true","Johns Hopkins University","52","https://www.usnews.com/best-colleges/jhu","#7","7","2026",,"1520",,"national-universities","usnews.com","MD","67170","jhu","21218"
"8","34",,,"Evanston","private","29055","3.9","9060",,"1739","false","true","true","Northwestern University","42","https://www.usnews.com/best-colleges/northwestern-university","#7","7","2026",,"1510",,"national-universities","usnews.com","IL","70589","northwestern-university","60208"
"5","34",,"4.7","Philadelphia","private","25315","3.8","10013","3.9","3378","false","true","true","University of Pennsylvania","46","https://www.usnews.com/best-colleges/university-of-pennsylvania","#7","7","2026",,"1510",,"national-universities","usnews.com","PA","71236","university-of-pennsylvania","19104"
"3",,,,"Pasadena","private","19444","4.5","987",,"1131","false","true","false","California Institute of Technology","51","https://www.usnews.com/best-colleges/california-institute-of-technology","#11","11","2026",,,,"national-universities","usnews.com","CA","68208","california-institute-of-technology","91125"
"8","33",,"4.2","Ithaca","private","32238","4.3","16128",,"2711","false","true","false","Cornell University","46","https://www.usnews.com/best-colleges/cornell-university","#12","12","2026",,"1500",,"national-universities","usnews.com","NY","72270","cornell-university","14853"
"5","34",,,"Providence","private","26776","3.4","7910",,"3401","false","true","true","Brown University","46","https://www.usnews.com/best-colleges/brown-university","#13","13","2026",,"1510",,"national-universities","usnews.com","RI","74550","brown-university","02912"
"5","33",,,"Hanover","private","21826","3.1","4570",,"2573","false","true","true","Dartmouth College","53","https://www.usnews.com/best-colleges/dartmouth-college","#13","13","2026",,"1500",,"national-universities","usnews.com","NH","71265","dartmouth-college","03755"
"4","34",,,"New York","private",,"3.8","9111",,"2707","false","true","true","Columbia University",,"https://www.usnews.com/best-colleges/columbia-university","#15","15","2026",,"1510",,"national-universities","usnews.com","NY","71845","columbia-university","10027"
"11",,,"4.6","Berkeley","public","66625","4.6","33469","3.9","1312","true","true","true","University of California, Berkeley","9","https://www.usnews.com/best-colleges/university-of-california-berkeley","#15","15","2026",,,,"national-universities","usnews.com","CA","55323","university-of-california-berkeley","94720"
"8","34",,"3.8","Houston","private","17819","3.8","4789",,"3604","false","true","true","Rice University","45","https://www.usnews.com/best-colleges/rice","#17","17","2026",,"1510",,"national-universities","usnews.com","TX","65475","rice","77005"
"9",,,,"Los Angeles","public","46450","4","33471","3.9","1315","true","true","true","University of California, Los Angeles","10","https://www.usnews.com/best-colleges/ucla","#17","17","2026",,,,"national-universities","usnews.com","CA","48674","ucla","90095"
"6","34",,,"Nashville","private","20374","3.6","7221","3.8","3535","false","true","true","Vanderbilt University","50","https://www.usnews.com/best-colleges/vanderbilt","#17","17","2026",,"1500",,"national-universities","usnews.com","TN","71226","vanderbilt","37240"
"12","34",,"4.3","Pittsburgh","private","30945","4.4","7824","3.9","3242","false","true","true","Carnegie Mellon University","38","https://www.usnews.com/best-colleges/carnegie-mellon-university","#20","20","2026",,"1500",,"national-universities","usnews.com","PA","68096","carnegie-mellon-university","15213"
"16","31",,"4.5","Ann Arbor","public","47476","4.5","34454","3.9","9092","true","true","true","University of Michigan--Ann Arbor","38","https://www.usnews.com/best-colleges/university-of-michigan-ann-arbor","#20","20","2026",,"1360",,"national-universities","usnews.com","MI","66203","university-of-michigan-ann-arbor","48109"
"11","33",,"4","Notre Dame","private","28325","3.4","8880",,"1840","false","true","true","University of Notre Dame","46","https://www.usnews.com/best-colleges/university-of-notre-dame","#20","20","2026",,"1455",,"national-universities","usnews.com","IN","67607","university-of-notre-dame","46556"
"12","33",,"4","St. Louis","private","21916","3.4","8220",,"2520","false","true","true","Washington University in St. Louis","44","https://www.usnews.com/best-colleges/washington-university-in-st-louis","#20","20","2026",,"1500",,"national-universities","usnews.com","MO","69594","washington-university-in-st-louis","63130"
"10","32",,"4","Atlanta","private","27392",,"7407","3.8","1564","false","true","true","Emory University","41","https://www.usnews.com/best-colleges/emory-university","#24","24","2026",,"1470",,"national-universities","usnews.com","GA","68056","emory-university","30322"
"13","31",,"4","Washington","private","39242",,"7833",,"1445","false","true","true","Georgetown University","28","https://www.usnews.com/best-colleges/georgetown-university","#24","24","2026",,"1390",,"national-universities","usnews.com","DC","71338","georgetown-university","20057"
"15","28",,"4.2","Chapel Hill","public","21452","3.2","21075",,"2974","true","true","true","University of North Carolina--Chapel Hill","22","https://www.usnews.com/best-colleges/university-of-north-carolina-chapel-hill","#26","26","2026",,"1390",,"national-universities","usnews.com","NC","45228","university-of-north-carolina-chapel-hill","27599"
"17","32",,"4","Charlottesville","public","29304","3.5","17901",,"6968","true","true","true","University of Virginia","24","https://www.usnews.com/best-colleges/uva","#26","26","2026",,"1410",,"national-universities","usnews.com","VA","62923","uva","22904"
"10","32",,"4.2","Los Angeles","private","43152","3.7","20630","3.8","1328","false","true","false","University of Southern California","37","https://www.usnews.com/best-colleges/university-of-southern-california","#28","28","2026",,"1450",,"national-universities","usnews.com","CA","75162","university-of-southern-california","90089"
"27",,,"3.4","La Jolla","public","61742","3.9","34955","3.9","1317","true","true","false","University of California San Diego","8","https://www.usnews.com/best-colleges/university-of-california-san-diego","#29","29","2026",,,,"national-universities","usnews.com","CA","54858","university-of-california-san-diego","92093"
"24","30",,"3.8","Gainesville","public","32050","3.6","36573","3.9","1535","true","true","true","University of Florida","14","https://www.usnews.com/best-colleges/university-of-florida","#30","30","2026",,"1320",,"national-universities","usnews.com","FL","30886","university-of-florida","32611"
"27","29",,"4.3","Austin","public","57218","4.2","43165",,"3658","true","true","true","The University of Texas--Austin","20","https://www.usnews.com/best-colleges/the-university-of-texas-austin","#30","30","2026",,"1320",,"national-universities","usnews.com","TX","44908","the-university-of-texas-austin","78705"
"14","30",,"3.9","Atlanta","public","37002","4.6","20592",,"1569","true","true","true","Georgia Institute of Technology","18","https://www.usnews.com/best-colleges/georgia-institute-of-technology","#32","32","2026",,"1370",,"national-universities","usnews.com","GA","35092","georgia-institute-of-technology","30332"
"9","34",,"4.4","New York","private","36490","3","29060","3.8","2785","false","true","true","New York University","29","https://www.usnews.com/best-colleges/nyu","#32","32","2026",,"1480",,"national-universities","usnews.com","NY","65622","nyu","10012"
"42",,,,"Davis","public","50866","3.6","32273",,"1313","true","true","true","University of California, Davis","6","https://www.usnews.com/best-colleges/university-of-california-davis","#32","32","2026",,,,"national-universities","usnews.com","CA","50324","university-of-california-davis","95616"
"29",,,"3.7","Irvine","public","57598","3.5","30204",,"1314","true","true","true","University of California, Irvine","9","https://www.usnews.com/best-colleges/university-of-california-irvine","#32","32","2026",,,,"national-universities","usnews.com","CA","49193","university-of-california-irvine","92697"
"16","33",,"3.7","Chestnut Hill","private","35303",,"9654",,"2128","false","true","true","Boston College","34","https://www.usnews.com/best-colleges/boston-college","#36","36","2026",,"1440",,"national-universities","usnews.com","MA","73508","boston-college","02467"
"12","33",,,"Medford","private","33908","3.2","7126",,"2219","false","true","true","Tufts University","34","https://www.usnews.com/best-colleges/tufts-university","#36","36","2026",,"1470",,"national-universities","usnews.com","MA","73616","tufts-university","02155"
"42","30",,"4","Champaign","public","42086","4.5","37140",,"1775","true","true","true","University of Illinois Urbana-Champaign","7","https://www.usnews.com/best-colleges/university-of-illinois-urbanachampaign","#36","36","2026",,"1380",,"national-universities","usnews.com","IL","38398","university-of-illinois-urbanachampaign","61820"
"45","29",,"3.9","Madison","public","25854","4","39083","3.9","3895","true","true","true","University of Wisconsin--Madison","15","https://www.usnews.com/best-colleges/university-of-wisconsin","#36","36","2026",,"1350",,"national-universities","usnews.com","WI","44191","university-of-wisconsin","53706"
"33",,,,"Santa Barbara","public","57004","3.4","23181","3.9","1320","true","true","false","University of California, Santa Barbara","6","https://www.usnews.com/best-colleges/university-of-california-santa-barbara","#40","40","2026",,,,"national-universities","usnews.com","CA","49885","university-of-california-santa-barbara","93106"
"61","28",,"4","Columbus","public","47580","3.7","46815",,"6883","true","true","false","The Ohio State University","13","https://www.usnews.com/best-colleges/ohio-state","#41","41","2026",,"1310",,"national-universities","usnews.com","OH","42423","ohio-state","43210"
"11","32",,"3.6","Boston","private","28985","3.3","18805","3.9","2130","false","true","true","Boston University","43","https://www.usnews.com/best-colleges/boston-university","#42","42","2026",,"1420",,"national-universities","usnews.com","MA","71372","boston-university","02215"
"41","28",,"3.2","Piscataway","public","48123","3.2","37985",,"6964","true","true","true","Rutgers University--New Brunswick","13","https://www.usnews.com/best-colleges/rutgers-new-brunswick","#42","42","2026",,"1310",,"national-universities","usnews.com","NJ","39652","rutgers-new-brunswick","08854"
"45","32",,"3.8","College Park","public","47371","3.8","31133",,"2103","true","true","true","University of Maryland, College Park","15","https://www.usnews.com/best-colleges/university-of-maryland","#42","42","2026",,"1390",,"national-universities","usnews.com","MD","41186","university-of-maryland","20742"
"39",,,"3.9","Seattle","public","51366","3.8","40754","3.8","3798","true","true","true","University of Washington","11","https://www.usnews.com/best-colleges/university-of-washington","#42","42","2026",,,,"national-universities","usnews.com","WA","44640","university-of-washington","98195"
"26","31",,"3.2","Bethlehem","private","28332","3.1","5911",,"3289","false","true","true","Lehigh University","44","https://www.usnews.com/best-colleges/lehigh-university","#46","46","2026",,"1370",,"national-universities","usnews.com","PA","67920","lehigh-university","18015"
"5","33",,"3.3","Boston","private","45775","3.5","17432",,"2199","false","true","true","Northeastern University","30","https://www.usnews.com/best-colleges/northeastern-university","#46","46","2026",,"1440",,"national-universities","usnews.com","MA","69289","northeastern-university","02115"
"50","27",,"3.8","West Lafayette","public","29212","4.4","44819","3.8","1825","true","true","true","Purdue University--Main Campus","30","https://www.usnews.com/best-colleges/purdue-university-west-lafayette","#46","46","2026",,"1200",,"national-universities","usnews.com","IN","28794","purdue-university-west-lafayette","47907"
"38","29",,"3.9","Athens","public","36210","2.7","32399","3.9","1598","true","true","true","University of Georgia","11","https://www.usnews.com/best-colleges/university-of-georgia","#46","46","2026",,"1270",,"national-universities","usnews.com","GA","32336","university-of-georgia","30602"
"40","32",,"3.4","Rochester","private","32553","2.8","6580","3.7","2894","false","true","true","University of Rochester","48","https://www.usnews.com/best-colleges/university-of-rochester","#46","46","2026",,"1410",,"national-universities","usnews.com","NY","70384","university-of-rochester","14627"
"38","32",,"3.5","Cleveland","private","38942","3.4","6528","3.7","3024","false","true","true","Case Western Reserve University","45","https://www.usnews.com/best-colleges/case-western-reserve-university","#51","51","2026",,"1440",,"national-universities","usnews.com","OH","69280","case-western-reserve-university","44106"
"24","29",,"3.4","Tallahassee","public","31888",,"32720","3.7","1489","true","true","true","Florida State University","20","https://www.usnews.com/best-colleges/florida-state-university","#51","51","2026",,"1270",,"national-universities","usnews.com","FL","21683","florida-state-university","32306"
"57","25",,"3.8","College Station","public","36603","3.9","60710",,"10366","true","true","true","Texas A&M University","36","https://www.usnews.com/best-colleges/texas-am-university-college-station","#51","51","2026",,"1150",,"national-universities","usnews.com","TX","40157","texas-am-university-college-station","77843"
"55","28",,"3.4","Blacksburg","public","53494","4","31035",,"3754","true","true","true","Virginia Tech","36","https://www.usnews.com/best-colleges/virginia-tech","#51","51","2026",,"1280",,"national-universities","usnews.com","VA","38310","virginia-tech","24061"
"22","32",,"3.5","Winston-Salem","private","28391","3.6","5490",,"2978","false","true","true","Wake Forest University","22","https://www.usnews.com/best-colleges/wake-forest","#51","51","2026",,"1410",,"national-universities","usnews.com","NC","70332","wake-forest","27109"
"34","32",,"3.3","Williamsburg","public","51825",,"7063","3.9","3705","true","true","true","William & Mary","22","https://www.usnews.com/best-colleges/william-and-mary","#51","51","2026",,"1400",,"national-universities","usnews.com","VA","52154","william-and-mary","23185"
"90",,,,"Merced","public","58093","2.3","8372","3.6","4127","true","true","true","University of California, Merced","41","https://www.usnews.com/best-colleges/university-of-california-merced","#57","57","2026",,,,"national-universities","usnews.com","CA","49094","university-of-california-merced","95343"
"27","32",,"3.4","Villanova","private","38385","2.6","7009","3.9","3388","false","true","true","Villanova University","39","https://www.usnews.com/best-colleges/villanova","#57","57","2026",,"1395",,"national-universities","usnews.com","PA","70826","villanova","19085"
"47","30",,"3.5","Washington","private","46590","2.8","11677",,"1444","false","true","true","George Washington University","42","https://www.usnews.com/best-colleges/george-washington-university","#59","59","2026",,"1350",,"national-universities","usnews.com","DC","70170","george-washington-university","20052"
"61","27",,"3.8","University Park","public","53984","3.8","42619","3.8","6965","true","true","true","The Pennsylvania State University--University Park","20","https://www.usnews.com/best-colleges/penn-state","#59","59","2026",,"1240",,"national-universities","usnews.com","PA","43490","penn-state","16802"
"48","31",,"3.3","Santa Clara","private","46622","2.3","6577","3.7","1326","false","true","true","Santa Clara University","29","https://www.usnews.com/best-colleges/santa-clara-university","#59","59","2026",,"1350",,"national-universities","usnews.com","CA","63514","santa-clara-university","95053"
"49","29",,"3","Stony Brook","public","43785","3","18263","3.8","2838","true","true","true","Stony Brook University--SUNY","22","https://www.usnews.com/best-colleges/stony-brook-suny","#59","59","2026",,"1330",,"national-universities","usnews.com","NY","34911","stony-brook-suny","11794"
"80","26",,"3.9","Minneapolis","public","42944","3.7","41303",,"3969","true","true","true","University of Minnesota--Twin Cities","23","https://www.usnews.com/best-colleges/university-of-minnesota-twin-cities","#59","59","2026",,"1300",,"national-universities","usnews.com","MN","41368","university-of-minnesota-twin-cities","55455"
"85","25",,"3.8","East Lansing","public","57662","3.3","41234","3.7","2290","true","true","true","Michigan State University","24","https://www.usnews.com/best-colleges/michigan-state","#64","64","2026",,"1180",,"national-universities","usnews.com","MI","46094","michigan-state","48824"
"42","28",,"3.2","Raleigh","public","34872","3.5","28422","3.8","2972","true","true","true","North Carolina State University","37","https://www.usnews.com/best-colleges/north-carolina-state-raleigh","#64","64","2026",,"1300",,"national-universities","usnews.com","NC","33993","north-carolina-state-raleigh","27695"
"63","30",,"3.1","Troy","private","71006","3.5","5743","3.8","2803","false","true","true","Rensselaer Polytechnic Institute","54","https://www.usnews.com/best-colleges/rpi","#64","64","2026",,"1375",,"national-universities","usnews.com","NY","66024","rpi","12180"
"60","30",,"3.3","Amherst","public","42431","3.1","23920",,"2221","true","true","true","University of Massachusetts--Amherst","28","https://www.usnews.com/best-colleges/umass-amherst","#64","64","2026",,"1310",,"national-universities","usnews.com","MA","41759","umass-amherst","01003"
"19","30",,"3.5","Coral Gables","private","51028","2.5","13250","3.8","1536","false","true","true","University of Miami","36","https://www.usnews.com/best-colleges/university-of-miami","#64","64","2026",,"1320",,"national-universities","usnews.com","FL","65430","university-of-miami","33146"
"41","31",,"3.1","Waltham","private","30301",,"3632","3.9","2133","false","true","true","Brandeis University","42","https://www.usnews.com/best-colleges/brandeis-university","#69","69","2026",,"1390",,"national-universities","usnews.com","MA","70957","brandeis-university","02454"
"14","31",,"3.5","New Orleans","private","39614","2.6","7283","3.7","2029","false","true","true","Tulane University of Louisiana","28","https://www.usnews.com/best-colleges/tulane-university-of-louisiana","#69","69","2026",,"1400",,"national-universities","usnews.com","LA","71997","tulane-university-of-louisiana","70118"
"52","28",,"3.4","Storrs","public","43070","3","20056",,"29013","true","true","true","University of Connecticut","34","https://www.usnews.com/best-colleges/uconn","#69","69","2026",,"1210",,"national-universities","usnews.com","CT","44004","uconn","06269"
"58","29",,"3.5","Pittsburgh","public",,"3.1","20418","3.9","3379","true","true","true","University of Pittsburgh",,"https://www.usnews.com/best-colleges/university-of-pittsburgh","#69","69","2026",,"1280",,"national-universities","usnews.com","PA","43432","university-of-pittsburgh","15260"
"39","31",,"3","Binghamton","public","39431","2.7","14668","3.9","2836","true","true","true","Binghamton University--SUNY","89","https://www.usnews.com/best-colleges/suny-binghamton","#73","73","2026",,"1340",,"national-universities","usnews.com","NY","30447","suny-binghamton","13902"
"78","27",,"4.2","Bloomington","public","48848",,"38093","3.8","1809","true","true","true","Indiana University--Bloomington","14","https://www.usnews.com/best-colleges/indiana-university-bloomington","#73","73","2026",,"1170",,"national-universities","usnews.com","IN","42295","indiana-university-bloomington","47405"
"38","28",,"3.3","Clemson","public","47698","3.2","23401",,"3425","true","true","true","Clemson University","6","https://www.usnews.com/best-colleges/clemson-university","#75","75","2026",,"1240",,"national-universities","usnews.com","SC","40866","clemson-university","29634"
"71",,,"3","Newark","public","47676",,"7989",,"2631","true","true","true","Rutgers University--Newark","20","https://www.usnews.com/best-colleges/rutgers-university-newark","#75","75","2026",,,,"national-universities","usnews.com","NJ","38937","rutgers-university-newark","07102"
"46","29",,"3.4","Syracuse","private","43586","2.9","15957","3.7","2882","false","true","true","Syracuse University","38","https://www.usnews.com/best-colleges/syracuse-university","#75","75","2026",,"1270",,"national-universities","usnews.com","NY","68429","syracuse-university","13244"
"74","27",,"3.1","Buffalo","public","43868","3.1","20360","3.7","9554","true","true","true","University at Buffalo--SUNY","38","https://www.usnews.com/best-colleges/ub","#75","75","2026",,"1210",,"national-universities","usnews.com","NY","32366","ub","14260"
"77",,,"3.1","Riverside","public","55150","2.7","22599","3.8","1316","true","true","true","University of California, Riverside","2","https://www.usnews.com/best-colleges/university-of-california-riverside","#75","75","2026",,,,"national-universities","usnews.com","CA","52703","university-of-california-riverside","92521"
"61","29",,,"Golden","public","56704","3.4","6195","3.8","1348","true","true","true","Colorado School of Mines","19","https://www.usnews.com/best-colleges/colorado-school-of-mines","#80","80","2026",,"1320",,"national-universities","usnews.com","CO","46906","colorado-school-of-mines","80401"
"79","27",,"3","Philadelphia","private","49185","3","11757","3.8","3256","false","true","true","Drexel University","62","https://www.usnews.com/best-colleges/drexel-university","#80","80","2026",,"1240",,"national-universities","usnews.com","PA","64212","drexel-university","19104"
"65","29",,"2.6","Newark","public","43593","2.8","10200","3.7","2621","true","true","true","New Jersey Institute of Technology","59","https://www.usnews.com/best-colleges/njit","#80","80","2026",,"1240",,"national-universities","usnews.com","NJ","39912","njit","07102"
"48","31",,"2.8","Hoboken","private","47399","2.8","4204","3.9","2639","false","true","true","Stevens Institute of Technology","59","https://www.usnews.com/best-colleges/stevens-institute-of-technology","#80","80","2026",,"1380",,"national-universities","usnews.com","NJ","65606","stevens-institute-of-technology","07030"
"63","29",,"3.3","Malibu","private","52098",,"3553","3.6","1264","false","true","true","Pepperdine University","50","https://www.usnews.com/best-colleges/pepperdine-university","#84","84","2026",,"1290",,"national-universities","usnews.com","CA","72672","pepperdine-university","90263"
"77","25",,"3.2","Chicago","public","46802","2.9","22495","3.6","1776","true","true","true","University of Illinois Chicago","14","https://www.usnews.com/best-colleges/university-of-illinois-chicago","#84","84","2026",,"1130",,"national-universities","usnews.com","IL","33726","university-of-illinois-chicago","60607"
"60",,,"2.6","Worcester","private","44739","3","5558",,"2233","false","true","true","Worcester Polytechnic Institute","51","https://www.usnews.com/best-colleges/wpi","#84","84","2026",,,,"national-universities","usnews.com","MA","63046","wpi","01609"
"56","29",,"2.3","New York","private","28952",,"2331","3.5","2903","false","true","true","Yeshiva University","36","https://www.usnews.com/best-colleges/yeshiva-university","#84","84","2026",,"1350",,"national-universities","usnews.com","NY","53150","yeshiva-university","10033"
"62","29",,"3.2","Washington","private","46400",,"7476",,"1434","false","true","true","American University","44","https://www.usnews.com/best-colleges/american-university","#88","88","2026",,"1280",,"national-universities","usnews.com","DC","61992","american-university","20016"
"51","27",,"3.3","Waco","private","47329","2.4","14915",,"6967","false","true","true","Baylor University","42","https://www.usnews.com/best-colleges/baylor-university","#88","88","2026",,"1200",,"national-universities","usnews.com","TX","63620","baylor-university","76798"
"41","23",,"3.1","Washington","private","53176","2.5","11519","3.8","1448","false","true","true","Howard University","57","https://www.usnews.com/best-colleges/howard-university","#88","88","2026",,"1130",,"national-universities","usnews.com","DC","38936","howard-university","20059"
"81","26",,"3","Milwaukee","private","37797","2.4","8045","3.6","3863","false","true","true","Marquette University","52","https://www.usnews.com/best-colleges/marquette-university","#88","88","2026",,"1200",,"national-universities","usnews.com","WI","53270","marquette-university","53233"
"67","30",,"3.2","Rochester","private","38312","3.1","14267","3.9","2806","false","true","true","Rochester Institute of Technology","69","https://www.usnews.com/best-colleges/rit","#88","88","2026",,"1300",,"national-universities","usnews.com","NY","61804","rit","14623"
"63","30",,"3.4","Dallas","private","39885","2.5","7285","3.7","3613","false","true","true","Southern Methodist University","30","https://www.usnews.com/best-colleges/smu","#88","88","2026",,"1340",,"national-universities","usnews.com","TX","69722","smu","75205"
"66",,,,"Santa Cruz","public","60453","2.6","17940","3.9","1321","true","true","true","University of California, Santa Cruz","18","https://www.usnews.com/best-colleges/university-of-california-santa-cruz","#88","88","2026",,,,"national-universities","usnews.com","CA","54105","university-of-california-santa-cruz","95064"
"69","28",,"3.1","Newark","public","45974","3.2","19287","3.9","1431","true","true","true","University of Delaware","46","https://www.usnews.com/best-colleges/university-of-delaware","#88","88","2026",,"1200",,"national-universities","usnews.com","DE","43220","university-of-delaware","19716"
"43","24",,"3","Tampa","public","24794","2.5","38525",,"1537","true","true","true","University of South Florida","21","https://www.usnews.com/best-colleges/university-of-south-florida","#88","88","2026",,"1130",,"national-universities","usnews.com","FL","17324","university-of-south-florida","33620"
"55","21",,"3","Miami","public","28691","2.4","44904","3.5","9635","true","true","true","Florida International University","37","https://www.usnews.com/best-colleges/fiu","#97","97","2026",,"1070",,"national-universities","usnews.com","FL","18964","fiu","33199"
"59","30",,"3.2","New York","private","58057",,"10582","3.6","2722","false","true","true","Fordham University","77","https://www.usnews.com/best-colleges/fordham-university","#97","97","2026",,"1320",,"national-universities","usnews.com","NY","67452","fordham-university","10023"
"66","19",,"2.9","Camden","public","45637",,"3857",,"4741","true","true","true","Rutgers University--Camden","36","https://www.usnews.com/best-colleges/rutgers-university-camden","#97","97","2026",,"1050",,"national-universities","usnews.com","NJ","39476","rutgers-university-camden","08102"
"44","28",,"3.2","Fort Worth","private","36837","2.8","11049",,"3636","false","true","true","Texas Christian University","36","https://www.usnews.com/best-colleges/texas-christian-university","#97","97","2026",,"1200",,"national-universities","usnews.com","TX","63590","texas-christian-university","76129"
"76","27",,"3.7","Boulder","public","49618","3.7","33384","3.8","1370","true","true","true","University of Colorado Boulder","9","https://www.usnews.com/best-colleges/university-of-colorado-boulder","#97","97","2026",,"1190",,"national-universities","usnews.com","CO","44748","university-of-colorado-boulder","80309"
"46","26",,"3.4","Auburn","public","48387","3.1","27907",,"1009","true","true","true","Auburn University","14","https://www.usnews.com/best-colleges/auburn-university","#102","102","2026",,"1250",,"national-universities","usnews.com","AL","36022","auburn-university","36849"
"82","27",,"3.1","Spokane","private","60558","3.5","5281","3.7","3778","false","true","true","Gonzaga University","42","https://www.usnews.com/best-colleges/gonzaga-university","#102","102","2026",,"1190",,"national-universities","usnews.com","WA","57250","gonzaga-university","99258"
"45","28",,"3.1","Los Angeles","private","54946","3.5","7273","3.9","11649","false","true","true","Loyola Marymount University","42","https://www.usnews.com/best-colleges/loyola-marymount-university","#102","102","2026",,"1260",,"national-universities","usnews.com","CA","65367","loyola-marymount-university","90045"
"75","25",,"3","St. Louis","private","37000","2.1","10436","3.8","2506","false","true","true","Saint Louis University","59","https://www.usnews.com/best-colleges/saint-louis-university","#102","102","2026",,"1200",,"national-universities","usnews.com","MO","57960","saint-louis-university","63103"
"80","23",,"3.1","Philadelphia","public","39308","2.4","21428","3.4","3371","true","true","true","Temple University","54","https://www.usnews.com/best-colleges/temple-university","#102","102","2026",,"1180",,"national-universities","usnews.com","PA","40144","temple-university","19122"
"84","21",,"3.7","Iowa City","public","36057","2.9","22738","3.8","1892","true","true","true","University of Iowa","35","https://www.usnews.com/best-colleges/university-of-iowa","#102","102","2026",,"1130",,"national-universities","usnews.com","IA","33710","university-of-iowa","52242"
"78","23",,"3.3","Columbia","public","31530","2.6","24449",,"2516","true","true","true","University of Missouri","42","https://www.usnews.com/best-colleges/university-of-missouri","#102","102","2026",,"1150",,"national-universities","usnews.com","MO","37820","university-of-missouri","65211"
"42","25",,"3.6","Knoxville","public","44233","3","30564","3.7","3530","true","true","true","University of Tennessee--Knoxville","67","https://www.usnews.com/best-colleges/university-of-tennessee-knoxville","#102","102","2026",,"1200",,"national-universities","usnews.com","TN","32956","university-of-tennessee-knoxville","37996"
"68","28",,"3.6","Provo","private","14916","2.6","32952","3.9","3670","false","true","true","Brigham Young University","34","https://www.usnews.com/best-colleges/byu","#110","110","2026",,"1270",,"national-universities","usnews.com","UT","6888","byu","84602"
"65","28",,"2.7","Orange","private","61513",,"7713",,"1164","false","true","true","Chapman University","47","https://www.usnews.com/best-colleges/chapman-university","#110","110","2026",,"1260",,"national-universities","usnews.com","CA","67894","chapman-university","92866"
"77","23",,"3.4","Norman","public","42379","2.6","23351","3.6","3184","true","true","true","The University of Oklahoma","15","https://www.usnews.com/best-colleges/the-university-of-oklahoma","#110","110","2026",,"1140",,"national-universities","usnews.com","OK","27467","the-university-of-oklahoma","73019"
"88","23",,"3.5","Eugene","public","54000",,"20622","3.7","3223","true","true","true","University of Oregon","13","https://www.usnews.com/best-colleges/university-of-oregon","#110","110","2026",,"1130",,"national-universities","usnews.com","OR","43919","university-of-oregon","97403"
"52",,,"3.1","San Diego","private","33690","3.6","5851",,"10395","false","true","true","University of San Diego","53","https://www.usnews.com/best-colleges/university-of-san-diego","#110","110","2026",,,,"national-universities","usnews.com","CA","62420","university-of-san-diego","92110"
"62","25",,"2.9","San Francisco","private","48664",,"5321","3.6","1325","false","true","true","University of San Francisco","60","https://www.usnews.com/best-colleges/university-of-san-francisco","#110","110","2026",,"1190",,"national-universities","usnews.com","CA","62312","university-of-san-francisco","94117"
"65","24",,"3.4","Richardson","public","44273","2.8","21858",,"9741","true","true","true","The University of Texas--Dallas","25","https://www.usnews.com/best-colleges/the-university-of-texas-dallas","#110","110","2026",,"1160",,"national-universities","usnews.com","TX","40164","the-university-of-texas-dallas","75080"
"90","19",,"3.8","Tempe","public","51356","3.5","65450","3.5","1081","true","true","true","Arizona State University","27","https://www.usnews.com/best-colleges/arizona-state-university","#117","117","2026",,"1120",,"national-universities","usnews.com","AZ","35167","arizona-state-university","85287"
"80","26",,"3.1","Omaha","private","40377",,"4647","3.9","2542","false","true","true","Creighton University","40","https://www.usnews.com/best-colleges/creighton-university","#117","117","2026",,"1243",,"national-universities","usnews.com","NE","50960","creighton-university","68178"
"66","23",,"2.8","Elon","private","42825","2.9","6452","3.9","2927","false","true","true","Elon University","29","https://www.usnews.com/best-colleges/elon-university","#117","117","2026",,"1130",,"national-universities","usnews.com","NC","48723","elon-university","27244"
"87","25",,"3.1","Fairfax","public","52493","2.6","28331","3.7","3749","true","true","true","George Mason University","22","https://www.usnews.com/best-colleges/gmu","#117","117","2026",,"1160",,"national-universities","usnews.com","VA","39212","gmu","22030"
"55","26",,"2.5","Chicago","private","32443","2.7","3135",,"1691","false","true","true","Illinois Institute of Technology","67","https://www.usnews.com/best-colleges/illinois-institute-of-technology","#117","117","2026",,"1180",,"national-universities","usnews.com","IL","53398","illinois-institute-of-technology","60616"
"89","21",,"3","Ames","public","34791","3.2","25628","3.8","1869","true","true","true","Iowa State University of Science and Technology","31","https://www.usnews.com/best-colleges/iowa-state-university","#117","117","2026",,"1120",,"national-universities","usnews.com","IA","30140","iowa-state-university","50011"
"36",,,"3.3","San Diego","public","41718","2.6","34637",,"1151","true","true","true","San Diego State University","21","https://www.usnews.com/best-colleges/san-diego-state-university","#117","117","2026",,,,"national-universities","usnews.com","CA","22500","san-diego-state-university","92182"
"45","25",,"3","Orlando","public","32889","2.8","59649","3.9","3954","true","true","true","University of Central Florida","20","https://www.usnews.com/best-colleges/ucf","#117","117","2026",,"1200",,"national-universities","usnews.com","FL","24076","ucf","32816"
"77","28",,"3.1","Denver","private","41347","2","6619","3.7","1371","false","true","true","University of Denver","39","https://www.usnews.com/best-colleges/university-of-denver","#117","117","2026",,"1190",,"national-universities","usnews.com","CO","63246","university-of-denver","80208"
"88","26",,"2.9","Durham","public","39118","2.4","11365","3.6","2589","true","true","true","University of New Hampshire","54","https://www.usnews.com/best-colleges/university-of-new-hampshire","#117","117","2026",,"1090",,"national-universities","usnews.com","NH","40844","university-of-new-hampshire","03824"
"46",,,"2.6","Long Beach","public",,"3.4","35843","3.7","1139","true","true","true","California State University, Long Beach",,"https://www.usnews.com/best-colleges/california-state-university-long-beach","#127","127","2026",,,,"national-universities","usnews.com","CA","19856","california-state-university-long-beach","90840"
"69","24",,"2.7","Albany","public","35792","2.3","12666","3.7","2835","true","true","true","University at Albany--SUNY","59","https://www.usnews.com/best-colleges/suny-albany","#127","127","2026",,"1150",,"national-universities","usnews.com","NY","31826","suny-albany","12222"
"86","21",,"3.7","Tucson","public","40811","3.2","45025","3.5","1083","true","true","true","University of Arizona","35","https://www.usnews.com/best-colleges/university-of-arizona","#127","127","2026",,"1150",,"national-universities","usnews.com","AZ","39903","university-of-arizona","85721"
"72","25",,,"Baltimore","public","38349","2.6","10767","3.9","2105","true","true","true","University of Maryland Baltimore County","64","https://www.usnews.com/best-colleges/umbc","#127","127","2026",,"1240",,"national-universities","usnews.com","MD","31225","umbc","21250"
"60","26",,"3.5","Columbia","public","45050","2.5","30187","3.7","3448","true","true","true","University of South Carolina","22","https://www.usnews.com/best-colleges/university-of-south-carolina","#127","127","2026",,"1180",,"national-universities","usnews.com","SC","37376","university-of-south-carolina","29208"
"40","30",,"2.5","Worcester","private","31884",,"2266","3.8","2139","false","true","true","Clark University","63","https://www.usnews.com/best-colleges/clark-university","#132","132","2026",,"1288",,"national-universities","usnews.com","MA","60740","clark-university","01610"
"60",,,,"New York","public","39329","2.5","12982","3.4","2688","true","true","true","CUNY--City College","55","https://www.usnews.com/best-colleges/cuny-city-college","#132","132","2026",,"1070",,"national-universities","usnews.com","NY","19010","cuny-city-college","10031"
"82","27",,"3.2","Chicago","private","42066","3.1","12538","3.9","1710","false","true","true","Loyola University Chicago","59","https://www.usnews.com/best-colleges/loyola-university-chicago","#132","132","2026",,"1170",,"national-universities","usnews.com","IL","56060","loyola-university-chicago","60660"
"81","25",,,"Philadelphia","private","37945",,"3772","3.7","12393","false","true","true","Thomas Jefferson University","74","https://www.usnews.com/best-colleges/thomas-jefferson-university","#132","132","2026",,"1160",,"national-universities","usnews.com","PA","49450","thomas-jefferson-university","19107"
"88","23",,"3","Birmingham","public","41805","2.4","11959","3.8","1052","true","true","true","University of Alabama at Birmingham","23","https://www.usnews.com/best-colleges/university-of-alabama-at-birmingham","#132","132","2026",,"1210",,"national-universities","usnews.com","AL","29480","university-of-alabama-at-birmingham","35294"
"74","23",,"3.1","Houston","public","34529","2.8","39257","3.5","3652","true","true","true","University of Houston","30","https://www.usnews.com/best-colleges/university-of-houston","#132","132","2026",,"1160",,"national-universities","usnews.com","TX","27776","university-of-houston","77204"
"65","30",,"2.9","Burlington","public","39597","2.3","12276",,"3696","true","true","true","University of Vermont","39","https://www.usnews.com/best-colleges/university-of-vermont","#132","132","2026",,"1290",,"national-universities","usnews.com","VT","47554","university-of-vermont","05405"
"91","21",,"2.8","Fullerton","public","33319","3","38597","3.4","1137","true","true","true","California State University--Fullerton","4","https://www.usnews.com/best-colleges/california-state-university-fullerton","#139","139","2026",,"860",,"national-universities","usnews.com","CA","18438","california-state-university-fullerton","92831"
"33","29",,"2.9","Fairfield","private","50471","2.6","5391","3.8","1385","false","true","true","Fairfield University","34","https://www.usnews.com/best-colleges/fairfield-university","#139","139","2026",,"1260",,"national-universities","usnews.com","CT","60410","fairfield-university","06824"
"71","23",,"2.3","Stockton","private","35925","2.7","3249","3.6","1329","false","true","true","University of the Pacific","67","https://www.usnews.com/best-colleges/university-of-the-pacific","#139","139","2026",,"1183",,"national-universities","usnews.com","CA","58844","university-of-the-pacific","95211"
"92","22",,"2.9","Richmond","public","39144","2.5","21210","3.6","3735","true","true","true","Virginia Commonwealth University","41","https://www.usnews.com/best-colleges/virginia-commonwealth-university","#139","139","2026",,"1010",,"national-universities","usnews.com","VA","39714","virginia-commonwealth-university","23284"
"77","25",,"2.5","Potsdam","private","39738","2.5","2296","3.8","2699","false","true","true","Clarkson University","69","https://www.usnews.com/best-colleges/clarkson-university","#143","143","2026",,"1200",,"national-universities","usnews.com","NY","61148","clarkson-university","13699"
"75","25",,"3.1","Oxford","public","52930","3.2","16816","3.8","7104","true","true","true","Miami University--Oxford","11","https://www.usnews.com/best-colleges/miami-university","#143","143","2026",,"1220",,"national-universities","usnews.com","OH","40460","miami-university","45056"
"77","24",,"3","Corvallis","public","45782","3","31253","3.7","3210","true","true","true","Oregon State University","41","https://www.usnews.com/best-colleges/oregon-state","#143","143","2026",,"1140",,"national-universities","usnews.com","OR","40077","oregon-state","97331"
"61","24",,,"New York","private","33908",,"4872","3.2","10142","false","true","true","Touro University","50","https://www.usnews.com/best-colleges/touro-university","#143","143","2026",,"1218",,"national-universities","usnews.com","NY","23100","touro-university","10036"
"65","26",,"2.7","Dayton","private","28899","2.3","7737",,"3127","false","true","true","University of Dayton","53","https://www.usnews.com/best-colleges/university-of-dayton","#143","143","2026",,"1200",,"national-universities","usnews.com","OH","50610","university-of-dayton","45469"
"93","20",,"3.3","Lawrence","public","33081","2.7","22085","3.7","1948","true","true","true","University of Kansas","34","https://www.usnews.com/best-colleges/university-of-kansas","#143","143","2026",,"1070",,"national-universities","usnews.com","KS","30432","university-of-kansas","66045"
"93","21",,"3.3","Lexington","public","51168","2.7","25534","3.6","1989","true","true","true","University of Kentucky","15","https://www.usnews.com/best-colleges/university-of-kentucky","#143","143","2026",,"1070",,"national-universities","usnews.com","KY","35164","university-of-kentucky","40506"
"80","21",,"2.9","Charlotte","public","34051","2.4","24868","3.5","2975","true","true","true","University of North Carolina at Charlotte","30","https://www.usnews.com/best-colleges/university-of-north-carolina-at-charlotte","#143","143","2026",,"1140",,"national-universities","usnews.com","NC","22274","university-of-north-carolina-at-charlotte","28223"
"89",,,"3.1","Fort Collins","public","50428","2.8","26221","3.7","1350","true","true","true","Colorado State University","17","https://www.usnews.com/best-colleges/colorado-state-university","#151","151","2026",,,,"national-universities","usnews.com","CO","36113","colorado-state-university","80523"
"72","24",,"3","Harrisonburg","public",,"3.3","21112",,"3721","true","true","true","James Madison University",,"https://www.usnews.com/best-colleges/james-madison-university","#151","151","2026",,"1170",,"national-universities","usnews.com","VA","31596","james-madison-university","22807"
"77","23",,"2.7","Seattle","private","35277","3.1","4103","3.6","3790","false","true","true","Seattle University","54","https://www.usnews.com/best-colleges/seattle-university","#151","151","2026",,"1200",,"national-universities","usnews.com","WA","58965","seattle-university","98122"
"83","24",,"3","Queens","private","67734",,"15640","3.5","2823","false","true","true","St. John's University","56","https://www.usnews.com/best-colleges/st-johns-university","#151","151","2026",,"1150",,"national-universities","usnews.com","NY","55640","st-johns-university","11439"
"83","25",,"2.7","Lowell","public","34249","2.4","12122","3.7","2161","true","true","true","University of Massachusetts--Lowell","45","https://www.usnews.com/best-colleges/university-of-massachusetts-lowell","#151","151","2026",,"1180",,"national-universities","usnews.com","MA","37460","university-of-massachusetts-lowell","01854"
"72",,,"2.7","Kingston","public","44079","2.3","14376","3.6","3414","true","true","true","University of Rhode Island","75","https://www.usnews.com/best-colleges/university-of-rhode-island","#151","151","2026",,"1020",,"national-universities","usnews.com","RI","38398","university-of-rhode-island","02881"
"86","22",,"3.5","Salt Lake City","public","43883","3","28064","3.6","3675","true","true","true","University of Utah","16","https://www.usnews.com/best-colleges/university-of-utah","#151","151","2026",,"1190",,"national-universities","usnews.com","UT","35198","university-of-utah","84112"
"82","20",,"2.9","Manhattan","public","30284","2.6","15650","3.8","1928","true","true","true","Kansas State University","43","https://www.usnews.com/best-colleges/kansas-state-university","#158","158","2026",,"1060",,"national-universities","usnews.com","KS","28568","kansas-state-university","66506"
"84","25",,"2.2","Houghton","public","49411","2.9","6022","3.8","2292","true","true","true","Michigan Technological University","37","https://www.usnews.com/best-colleges/michigan-tech","#158","158","2026",,"1130",,"national-universities","usnews.com","MI","44878","michigan-tech","49931"
"88",,,"2.2","Montclair","public","40197",,"18712","3.3","2617","true","true","true","Montclair State University","24","https://www.usnews.com/best-colleges/montclair-state-university","#158","158","2026",,"910",,"national-universities","usnews.com","NJ","27570","montclair-state-university","07043"
"73","27",,"3","South Orange","private",,,"6146","3.7","2632","false","true","true","Seton Hall University",,"https://www.usnews.com/best-colleges/seton-hall-university-new-jersey","#158","158","2026",,"1220",,"national-universities","usnews.com","NJ","55040","seton-hall-university-new-jersey","07079"
"89","21",,,"Galloway","public","41736",,"7565","3.5","9345","true","true","true","Stockton University","30","https://www.usnews.com/best-colleges/stockton-university","#158","158","2026",,"1030",,"national-universities","usnews.com","NJ","25258","stockton-university","08205"
"63",,,,"Syracuse","public","37983",,"1984","3.7","2851","true","true","true","SUNY College of Environmental Science and Forestry","57","https://www.usnews.com/best-colleges/suny-college-of-environmental-science-and-forestry","#158","158","2026",,,,"national-universities","usnews.com","NY","23220","suny-college-of-environmental-science-and-forestry","13210"
"85","24",,"3.1","Cincinnati","public",,"2.7","33572",,"3125","true","true","true","University of Cincinnati",,"https://www.usnews.com/best-colleges/university-of-cincinnati","#158","158","2026",,"1160",,"national-universities","usnews.com","OH","31406","university-of-cincinnati","45221"
"79","19",,"3","Louisville","public","36007","2.4","17086","3.6","1999","true","true","true","University of Louisville","46","https://www.usnews.com/best-colleges/university-of-louisville","#158","158","2026",,"1040",,"national-universities","usnews.com","KY","29482","university-of-louisville","40292"
"87","22",,"3.3","Lincoln","public",,"2.7","19701","3.5","2565","true","true","true","University of Nebraska -- Lincoln",,"https://www.usnews.com/best-colleges/university-of-nebraska","#158","158","2026",,"1098",,"national-universities","usnews.com","NE","28764","university-of-nebraska","68588"
"86","23",,"2.6","St Paul","private","39964","3.3","6305","3.7","2345","false","true","true","University of St. Thomas","56","https://www.usnews.com/best-colleges/university-of-st-thomas","#158","158","2026",,"1150",,"national-universities","usnews.com","MN","56460","university-of-st-thomas","55105"
"62","25",,"2.5","Tulsa","private","38494","2","2852","3.7","3185","false","true","true","University of Tulsa","51","https://www.usnews.com/best-colleges/university-of-tulsa","#158","158","2026",,"1223",,"national-universities","usnews.com","OK","52026","university-of-tulsa","74104"
"83","23",,,"Washington","private","40751",,"3177","3.5","1437","false","true","true","The Catholic University of America","58","https://www.usnews.com/best-colleges/the-catholic-university-of-america","#169","169","2026",,"1100",,"national-universities","usnews.com","DC","60416","the-catholic-university-of-america","20064"
"76","25",,"3.1","Chicago","private","39259",,"14188","3.8","1671","false","true","true","DePaul University","66","https://www.usnews.com/best-colleges/depaul-university","#169","169","2026",,"1140",,"national-universities","usnews.com","IL","47676","depaul-university","60604"
"84","26",,"2.7","Pittsburgh","private","48373","2.9","5371","3.8","3258","false","true","true","Duquesne University","59","https://www.usnews.com/best-colleges/duquesne-university","#169","169","2026",,"1180",,"national-universities","usnews.com","PA","51068","duquesne-university","15282"
"21","20",,,"Tallahassee","public","29128",,"7890","3.8","1480","true","true","true","Florida A&M University","14","https://www.usnews.com/best-colleges/florida-am-university","#169","169","2026",,"1030",,"national-universities","usnews.com","FL","17725","florida-am-university","32307"
"73","24",,"3.1","Baton Rouge","public","37730","2.6","34242","3.8","2010","true","true","true","Louisiana State University and Agricultural & Mechanical College","44","https://www.usnews.com/best-colleges/louisiana-state-university-and-agricultural--mechanical-college","#169","169","2026",,"1180",,"national-universities","usnews.com","LA","29229","louisiana-state-university-and-agricultural--mechanical-college","70803"
"69","25",,"2.5","Macon","private","30391","3","4690","3.8","1580","false","true","true","Mercer University","70","https://www.usnews.com/best-colleges/mercer-university","#169","169","2026",,"1160",,"national-universities","usnews.com","GA","43570","mercer-university","31207"
"78","23",,"2.3","Glassboro","public","35180","2.5","16199","3.5","2609","true","true","true","Rowan University","41","https://www.usnews.com/best-colleges/rowan-university","#169","169","2026",,"1110",,"national-universities","usnews.com","NJ","28252","rowan-university","08028"
"77","24",,"3.4","Tuscaloosa","public","37870","2.7","34389","3.9","1051","true","true","true","The University of Alabama","25","https://www.usnews.com/best-colleges/university-of-alabama","#169","169","2026",,"1170",,"national-universities","usnews.com","AL","35342","university-of-alabama","35487"
"87","17",,"3","Honolulu","public",,"2.2","15375","3.7","1610","true","true","true","University of Hawaii at Manoa",,"https://www.usnews.com/best-colleges/university-of-hawaii-manoa","#169","169","2026",,"1081",,"national-universities","usnews.com","HI","34218","university-of-hawaii-manoa","96822"
"97","21",,"3","University","public","37205","2.2","21585","3.5","2440","true","true","true","University of Mississippi","25","https://www.usnews.com/best-colleges/university-of-mississippi","#169","169","2026",,"1000",,"national-universities","usnews.com","MS","30310","university-of-mississippi","38677"
"93",,,"2.3","San Bernardino","public","32216","2.6","14993","3.4","1142","true","true","true","California State University--San Bernardino","85","https://www.usnews.com/best-colleges/california-state-university-san-bernardino","#179","179","2026",,"820",,"national-universities","usnews.com","CA","21842","california-state-university-san-bernardino","92407"
"72","24",,"2.9","Hamden","private","44491","2.9","6557","3.6","1402","false","true","true","Quinnipiac University","59","https://www.usnews.com/best-colleges/quinnipiac-university","#179","179","2026",,"1150",,"national-universities","usnews.com","CT","57700","quinnipiac-university","06518"
"82","22",,"2.5","Birmingham","private","36521",,"4210","3.8","1036","false","true","true","Samford University","39","https://www.usnews.com/best-colleges/samford-university","#179","179","2026",,"1070",,"national-universities","usnews.com","AL","41910","samford-university","35229"
"81","23",,"2.7","Detroit","public","39771","2.5","16467","3.4","2329","true","true","true","Wayne State University","23","https://www.usnews.com/best-colleges/wayne-state-university","#179","179","2026",,"1060",,"national-universities","usnews.com","MI","36208","wayne-state-university","48202"
"77",,,"2.5","Peoria","private","29213","3.1","3596","3.8","1641","false","true","true","Bradley University","68","https://www.usnews.com/best-colleges/bradley-university","#183","183","2026",,,,"national-universities","usnews.com","IL","43850","bradley-university","61625"
"94",,,"2.5","Fresno","public","15952","3","21889","3.4","1147","true","true","true","California State University--Fresno","19","https://www.usnews.com/best-colleges/california-state-university-fresno","#183","183","2026",,,,"national-universities","usnews.com","CA","8224","california-state-university-fresno","93740"
"64","24",,"2.6","Des Moines","private","36093",,"2585","3.7","1860","false","true","true","Drake University","58","https://www.usnews.com/best-colleges/drake-university","#183","183","2026",,"1110",,"national-universities","usnews.com","IA","52130","drake-university","50311"
"66","21",,"2.8","Boca Raton","public","37025","2.1","24942","3.8","1481","true","true","true","Florida Atlantic University","36","https://www.usnews.com/best-colleges/florida-atlantic-university","#183","183","2026",,"1040",,"national-universities","usnews.com","FL","21655","florida-atlantic-university","33431"
"68","27",,"2.8","Hempstead","private","47894","3.1","6581","3.8","2732","false","true","true","Hofstra University","64","https://www.usnews.com/best-colleges/hofstra-university","#183","183","2026",,"1230",,"national-universities","usnews.com","NY","59960","hofstra-university","11549"
"70","26",,,"Boston","private","31610",,"1675","3.6","2208","false","true","true","Simmons University","73","https://www.usnews.com/best-colleges/simmons-university","#183","183","2026",,"1215",,"national-universities","usnews.com","MA","48240","simmons-university","02115"
"74","21",,"3.5","Fayetteville","public","44943","2.6","28859","3.8","1108","true","true","true","University of Arkansas","16","https://www.usnews.com/best-colleges/university-of-arkansas","#183","183","2026",,"1030",,"national-universities","usnews.com","AR","31550","university-of-arkansas","72701"
"75","22",,"2.3","Detroit","private","20173",,"3422","3.7","2323","false","true","true","University of Detroit Mercy","65","https://www.usnews.com/best-colleges/university-of-detroit-mercy","#183","183","2026",,"1030",,"national-universities","usnews.com","MI","33606","university-of-detroit-mercy","48221"
"76","20",,"2.8","Moscow","public","26797","2.1","9574","3.5","1626","true","true","true","University of Idaho","39","https://www.usnews.com/best-colleges/university-of-idaho","#183","183","2026",,"990",,"national-universities","usnews.com","ID","28636","university-of-idaho","83844"
"89","19",,"2.6","Greenville","public","32702","2.9","21445","3.3","2923","true","true","true","East Carolina University","48","https://www.usnews.com/best-colleges/east-carolina-university","#192","192","2026",,"1050",,"national-universities","usnews.com","NC","23714","east-carolina-university","27858"
"76","21",,,"Indianapolis","public","41757",,"14504","3.5","1813","true","true","true","Indiana University Indianapolis","36","https://www.usnews.com/best-colleges/indiana-university-indianapolis","#192","192","2026",,"1030",,"national-universities","usnews.com","IN","35227","indiana-university-indianapolis","46202"
"73","25",,"2.5","Rolla","public",,"2.9","5552","3.8","2517","true","true","true","Missouri University of Science and Technology",,"https://www.usnews.com/best-colleges/missouri-university-of-science-and-technology","#192","192","2026",,"1190",,"national-universities","usnews.com","MO","35118","missouri-university-of-science-and-technology","65409"
"66","23",,"2.2","Rochester","private","31627",,"2583","3.5","2821","false","true","true","St. John Fisher University","71","https://www.usnews.com/best-colleges/st-john-fisher-university","#192","192","2026",,"1120",,"national-universities","usnews.com","NY","43174","st-john-fisher-university","14618"
"74","19",,"2.6","Reno","public",,"2.2","19122","3.4","2568","true","true","true","University of Nevada--Reno",,"https://www.usnews.com/best-colleges/university-of-nevada-reno","#192","192","2026",,"1060",,"national-universities","usnews.com","NV","28930","university-of-nevada-reno","89557"
"87",,,"3.1","Pullman","public","32549","2.8","21455","3.4","3800","true","true","true","Washington State University","43","https://www.usnews.com/best-colleges/washington-state","#192","192","2026",,,,"national-universities","usnews.com","WA","30994","washington-state","99164"
"66","24",,"2.3","Garden City","private",,,"5325","3.7","2666","false","true","true","Adelphi University",,"https://www.usnews.com/best-colleges/adelphi-university","#198","198","2026",,"1120",,"national-universities","usnews.com","NY","49110","adelphi-university","11530"
"58","14",,,"Washington","private","20522",,"875","3.3","1443","false","true","true","Gallaudet University","90","https://www.usnews.com/best-colleges/gallaudet-university","#198","198","2026",,"780",,"national-universities","usnews.com","DC","20206","gallaudet-university","20002"
"55","19",,"3.4","Atlanta","public","42314",,"27438","3.6","1574","true","true","true","Georgia State University","34","https://www.usnews.com/best-colleges/georgia-state-university","#198","198","2026",,"940",,"national-universities","usnews.com","GA","31320","georgia-state-university","30302"
"85","22",,"2.8","Athens","public","31823","2.2","19888","3.6","3100","true","true","true","Ohio University","39","https://www.usnews.com/best-colleges/ohio-university","#198","198","2026",,"1090",,"national-universities","usnews.com","OH","25796","ohio-university","45701"
"75","20",,"3.2","Stillwater","public","34604","2.5","22351","3.5","3170","true","true","true","Oklahoma State University","38","https://www.usnews.com/best-colleges/oklahoma-state","#198","198","2026",,"1040",,"national-universities","usnews.com","OK","24764","oklahoma-state","74078"
"73","23",,"3","Lubbock","public","30782","2.6","32580","3.6","3644","true","true","true","Texas Tech University","30","https://www.usnews.com/best-colleges/texas-tech-university","#198","198","2026",,"1090",,"national-universities","usnews.com","TX","24152","texas-tech-university","79409"
"89","22",,"2.8","Greensboro","public","32003",,"14416","3.6","2976","true","true","true","University of North Carolina--Greensboro","1","https://www.usnews.com/best-colleges/university-of-north-carolina-greensboro","#198","198","2026",,"1150",,"national-universities","usnews.com","NC","24014","university-of-north-carolina-greensboro","27402"
"64","24",,"2.5","Wilmington","public","40579",,"15254",,"2984","true","true","true","University of North Carolina--Wilmington","6","https://www.usnews.com/best-colleges/university-of-north-carolina-wilmington","#198","198","2026",,"1230",,"national-universities","usnews.com","NC","25420","university-of-north-carolina-wilmington","28403"
"90","18",,,"Houston","private","24485",,"3395","3.6","3654","false","true","true","University of St. Thomas","65","https://www.usnews.com/best-colleges/university-of-st-thomas","#198","198","2026",,"980",,"national-universities","usnews.com","TX","35754","university-of-st-thomas","77006"
"89","23",,"2.6","Valparaiso","private","28093","3.4","2123","3.7","1842","false","true","true","Valparaiso University","75","https://www.usnews.com/best-colleges/valparaiso-university","#198","198","2026",,"1060",,"national-universities","usnews.com","IN","50390","valparaiso-university","46383"
"78","21",,"2.9","Mississippi State","public","41994","2.6","18567","3.6","2423","true","true","true","Mississippi State University","20","https://www.usnews.com/best-colleges/mississippi-state-university","#208","208","2026",,"1100",,"national-universities","usnews.com","MS","28736","mississippi-state-university","39762"
"90",,,"2.1","Moon Township","private","25380","2.3","4316",,"3359","false","true","true","Robert Morris University","66","https://www.usnews.com/best-colleges/robert-morris-university-pennsylvania","#208","208","2026",,,,"national-universities","usnews.com","PA","37150","robert-morris-university-pennsylvania","15108"
"90",,,"2.6","San Francisco","public",,"3","19638",,"1154","true","true","true","San Francisco State University",,"https://www.usnews.com/best-colleges/san-francisco-state-university","#208","208","2026",,,,"national-universities","usnews.com","CA",,"san-francisco-state-university","94132"
"72","19",,"2.6","Denton","public","32607","2","34458",,"3594","true","true","true","University of North Texas","2","https://www.usnews.com/best-colleges/unt","#208","208","2026",,"980",,"national-universities","usnews.com","TX","23963","unt","76203"
"87","22",,"2.7","Cincinnati","private","35051","2.8","4239","3.6","3144","false","true","true","Xavier University","32","https://www.usnews.com/best-colleges/xavier-university","#208","208","2026",,"1103",,"national-universities","usnews.com","OH","52710","xavier-university","45207"
"85","20",,"2.7","Muncie","public","39797",,"15189","3.5","1786","true","true","true","Ball State University","24","https://www.usnews.com/best-colleges/ball-state-university","#213","213","2026",,"1080",,"national-universities","usnews.com","IN","29630","ball-state-university","47306"
"95","24",,"2.6","Nashville","private","34807",,"7167","3.8","3479","false","true","true","Belmont University","54","https://www.usnews.com/best-colleges/belmont-university","#213","213","2026",,"1160",,"national-universities","usnews.com","TN","43750","belmont-university","37212"
"62","21",,,"Pittsburgh","private","58289",,"1555","3.6","3244","false","true","true","Chatham University","40","https://www.usnews.com/best-colleges/chatham-university","#213","213","2026",,"1070",,"national-universities","usnews.com","PA","45986","chatham-university","15232"
"63",,,,"New York","private","74306",,"6682","3.4","20662","false","true","true","The New School","28","https://www.usnews.com/best-colleges/the-new-school","#213","213","2026",,,,"national-universities","usnews.com","NY","61208","the-new-school","10011"
"53","10",,,"Troy","private","30535",,"1255","3.2","2810","false","true","true","Russell Sage College","84","https://www.usnews.com/best-colleges/russell-sage-college","#213","213","2026",,"1020",,"national-universities","usnews.com","NY","39812","russell-sage-college","12180"
"71","18",,,"La Verne","private","53379",,"3050",,"1216","false","true","true","University of La Verne","78","https://www.usnews.com/best-colleges/university-of-la-verne","#213","213","2026",,"986",,"national-universities","usnews.com","CA","49550","university-of-la-verne","91750"
"84","24",,"2.8","Boston","public",,"3","12138","3.5","2222","true","true","true","University of Massachusetts--Boston",,"https://www.usnews.com/best-colleges/umass-boston","#213","213","2026",,"1100",,"national-universities","usnews.com","MA","38281","umass-boston","02125"
"94","15",,"2.2","Edinburg","public",,"2.3","28674",,"666978","true","true","true","The University of Texas--Rio Grande Valley",,"https://www.usnews.com/best-colleges/the-university-of-texas-rio-grande-valley","#213","213","2026",,"880",,"national-universities","usnews.com","TX",,"the-university-of-texas-rio-grande-valley","78539"
"87","19",,"2.6","San Antonio","public","36108","2.3","31127",,"10115","true","true","true","The University of Texas--San Antonio","39","https://www.usnews.com/best-colleges/the-university-of-texas-san-antonio","#213","213","2026",,"1000",,"national-universities","usnews.com","TX","26750","the-university-of-texas-san-antonio","78249"
"88","21",,"2.6","Normal","public",,,"19107","3.6","1692","true","true","true","Illinois State University",,"https://www.usnews.com/best-colleges/illinois-state-university","#222","222","2026",,"990",,"national-universities","usnews.com","IL","28210","illinois-state-university","61790"
"68","23",,"2.1","Nashville","private",,"2.5","3006","3.8","3486","false","true","true","Lipscomb University",,"https://www.usnews.com/best-colleges/lipscomb","#222","222","2026",,"1160",,"national-universities","usnews.com","TN","42596","lipscomb","37207"
"93","20",,"2.7","New Orleans","private",,,"3032","3.6","2016","false","true","true","Loyola University New Orleans",,"https://www.usnews.com/best-colleges/loyola-university-new-orleans","#222","222","2026",,"1060",,"national-universities","usnews.com","LA","51664","loyola-university-new-orleans","70118"
"89","17",,"2.4","Las Cruces","public",,"2.3","12507","3.5","2657","true","true","true","New Mexico State University",,"https://www.usnews.com/best-colleges/new-mexico-state-university","#222","222","2026",,"870",,"national-universities","usnews.com","NM","27484","new-mexico-state-university","88003"
"91","17",,"2.6","Portland","public",,"2.1","15414","3.4","3216","true","true","true","Portland State University",,"https://www.usnews.com/best-colleges/portland-state","#222","222","2026",,"950",,"national-universities","usnews.com","OR","26463","portland-state","97207"
"92","20",,,"Saint Paul","private",,,"2505","3.5","2342","false","true","true","St. Catherine University",,"https://www.usnews.com/best-colleges/st-catherine-university","#222","222","2026",,"850",,"national-universities","usnews.com","MN","53214","st-catherine-university","55105"
"53","19",,"2.5","Jacksonville","public",,"2.5","13735",,"9841","true","true","true","University of North Florida",,"https://www.usnews.com/best-colleges/university-of-north-florida","#222","222","2026",,"1070",,"national-universities","usnews.com","FL","20790","university-of-north-florida","32224"
"80","19",,"2.8","Arlington","public",,"2.5","32545",,"3656","true","true","true","The University of Texas--Arlington",,"https://www.usnews.com/best-colleges/the-university-of-texas-arlington","#222","222","2026",,"1010",,"national-universities","usnews.com","TX","29432","the-university-of-texas-arlington","76019"
"97",,,"2.7","Laramie","public",,"2","8130","3.6","3932","true","true","true","University of Wyoming",,"https://www.usnews.com/best-colleges/university-of-wyoming","#222","222","2026",,,,"national-universities","usnews.com","WY","24865","university-of-wyoming","82071"
"73","20",,"2.8","Morgantown","public",,"2.3","18206","3.7","3827","true","true","true","West Virginia University",,"https://www.usnews.com/best-colleges/wvu","#222","222","2026",,"1000",,"national-universities","usnews.com","WV",,"wvu","26506"
"88","22",,,"St. Paul","private",,"2.3","2556","3.6","9058","false","true","true","Bethel University",,"https://www.usnews.com/best-colleges/bethel-university","#232","232","2026",,,,"national-universities","usnews.com","MN","26240","bethel-university","55112"
"58","23",,,"Melbourne","private",,"2.2","3677","3.5","1469","false","true","true","Florida Institute of Technology",,"https://www.usnews.com/best-colleges/florida-institute-of-technology","#232","232","2026",,"1120",,"national-universities","usnews.com","FL","47280","florida-institute-of-technology","32901"
"86","21",,"2.6","Kent","public",,"3","20841","3.6","3051","true","true","true","Kent State University",,"https://www.usnews.com/best-colleges/kent-state-university","#232","232","2026",,"1100",,"national-universities","usnews.com","OH","23872","kent-state-university","44242"
"51","17",,"2.2","Greensboro","public",,"2.3","12497","3.7","2905","true","true","true","North Carolina Agricultural and Technical State University",,"https://www.usnews.com/best-colleges/north-carolina-at","#232","232","2026",,"1020",,"national-universities","usnews.com","NC","20243","north-carolina-at","27411"
"95","19",,"2.3","Fargo","public",,"2.1","9762","3.5","9265","true","true","true","North Dakota State University",,"https://www.usnews.com/best-colleges/north-dakota-state","#232","232","2026",,"1090",,"national-universities","usnews.com","ND",,"north-dakota-state","58108"
"90","18",,,"Forest Grove","private",,,"1589","3.7","3212","false","true","true","Pacific University",,"https://www.usnews.com/best-colleges/pacific-university","#232","232","2026",,"900",,"national-universities","usnews.com","OR","58348","pacific-university","97116"
"75","23",,"2.9","Denver","public",,"2","13921","3.5","6740","true","true","true","University of Colorado Denver",,"https://www.usnews.com/best-colleges/university-of-colorado-denver","#232","232","2026",,"980",,"national-universities","usnews.com","CO","37433","university-of-colorado-denver","80217"
"72","20",,"2.7","Kansas City","public",,"2.6","10166","3.5","2518","true","true","true","University of Missouri--Kansas City",,"https://www.usnews.com/best-colleges/umkc","#232","232","2026",,"1290",,"national-universities","usnews.com","MO","33883","umkc","64110"
"85","18",,"2.9","Las Vegas","public",,"2.1","27135","3.4","2569","true","true","true","University of Nevada--Las Vegas",,"https://www.usnews.com/best-colleges/unlv","#232","232","2026",,"1010",,"national-universities","usnews.com","NV","27411","unlv","89154"
"78","15",,,"Winston-Salem","public",,,"4260",,"2986","true","true","true","Winston-Salem State University",,"https://www.usnews.com/best-colleges/winstonsalem-state-university","#232","232","2026",,"830",,"national-universities","usnews.com","NC","16782","winstonsalem-state-university","27110"
"82","20",,,"Berrien Springs","private",,"2.2","1312",,"2238","false","true","true","Andrews University",,"https://www.usnews.com/best-colleges/andrews-university","#242","242","2026",,"990",,"national-universities","usnews.com","MI","35056","andrews-university","49104"
"76","24",,,"La Mirada","private",,,"3481","3.6","1122","false","true","true","Biola University",,"https://www.usnews.com/best-colleges/biola-university","#242","242","2026",,"1160",,"national-universities","usnews.com","CA","50904","biola-university","90639"
"81",,,,"Buffalo","private",,,"1258","3.3","2712","false","true","true","D'Youville University",,"https://www.usnews.com/best-colleges/dyouville-university","#242","242","2026",,"1002",,"national-universities","usnews.com","NY","35940","dyouville-university","14201"
"83","22",,"2.3","Allendale","public",,"2.8","19002","3.4","2268","true","true","true","Grand Valley State University",,"https://www.usnews.com/best-colleges/grand-valley-state-university","#242","242","2026",,"940",,"national-universities","usnews.com","MI","22588","grand-valley-state-university","49401"
"90","20",,"2.6","Flagstaff","public",,"2.1","22991","3.7","1082","true","true","true","Northern Arizona University",,"https://www.usnews.com/best-colleges/northern-arizona-university","#242","242","2026",,"1010",,"national-universities","usnews.com","AZ","30912","northern-arizona-university","86011"
"65","25",,"2.4","Fairfield","private",,"2.4","7204","3.6","1403","false","true","true","Sacred Heart University",,"https://www.usnews.com/best-colleges/sacred-heart-university","#242","242","2026",,"1180",,"national-universities","usnews.com","CT","52410","sacred-heart-university","06825"
"83","20",,"2","Seattle","private",,"2.6","1776","3.4","3788","false","true","true","Seattle Pacific University",,"https://www.usnews.com/best-colleges/seattle-pacific-university","#242","242","2026",,"1090",,"national-universities","usnews.com","WA","44367","seattle-pacific-university","98119"
"60","22",,,"Jackson","private",,"2.5","1934","3.8","3528","false","true","true","Union University",,"https://www.usnews.com/best-colleges/union-university","#242","242","2026",,"1220",,"national-universities","usnews.com","TN","41470","union-university","38305"
"69","24",,"2.6","Huntsville","public",,"2.4","6800","3.7","1055","true","true","true","University of Alabama at Huntsville",,"https://www.usnews.com/best-colleges/university-of-alabama-huntsville","#242","242","2026",,"1210",,"national-universities","usnews.com","AL","26408","university-of-alabama-huntsville","35899"
"91","26",,"2.6","North Dartmouth","public",,"2.2","5731","3.3","2210","true","true","true","University of Massachusetts Dartmouth",,"https://www.usnews.com/best-colleges/umass-dartmouth","#242","242","2026",,"1050",,"national-universities","usnews.com","MA","33782","umass-dartmouth","02747"
"63","19",,"2.6","Saint Louis","public",,"2.6","12332","3.4","2519","true","true","true","University of Missouri--St. Louis",,"https://www.usnews.com/best-colleges/umsl","#242","242","2026",,"1060",,"national-universities","usnews.com","MO","37590","umsl","63121"
"79","19",,"2.8","Albuquerque","public",,"2.6","17771","3.4","10313","true","true","true","University of New Mexico",,"https://www.usnews.com/best-colleges/university-of-new-mexico","#242","242","2026",,"890",,"national-universities","usnews.com","NM","34603","university-of-new-mexico","87131"
"77","21",,"2.5","Grand Forks","public",,"2.1","11033","3.6","3005","true","true","true","University of North Dakota",,"https://www.usnews.com/best-colleges/university-of-north-dakota","#242","242","2026",,"1110",,"national-universities","usnews.com","ND","16541","university-of-north-dakota","58202"
"92","20",,"2.9","Logan","public",,"2.5","25702","3.6","3677","true","true","true","Utah State University",,"https://www.usnews.com/best-colleges/utah-state-university","#242","242","2026",,"1070",,"national-universities","usnews.com","UT",,"utah-state-university","84322"
"78","24",,,"West Chester","public",,"2.1","14449","3.4","3328","true","true","true","West Chester University of Pennsylvania",,"https://www.usnews.com/best-colleges/west-chester","#242","242","2026",,"1100",,"national-universities","usnews.com","PA","23456","west-chester","19383"
"97",,,"2.2","Hayward","public",,"2.3","10562",,"1138","true","true","true","California State University--East Bay",,"https://www.usnews.com/best-colleges/california-state-university-east-bay","#257","257","2026",,,,"national-universities","usnews.com","CA","20183","california-state-university-east-bay","94542"
"74","21",,,"Erie","private",,"2.5","2768","3.6","3266","false","true","true","Gannon University",,"https://www.usnews.com/best-colleges/gannon-university","#257","257","2026",,"1050",,"national-universities","usnews.com","PA","41426","gannon-university","16541"
"97",,,"2.2","Philadelphia","private",,,"2077",,"3287","false","true","true","La Salle University",,"https://www.usnews.com/best-colleges/la-salle-university","#257","257","2026",,"940",,"national-universities","usnews.com","PA","40000","la-salle-university","19141"
"95",,,,"Indianapolis","private",,,"2608","3.4","1821","false","true","true","Marian University",,"https://www.usnews.com/best-colleges/marian-university","#257","257","2026",,,,"national-universities","usnews.com","IN","40664","marian-university","46222"
"69","20",,"2.4","Murfreesboro","public",,"2.7","18042","3.6","3510","true","true","true","Middle Tennessee State University",,"https://www.usnews.com/best-colleges/middle-tennessee-state-university","#257","257","2026",,"1010",,"national-universities","usnews.com","TN","36188","middle-tennessee-state-university","37132"
"73","19",,,"Fort Lauderdale","private",,"2.1","7311","3","1509","false","true","true","Nova Southeastern University",,"https://www.usnews.com/best-colleges/nova-southeastern-university","#257","257","2026",,"1030",,"national-universities","usnews.com","FL","40200","nova-southeastern-university","33328"
"89",,,,"Oakland City","private",,,"502","3.2","1824","false","true","true","Oakland City University",,"https://www.usnews.com/best-colleges/oakland-city-university","#257","257","2026",,,,"national-universities","usnews.com","IN","27900","oakland-city-university","47660"
"90","17",,"2.4","Huntsville","public",,,"17787",,"3606","true","true","true","Sam Houston State University",,"https://www.usnews.com/best-colleges/sam-houston-state-university","#257","257","2026",,"930",,"national-universities","usnews.com","TX","23520","sam-houston-state-university","77340"
"98","19",,,"Brookings","public",,"2","10728","3.6","3471","true","true","true","South Dakota State University",,"https://www.usnews.com/best-colleges/south-dakota-state-university","#257","257","2026",,"1060",,"national-universities","usnews.com","SD","13166","south-dakota-state-university","57007"
"72","27",,,"SPRINGFIELD","private",,,"1763","3.6","2211","false","true","true","Springfield College",,"https://www.usnews.com/best-colleges/springfield-college","#257","257","2026",,"1080",,"national-universities","usnews.com","MA","46700","springfield-college","01109"
"82","24",,"2.5","Boston","private",,,"4326","3.4","2218","false","true","true","Suffolk University",,"https://www.usnews.com/best-colleges/suffolk-university","#257","257","2026",,"1112",,"national-universities","usnews.com","MA","49556","suffolk-university","02108"
"76","21",,"2.2","Cookeville","public",,"2.2","9187","3.7","3523","true","true","true","Tennessee Tech University",,"https://www.usnews.com/best-colleges/tennessee-tech","#257","257","2026",,"1060",,"national-universities","usnews.com","TN","16126","tennessee-tech","38505"
"90","19",,"2.5","San Marcos","public",,,"36236",,"3615","true","true","true","Texas State University",,"https://www.usnews.com/best-colleges/texas-state-university","#257","257","2026",,"980",,"national-universities","usnews.com","TX","24540","texas-state-university","78666"
"97",,,"2.9","Orono","public",,"2.1","9601","3.5","2053","true","true","true","University of Maine",,"https://www.usnews.com/best-colleges/university-of-maine","#257","257","2026",,,,"national-universities","usnews.com","ME","37836","university-of-maine","04469"
"100","17",,"2.4","El Paso","public",,"2.3","21118","3.3","3661","true","true","true","The University of Texas--El Paso",,"https://www.usnews.com/best-colleges/the-university-of-texas-el-paso","#257","257","2026",,"860",,"national-universities","usnews.com","TX","21164","the-university-of-texas-el-paso","79968"
"82","19",,"2.1","Cullowhee","public",,"2.8","10107","3.4","2981","true","true","true","Western Carolina University",,"https://www.usnews.com/best-colleges/western-carolina-university","#257","257","2026",,"1080",,"national-universities","usnews.com","NC","8685","western-carolina-university","28723"
"63","20",,"2.1","Augusta","public",,,"6078","3.6","1579","true","true","true","Augusta University",,"https://www.usnews.com/best-colleges/augusta-university","#273","273","2026",,"1010",,"national-universities","usnews.com","GA","25202","augusta-university","30912"
"90","18",,,"Gwynedd Valley","private",,,"1301","3.4","3270","false","true","true","Gwynedd Mercy University",,"https://www.usnews.com/best-colleges/gwynedd-mercy-university","#273","273","2026",,"1023",,"national-universities","usnews.com","PA","41960","gwynedd-mercy-university","19437"
"62","15",,,"Hampton","private",,"2.6","3728","3.1","3714","false","true","true","Hampton University",,"https://www.usnews.com/best-colleges/hampton-university","#273","273","2026",,"846",,"national-universities","usnews.com","VA","31512","hampton-university","23668"
"93",,,,"Arlington","private",,,"2503","3.3","3724","false","true","true","Marymount University",,"https://www.usnews.com/best-colleges/marymount-university","#273","273","2026",,,,"national-universities","usnews.com","VA","42186","marymount-university","22207"
"84",,,,"Santa Clarita","private",,,"1914",,"1220","false","true","true","The Master's University and Seminary",,"https://www.usnews.com/best-colleges/the-masters-university-and-seminary","#273","273","2026",,,,"national-universities","usnews.com","CA","39020","the-masters-university-and-seminary","91321"
"71","26",,,"Dallas","private",,,"1721","3.5","3247","false","true","true","Misericordia University",,"https://www.usnews.com/best-colleges/misericordia-university","#273","273","2026",,"928",,"national-universities","usnews.com","PA","43000","misericordia-university","18612"
"76","24",,"2.7","New York","private",,,"8038","3.3","2791","false","true","true","Pace University",,"https://www.usnews.com/best-colleges/pace-university","#273","273","2026",,"1180",,"national-universities","usnews.com","NY","54875","pace-university","10038"
"86","22",,,"Denver","private",,,"2704","3.6","1363","false","true","true","Regis University",,"https://www.usnews.com/best-colleges/regis-university","#273","273","2026",,,,"national-universities","usnews.com","CO","47490","regis-university","80221"
"72","18",,"2.9","Memphis","public",,"2","15770","3.6","3509","true","true","true","University of Memphis",,"https://www.usnews.com/best-colleges/university-of-memphis","#273","273","2026",,"915",,"national-universities","usnews.com","TN","18762","university-of-memphis","38152"
"72","18",,"2.6","Wichita","public",,"2.2","14280","3.4","1950","true","true","true","Wichita State University",,"https://www.usnews.com/best-colleges/wichita-state-university","#273","273","2026",,"900",,"national-universities","usnews.com","KS","19240","wichita-state-university","67260"
"81","21",,,"Aurora","private",,,"4098",,"1634","false","true","true","Aurora University",,"https://www.usnews.com/best-colleges/aurora-university","#283","283","2026",,"900",,"national-universities","usnews.com","IL","29170","aurora-university","60506"
"88","25",,,"Azusa","private",,"2.2","2759","3.9","1117","false","true","true","Azusa Pacific University",,"https://www.usnews.com/best-colleges/azusa-pacific-university","#283","283","2026",,"983",,"national-universities","usnews.com","CA","45340","azusa-pacific-university","91702"
"90","21",,"2.4","Mount Pleasant","public",,"2.8","10219","3.5","2243","true","true","true","Central Michigan University",,"https://www.usnews.com/best-colleges/central-michigan-university","#283","283","2026",,"960",,"national-universities","usnews.com","MI","16215","central-michigan-university","48859"
"93","19",,,"Duluth","private",,,"1755",,"2343","false","true","true","The College of St. Scholastica",,"https://www.usnews.com/best-colleges/the-college-of-st-scholastica","#283","283","2026",,,,"national-universities","usnews.com","MN","41778","the-college-of-st-scholastica","55811"
"77","27",,,"Center Valley","private",,,"2172","3.4","3986","false","true","true","DeSales University",,"https://www.usnews.com/best-colleges/desales-university","#283","283","2026",,"1090",,"national-universities","usnews.com","PA","48300","desales-university","18034"
"94","20",,,"Newberg","private",,"2.8","3358","3.7","3194","false","true","true","George Fox University",,"https://www.usnews.com/best-colleges/george-fox-university","#283","283","2026",,"1070",,"national-universities","usnews.com","OR","44430","george-fox-university","97132"
"95",,,,"St Louis","private",,,"5692","3.5","2482","false","true","true","Maryville University of St. Louis",,"https://www.usnews.com/best-colleges/maryville-saint-louis","#283","283","2026",,,,"national-universities","usnews.com","MO","27166","maryville-saint-louis","63141"
"93","20",,,"Winona","private",,,"1083","3.4","2380","false","true","true","Saint Mary's University of Minnesota",,"https://www.usnews.com/best-colleges/saint-marys-university-of-minnesota","#283","283","2026",,,,"national-universities","usnews.com","MN","46660","saint-marys-university-of-minnesota","55987"
"99","19",,"2.5","Vermillion","public",,,"7619","3.5","10300","true","true","true","University of South Dakota",,"https://www.usnews.com/best-colleges/university-of-south-dakota","#283","283","2026",,"1125",,"national-universities","usnews.com","SD","13299","university-of-south-dakota","57069"
"83","21",,,"Springfield","private",,"2.6","2616","3.5","2226","false","true","true","Western New England University",,"https://www.usnews.com/best-colleges/western-new-england-university","#283","283","2026",,"1090",,"national-universities","usnews.com","MA","49490","western-new-england-university","01119"
"81","19",,"2.7","Bowling Green","public",,"2.7","14783","3.7","3018","true","true","true","Bowling Green State University",,"https://www.usnews.com/best-colleges/bowling-green-state-university","#293","293","2026",,"1000",,"national-universities","usnews.com","OH","22353","bowling-green-state-university","43403"
"90","24",,"2.8","Norfolk","public",,"2.2","17746","3.4","3728","true","true","true","Old Dominion University",,"https://www.usnews.com/best-colleges/old-dominion","#293","293","2026",,"1100",,"national-universities","usnews.com","VA","33885","old-dominion","23529"
"92",,,,"Biddeford","private",,,"3884","3.5","2050","false","true","true","University of New England",,"https://www.usnews.com/best-colleges/university-of-new-england","#293","293","2026",,,,"national-universities","usnews.com","ME","45900","university-of-new-england","04005"
"55",,,"2.1","Rio Piedras","public",,,"8873",,"7108","true","true","true","University of Puerto Rico--Rio Piedras",,"https://www.usnews.com/best-colleges/university-of-puerto-rico-rio-piedras","#293","293","2026",,,,"national-universities","usnews.com","PR","5354","university-of-puerto-rico-rio-piedras","00931"
"65","23",,,"Joliet","private",,,"1338","3.6","1664","false","true","true","University of St. Francis",,"https://www.usnews.com/best-colleges/university-of-st-francis","#293","293","2026",,"900",,"national-universities","usnews.com","IL","38900","university-of-st-francis","60435"
"98","18",,,"San Antonio","private",,,"4638","3.5","3578","false","true","true","University of the Incarnate Word",,"https://www.usnews.com/best-colleges/university-of-the-incarnate-word","#293","293","2026",,"900",,"national-universities","usnews.com","TX","38650","university-of-the-incarnate-word","78209"
"92","23",,"2.4","Toledo","public",,"2","11012",,"3131","true","true","true","The University of Toledo",,"https://www.usnews.com/best-colleges/the-university-of-toledo","#293","293","2026",,"1120",,"national-universities","usnews.com","OH","22006","the-university-of-toledo","43606"
"85","22",,"2.3","Kalamazoo","public",,"2","13860","3.5","2330","true","true","true","Western Michigan University",,"https://www.usnews.com/best-colleges/western-michigan-university","#293","293","2026",,"970",,"national-universities","usnews.com","MI","19908","western-michigan-university","49008"
"86","19",,"2.1","Louisville","private",,,"2240","3.5","1954","false","true","true","Bellarmine University",,"https://www.usnews.com/best-colleges/bellarmine-university","#301","301","2026",,"1025",,"national-universities","usnews.com","KY","50490","bellarmine-university","40205"
"87",,,"2.8","Boise","public",,"2.3","24030","3.5","1616","true","true","true","Boise State University",,"https://www.usnews.com/best-colleges/boise-state-university","#301","301","2026",,,,"national-universities","usnews.com","ID","28478","boise-state-university","83725"
"90",,,,"Orangeburg","private",,,"1115","2.9","2713","false","true","true","Dominican University New York",,"https://www.usnews.com/best-colleges/dominican-university-new-york","#301","301","2026",,"1050",,"national-universities","usnews.com","NY","35380","dominican-university-new-york","10962"
"86","19",,"2.3","Johnson City","public",,"2.4","10829","3.6","3487","true","true","true","East Tennessee State University",,"https://www.usnews.com/best-colleges/east-tennessee-state-university","#301","301","2026",,"980",,"national-universities","usnews.com","TN",,"east-tennessee-state-university","37614"
"76",,,,"Madison","private",,,"1214",,"3848","false","true","true","Edgewood College",,"https://www.usnews.com/best-colleges/edgewood-college","#301","301","2026",,,,"national-universities","usnews.com","WI","35860","edgewood-college","53711"
"71","20",,,"Searcy","private",,"2.2","3535",,"10311","false","true","true","Harding University",,"https://www.usnews.com/best-colleges/harding-university","#301","301","2026",,"1050",,"national-universities","usnews.com","AR","27282","harding-university","72149"
"86",,,,"Immaculata","private",,,"1652","3.4","3276","false","true","true","Immaculata University",,"https://www.usnews.com/best-colleges/immaculata-university","#301","301","2026",,"1156",,"national-universities","usnews.com","PA","29820","immaculata-university","19345"
"97",,,,"Cambridge","private",,,"1342",,"2160","false","true","true","Lesley University",,"https://www.usnews.com/best-colleges/lesley-university","#301","301","2026",,,,"national-universities","usnews.com","MA","34256","lesley-university","02138"
"70",,,"2.8","DeKalb","public",,"2.9","11349","3.4","1737","true","true","true","Northern Illinois University",,"https://www.usnews.com/best-colleges/northern-illinois-university","#301","301","2026",,,,"national-universities","usnews.com","IL","13792","northern-illinois-university","60115"
"77","21",,"2","Oklahoma City","private",,,"1514","3.8","3166","false","true","true","Oklahoma City University",,"https://www.usnews.com/best-colleges/oklahoma-city-university","#301","301","2026",,"1050",,"national-universities","usnews.com","OK","35648","oklahoma-city-university","73106"
"77","24",,"2","Winchester","private",,,"2641","3.7","3737","false","true","true","Shenandoah University",,"https://www.usnews.com/best-colleges/shenandoah-university","#301","301","2026",,"965",,"national-universities","usnews.com","VA","37860","shenandoah-university","22601"
"87","18",,"2.6","Carbondale","public",,"2","8553","3.2","1758","true","true","true","Southern Illinois University--Carbondale",,"https://www.usnews.com/best-colleges/southern-illinois-university-carbondale","#301","301","2026",,"900",,"national-universities","usnews.com","IL","13544","southern-illinois-university-carbondale","62901"
"96","24",,"2.5","West Hartford","private",,"2.9","4223","3.3","1422","false","true","true","University of Hartford",,"https://www.usnews.com/best-colleges/university-of-hartford","#301","301","2026",,"1120",,"national-universities","usnews.com","CT","50445","university-of-hartford","06117"
"66",,,,"Indianapolis","private",,"2.6","3603","3.4","1804","false","true","true","University of Indianapolis",,"https://www.usnews.com/best-colleges/university-of-indianapolis","#301","301","2026",,,,"national-universities","usnews.com","IN","38308","university-of-indianapolis","46227"
"87","19",,"2.8","Omaha","public",,,"11756","3.4","2554","true","true","true","University of Nebraska Omaha",,"https://www.usnews.com/best-colleges/university-of-nebraska-omaha","#301","301","2026",,,,"national-universities","usnews.com","NE","23206","university-of-nebraska-omaha","68182"
"97","18",,"3","Milwaukee","public",,"2.3","18667","3.1","3896","true","true","true","University of Wisconsin--Milwaukee",,"https://www.usnews.com/best-colleges/uw-milwaukee","#301","301","2026",,,,"national-universities","usnews.com","WI",,"uw-milwaukee","53201"
"71",,,"2","Chester","private",,"2.4","2811",,"3313","false","true","true","Widener University",,"https://www.usnews.com/best-colleges/widener-university","#301","301","2026",,"1080",,"national-universities","usnews.com","PA","55730","widener-university","19013"
"66",,,,"Irvine","private",,,"1554","3.7","29059","false","true","true","Concordia University Irvine",,"https://www.usnews.com/best-colleges/concordia-university-irvine","#318","318","2026",,,,"national-universities","usnews.com","CA","44500","concordia-university-irvine","92612"
"63","20",,"2.3","Fort Myers","public",,"2.5","14227",,"32553","true","true","true","Florida Gulf Coast University",,"https://www.usnews.com/best-colleges/florida-gulf-coast-university","#318","318","2026",,"1040",,"national-universities","usnews.com","FL","25162","florida-gulf-coast-university","33965"
"76","1",,"2","Union","public",,,"11758","3.3","2622","true","true","true","Kean University",,"https://www.usnews.com/best-colleges/kean-university","#318","318","2026",,"930",,"national-universities","usnews.com","NJ","22446","kean-university","07083"
"91","21",,"2.5","Ruston","public",,"2.2","11058","3.6","2008","true","true","true","Louisiana Tech University",,"https://www.usnews.com/best-colleges/louisiana-tech-university","#318","318","2026",,"1100",,"national-universities","usnews.com","LA","20313","louisiana-tech-university","71272"
"96","19",,"2.6","Huntington","public",,"2.9","9146","3.3","3815","true","true","true","Marshall University",,"https://www.usnews.com/best-colleges/marshall-university","#318","318","2026",,"910",,"national-universities","usnews.com","WV","20390","marshall-university","25755"
"82","21",,"2.6","Bozeman","public",,"2.1","14872",,"2532","true","true","true","Montana State University",,"https://www.usnews.com/best-colleges/montana-state-university","#318","318","2026",,"1065",,"national-universities","usnews.com","MT","33287","montana-state-university","59717"
"88","21",,"2.2","Rochester","public",,,"12587","3.5","2307","true","true","true","Oakland University",,"https://www.usnews.com/best-colleges/oakland-university","#318","318","2026",,"900",,"national-universities","usnews.com","MI","22950","oakland-university","48309"
"97",,,,"Pittsburgh","private",,"2","2337","3.5","3357","false","true","true","Point Park University",,"https://www.usnews.com/best-colleges/point-park-university","#318","318","2026",,,,"national-universities","usnews.com","PA","41000","point-park-university","15222"
"92","19",,"2","Houston","public",,"2.4","6029","3.4","11711","true","true","true","University of Houston--Clear Lake",,"https://www.usnews.com/best-colleges/university-of-houston-clear-lake","#318","318","2026",,"970",,"national-universities","usnews.com","TX","25978","university-of-houston-clear-lake","77058"
"99","20",,"2.4","Hattiesburg","public",,,"10193","3.5","2441","true","true","true","University of Southern Mississippi",,"https://www.usnews.com/best-colleges/university-of-southern-mississippi","#318","318","2026",,,,"national-universities","usnews.com","MS","11998","university-of-southern-mississippi","39406"
"91","22",,,"Wilkes-Barre","private",,"2.2","2076","3.5","3394","false","true","true","Wilkes University",,"https://www.usnews.com/best-colleges/wilkes-university","#318","318","2026",,"1020",,"national-universities","usnews.com","PA","44742","wilkes-university","18766"
"66","19",,"2.1","Abilene","private",,"2.4","3233","3.6","3537","false","true","true","Abilene Christian University",,"https://www.usnews.com/best-colleges/abilene-christian-university","#329","329","2026",,"1000",,"national-universities","usnews.com","TX","44200","abilene-christian-university","79699"
"64",,,"2.3","Atlanta","private",,,"3618","3.5","1551","false","true","true","Clark Atlanta University",,"https://www.usnews.com/best-colleges/clark-atlanta-university","#329","329","2026",,,,"national-universities","usnews.com","GA","30270","clark-atlanta-university","30314"
"78","22",,,"Mequon","private",,,"2401",,"3842","false","true","true","Concordia University Wisconsin",,"https://www.usnews.com/best-colleges/concordia-university-wisconsin","#329","329","2026",,,,"national-universities","usnews.com","WI",,"concordia-university-wisconsin","53097"
"97","18",,"2.1","RIchmond","public",,,"13448","3.4","1963","true","true","true","Eastern Kentucky University",,"https://www.usnews.com/best-colleges/eastern-kentucky-university","#329","329","2026",,"930",,"national-universities","usnews.com","KY","23500","eastern-kentucky-university","40475"
"92","20",,,"Big Rapids","public",,"2.6","8989","3.3","2260","true","true","true","Ferris State University",,"https://www.usnews.com/best-colleges/ferris-state-university","#329","329","2026",,"890",,"national-universities","usnews.com","MI","15196","ferris-state-university","49307"
"83",,,,"Bangor","private",,,"2762",,"2043","false","true","true","Husson University",,"https://www.usnews.com/best-colleges/husson-university","#329","329","2026",,"1065",,"national-universities","usnews.com","ME","25326","husson-university","04401"
"91","20",,"2.2","Indiana","public",,,"7353","3.5","3277","true","true","true","Indiana University of Pennsylvania",,"https://www.usnews.com/best-colleges/iup","#329","329","2026",,"970",,"national-universities","usnews.com","PA","15322","iup","15705"
"82","16",,"2.2","Baltimore","public",,"2.3","9027","3.1","2083","true","true","true","Morgan State University",,"https://www.usnews.com/best-colleges/morgan-state-university","#329","329","2026",,"840",,"national-universities","usnews.com","MD","19456","morgan-state-university","21251"
"90","19",,"2.2","Radford","public",,,"6161","3.5","3732","true","true","true","Radford University",,"https://www.usnews.com/best-colleges/radford-university","#329","329","2026",,"940",,"national-universities","usnews.com","VA","26266","radford-university","24142"
"96",,,"2.1","Denton","public",,,"10034","3.2","3646","true","true","true","Texas Woman's University",,"https://www.usnews.com/best-colleges/texas-womans-university","#329","329","2026",,,,"national-universities","usnews.com","TX","22840","texas-womans-university","76204"
"60","15",,"2.4","Hilo","public",,,"2292","3.5","29020","true","true","true","University of Hawaii at Hilo",,"https://www.usnews.com/best-colleges/university-of-hawaii-at-hilo","#329","329","2026",,"945",,"national-universities","usnews.com","HI",,"university-of-hawaii-at-hilo","96720"
"43","22",,,"Lynchburg","private",,,"1595",,"3720","false","true","true","University of Lynchburg",,"https://www.usnews.com/best-colleges/university-of-lynchburg","#329","329","2026",,"980",,"national-universities","usnews.com","VA","38150","university-of-lynchburg","24501"
"81","20",,"2.8","Chattanooga","public",,"2","10203","3.6","3529","true","true","true","University of Tennessee at Chattanooga",,"https://www.usnews.com/best-colleges/university-of-tennessee-at-chattanooga","#329","329","2026",,"1060",,"national-universities","usnews.com","TN","19068","university-of-tennessee-at-chattanooga","37403"
"94","20",,"2","Tyler","public",,"2.9","7683","2.8","11163","true","true","true","The University of Texas at Tyler",,"https://www.usnews.com/best-colleges/the-university-of-texas-at-tyler","#329","329","2026",,"1010",,"national-universities","usnews.com","TX","25184","the-university-of-texas-at-tyler","75799"
"87","20",,,"Buies Creek","private",,,"2699","3.5","2913","false","true","true","Campbell University",,"https://www.usnews.com/best-colleges/campbell-university","#343","343","2026",,"1090",,"national-universities","usnews.com","NC","42830","campbell-university","27506"
"91","18",,"2.4","Cleveland","public",,"2","9418","3.4","3032","true","true","true","Cleveland State University",,"https://www.usnews.com/best-colleges/cleveland-state-university","#343","343","2026",,,,"national-universities","usnews.com","OH","19046","cleveland-state-university","44115"
"88","18",,"2.6","Statesboro","public",,"2.6","23618","3.4","1572","true","true","true","Georgia Southern University",,"https://www.usnews.com/best-colleges/georgia-southern-university","#343","343","2026",,"970",,"national-universities","usnews.com","GA","21784","georgia-southern-university","30460"
"63","18",,,"Harrogate","private",,,"1605",,"3502","false","true","true","Lincoln Memorial University",,"https://www.usnews.com/best-colleges/lincoln-memorial-university","#343","343","2026",,"1000",,"national-universities","usnews.com","TN","26938","lincoln-memorial-university","37752"
"59","20",,,"Cincinnati","private",,,"1545","3.5","3033","false","true","true","Mount St. Joseph University",,"https://www.usnews.com/best-colleges/mount-st-joseph-university","#343","343","2026",,"930",,"national-universities","usnews.com","OH","39650","mount-st-joseph-university","45233"
"98",,,,"Ponce","private",,,"3963",,"3936","false","true","true","Pontifical Catholic University of Puerto Rico--Ponce",,"https://www.usnews.com/best-colleges/pontifical-catholic-university-of-puerto-rico-ponce","#343","343","2026",,"1195",,"national-universities","usnews.com","PR","6650","pontifical-catholic-university-of-puerto-rico-ponce","00717"
"78","16",,,"Prairie View","public",,,"8836","3","3630","true","true","true","Prairie View A&M University",,"https://www.usnews.com/best-colleges/prairie-view-am-university","#343","343","2026",,"860",,"national-universities","usnews.com","TX","22590","prairie-view-am-university","77446"
"75","21",,,"Bismarck","private",,"2.2","2650",,"2992","false","true","true","University of Mary",,"https://www.usnews.com/best-colleges/university-of-mary","#343","343","2026",,"1110",,"national-universities","usnews.com","ND","22356","university-of-mary","58504"
"94","21",,"2.3","Greeley","public",,,"6480","3.5","1349","true","true","true","University of Northern Colorado",,"https://www.usnews.com/best-colleges/university-of-northern-colorado","#343","343","2026",,"950",,"national-universities","usnews.com","CO","28370","university-of-northern-colorado","80639"
"58",,,,"Reading","private",,,"2192","3.5","3233","false","true","true","Alvernia University",,"https://www.usnews.com/best-colleges/alvernia-university","#352","352","2026",,"1093",,"national-universities","usnews.com","PA","46850","alvernia-university","19607"
"82","18",,"2.6","State University","public",,"2.6","9985","3.5","1090","true","true","true","Arkansas State University",,"https://www.usnews.com/best-colleges/arkansas-state-university","#352","352","2026",,"970",,"national-universities","usnews.com","AR",,"arkansas-state-university","72467"
"72","16",,,"Dubuque","private",,,"815","3.2","1852","false","true","true","Clarke University",,"https://www.usnews.com/best-colleges/clarke-university","#352","352","2026",,"900",,"national-universities","usnews.com","IA","42420","clarke-university","52001"
"77","20",,,"Davenport","private",,"2.5","1939","3.3","1889","false","true","true","St. Ambrose University",,"https://www.usnews.com/best-colleges/st-ambrose-university","#352","352","2026",,"930",,"national-universities","usnews.com","IA","38113","st-ambrose-university","52803"
"91",,,"2","Kingsville","public",,,"5386","3.4","3639","true","true","true","Texas A & M University-Kingsville",,"https://www.usnews.com/best-colleges/texas-a--m-universitykingsville","#352","352","2026",,"990",,"national-universities","usnews.com","TX","22948","texas-a--m-universitykingsville","78363"
"86","18",,"2.2","Oshkosh","public",,,"11994",,"9630","true","true","true","University of Wisconsin-Oshkosh",,"https://www.usnews.com/best-colleges/university-of-wisconsinoshkosh","#352","352","2026",,,,"national-universities","usnews.com","WI",,"university-of-wisconsinoshkosh","54901"
"90","19",,,"Jefferson City","private",,,"1606","3.6","3481","false","true","true","Carson-Newman University",,"https://www.usnews.com/best-colleges/carsonnewman-university","#358","358","2026",,"955",,"national-universities","usnews.com","TN","38700","carsonnewman-university","37760"
"74",,,,"Amherst","private",,,"1656",,"2808","false","true","true","Daemen University",,"https://www.usnews.com/best-colleges/daemen-university","#358","358","2026",,,,"national-universities","usnews.com","NY","38874","daemen-university","14226"
"29","19",,,"Clinton","private",,"2","2706",,"2415","false","true","true","Mississippi Christian University",,"https://www.usnews.com/best-colleges/mississippi-college","#358","358","2026",,,,"national-universities","usnews.com","MS","23500","mississippi-college","39058"
"91","19",,"2.3","Springfield","public",,,"19259",,"2503","true","true","true","Missouri State University",,"https://www.usnews.com/best-colleges/missouri-state-university","#358","358","2026",,"1020",,"national-universities","usnews.com","MO","18770","missouri-state-university","65897"
"85","18",,"2","Monroe","public",,,"6762","3.5","2020","true","true","true","University of Louisiana at Monroe",,"https://www.usnews.com/best-colleges/university-of-louisiana-monroe","#358","358","2026",,"1168",,"national-universities","usnews.com","LA",,"university-of-louisiana-monroe","71209"
"92","20",,"2.4","Terre Haute","public",,"2.7","6224","3.3","9563","true","true","true","Indiana State University",,"https://www.usnews.com/best-colleges/indiana-state-university","#363","363","2026",,"880",,"national-universities","usnews.com","IN","22926","indiana-state-university","47809"
"93","15",,"2.1","Jackson","public",,,"4650","2.9","2410","true","true","true","Jackson State University",,"https://www.usnews.com/best-colleges/jackson-state-university","#363","363","2026",,"820",,"national-universities","usnews.com","MS","13635","jackson-state-university","39217"
"97",,,,"Fort Lauderdale","private",,,"18452","2.9","21519","false","true","true","Keiser University",,"https://www.usnews.com/best-colleges/keiser-university","#363","363","2026",,,,"national-universities","usnews.com","FL","39189","keiser-university","33309"
"97","20",,"2.3","Edwardsville","public",,"2.8","8945","3.6","1759","true","true","true","Southern Illinois University Edwardsville",,"https://www.usnews.com/best-colleges/southern-illinois-university-edwardsville","#363","363","2026",,"950",,"national-universities","usnews.com","IL","28082","southern-illinois-university-edwardsville","62026"
"69","18",,,"Nashville","private",,,"1903","3.5","3526","false","true","true","Trevecca Nazarene University",,"https://www.usnews.com/best-colleges/trevecca-nazarene-university","#363","363","2026",,"980",,"national-universities","usnews.com","TN","31300","trevecca-nazarene-university","37210"
"89","19",,"2.2","Conway","public",,"2","8268","3.5","1092","true","true","true","University of Central Arkansas",,"https://www.usnews.com/best-colleges/university-of-central-arkansas","#363","363","2026",,"910",,"national-universities","usnews.com","AR","18746","university-of-central-arkansas","72035"
"96","23",,"2.8","Missoula","public",,,"8014","3.4","2536","true","true","true","University of Montana",,"https://www.usnews.com/best-colleges/university-of-montana","#363","363","2026",,,,"national-universities","usnews.com","MT","33664","university-of-montana","59812"
"71","20",,"2.3","Mobile","public",,,"9241",,"1057","true","true","true","University of South Alabama",,"https://www.usnews.com/best-colleges/university-of-south-alabama","#363","363","2026",,"970",,"national-universities","usnews.com","AL","23260","university-of-south-alabama","36688"
"73","18",,,"North Canton","private",,,"1523",,"3135","false","true","true","Walsh University",,"https://www.usnews.com/best-colleges/walsh-university","#363","363","2026",,"990",,"national-universities","usnews.com","OH","37100","walsh-university","44720"
"94","16",,"2.4","Bowling Green","public",,"2.6","14151","3.5","2002","true","true","true","Western Kentucky University",,"https://www.usnews.com/best-colleges/western-kentucky-university","#363","363","2026",,"840",,"national-universities","usnews.com","KY","27000","western-kentucky-university","42101"
"80","18",,"2.3","Ypsilanti","public",,"2.9","10470","3.3","2259","true","true","true","Eastern Michigan University",,"https://www.usnews.com/best-colleges/eastern-michigan-university","#373","373","2026",,"920",,"national-universities","usnews.com","MI","16598","eastern-michigan-university","48197"
"69","19",,"2.8","Kennesaw","public",,"2.9","42840","3.5","1577","true","true","true","Kennesaw State University",,"https://www.usnews.com/best-colleges/kennesaw-state-university","#373","373","2026",,"1000",,"national-universities","usnews.com","GA","22278","kennesaw-state-university","30144"
"86","21",,,"Brookville","private",,,"11753",,"667002","false","true","true","Long Island University",,"https://www.usnews.com/best-colleges/long-island-university","#373","373","2026",,"1110",,"national-universities","usnews.com","NY","42432","long-island-university","11548"
"52","19",,,"Virginia Beach","private",,,"5049","3.7","30913","false","true","true","Regent University",,"https://www.usnews.com/best-colleges/regent-university","#373","373","2026",,"990",,"national-universities","usnews.com","VA","22740","regent-university","23464"
"53","19",,,"Stephenville","public",,"2.4","15130","3.4","3631","true","true","true","Tarleton State University",,"https://www.usnews.com/best-colleges/tarleton-state-university","#373","373","2026",,"980",,"national-universities","usnews.com","TX","22480","tarleton-state-university","76402"
"60","17",,"2.4","Akron","public",,"2.1","11160","3.5","3123","true","true","true","The University of Akron",,"https://www.usnews.com/best-colleges/the-university-of-akron","#373","373","2026",,"900",,"national-universities","usnews.com","OH","21440","the-university-of-akron","44325"
"84",,,,"Findlay","private",,,"4062","3.7","3045","false","true","true","University of Findlay",,"https://www.usnews.com/best-colleges/university-of-findlay","#373","373","2026",,,,"national-universities","usnews.com","OH","41400","university-of-findlay","45840"
"87","23",,"2.5","Lafayette","public",,"2","13432","3.4","2031","true","true","true","University of Louisiana at Lafayette",,"https://www.usnews.com/best-colleges/university-of-louisiana-at-lafayette","#373","373","2026",,"1120",,"national-universities","usnews.com","LA","24146","university-of-louisiana-at-lafayette","70504"
"52","17",,"2.1","Carrollton","public",,,"9157","3.5","1601","true","true","true","University of West Georgia",,"https://www.usnews.com/best-colleges/university-of-west-georgia","#373","373","2026",,"950",,"national-universities","usnews.com","GA","21850","university-of-west-georgia","30118"
"60","19",,,"Hattiesburg","private",,,"3113",,"2447","false","true","true","William Carey University",,"https://www.usnews.com/best-colleges/william-carey-university","#373","373","2026",,"1040",,"national-universities","usnews.com","MS","15480","william-carey-university","39401"
"91","18",,,"Wingate","private",,,"2673","3.3","2985","false","true","true","Wingate University",,"https://www.usnews.com/best-colleges/wingate-university","#373","373","2026",,"1010",,"national-universities","usnews.com","NC","42926","wingate-university","28174"
"94","16",,,"Baldwin City","private",,,"1264","3.4","1903","false","true","true","Baker University",,"https://www.usnews.com/best-colleges/baker-university","#384","384","2026",,,,"national-universities","usnews.com","KS","35900","baker-university","66006"
,,,,"Sioux City","private",,,"737",,"1846","false","true","true","Briar Cliff University",,"https://www.usnews.com/best-colleges/briar-cliff-university","#384","384","2026",,,,"national-universities","usnews.com","IA","36956","briar-cliff-university","51104"
"74",,,,"Laurel","private",,,"319",,"1436","false","true","true","Capitol Technology University",,"https://www.usnews.com/best-colleges/capitol-technology-university","#384","384","2026",,,,"national-universities","usnews.com","MD","27608","capitol-technology-university","20708"
"89","20",,,"Dallas","private",,,"2785","3.5","3560","false","true","true","Dallas Baptist University",,"https://www.usnews.com/best-colleges/dallas-baptist-university","#384","384","2026",,"960",,"national-universities","usnews.com","TX","41870","dallas-baptist-university","75211"
"75","18",,,"Commerce","public",,"2.4","9666","3.2","3565","true","true","true","East Texas A&M University",,"https://www.usnews.com/best-colleges/east-texas-am-university","#384","384","2026",,"910",,"national-universities","usnews.com","TX","22186","east-texas-am-university","75429"
"77","19",,,"Boiling Springs","private",,,"1840",,"2929","false","true","true","Gardner-Webb University",,"https://www.usnews.com/best-colleges/gardnerwebb-university","#384","384","2026",,"975",,"national-universities","usnews.com","NC","34760","gardnerwebb-university","28017"
"80",,,,"Staunton","private",,,"1125","3.2","3723","false","true","true","Mary Baldwin University",,"https://www.usnews.com/best-colleges/mary-baldwin-university","#384","384","2026",,,,"national-universities","usnews.com","VA","35357","mary-baldwin-university","24401"
"83","18",,"2.3","Highland Heights","public",,,"10163","3.4","9275","true","true","true","Northern Kentucky University",,"https://www.usnews.com/best-colleges/northern-kentucky-university","#384","384","2026",,"953",,"national-universities","usnews.com","KY","22752","northern-kentucky-university","41099"
"82","18",,,"West Palm Beach","private",,,"3312","3.7","8849","false","true","true","Palm Beach Atlantic University",,"https://www.usnews.com/best-colleges/palm-beach-atlantic-university","#384","384","2026",,"950",,"national-universities","usnews.com","FL","42250","palm-beach-atlantic-university","33401"
"59","17",,"2.6","Little Rock","public",,,"5789",,"1101","true","true","true","University of Arkansas--Little Rock",,"https://www.usnews.com/best-colleges/university-of-arkansas-little-rock","#384","384","2026",,"960",,"national-universities","usnews.com","AR","22158","university-of-arkansas-little-rock","72204"
"70","18",,"2.3","Flint","public",,"2.7","5011","3.5","2327","true","true","true","University of Michigan--Flint",,"https://www.usnews.com/best-colleges/university-of-michigan-flint","#384","384","2026",,"962",,"national-universities","usnews.com","MI","28426","university-of-michigan-flint","48502"
"8","34",,,"Williamstown","private","15774",,"2101",,"2229","false","true","false","Williams College","53","https://www.usnews.com/best-colleges/williams-college","#1","1","2026",,"1490",,"national-liberal-arts-colleges","usnews.com","MA","72510","williams-college","01267"
"9","33",,,"Amherst","private","19328",,"1914",,"2115","false","true","false","Amherst College","57","https://www.usnews.com/best-colleges/amherst-college","#2","2","2026",,"1490",,"national-liberal-arts-colleges","usnews.com","MA","73830","amherst-college","01002"
"9","25",,,"Annapolis","public",,"4.2","4474",,"2101","true","true","false","United States Naval Academy",,"https://www.usnews.com/best-colleges/united-states-naval-academy","#3","3","2026",,"1210",,"national-liberal-arts-colleges","usnews.com","MD",,"united-states-naval-academy","21403"
"7","33",,,"Swarthmore","private","19180","3.6","1623",,"3370","false","true","false","Swarthmore College","55","https://www.usnews.com/best-colleges/swarthmore-college","#4","4","2026",,"1490",,"national-liberal-arts-colleges","usnews.com","PA","69226","swarthmore-college","19081"
"7","33",,,"Brunswick","private","21980",,"1881",,"2038","false","true","true","Bowdoin College","51","https://www.usnews.com/best-colleges/bowdoin-college","#5","5","2026",,"1470",,"national-liberal-arts-colleges","usnews.com","ME","71740","bowdoin-college","04011"
"14","26",,"3.3","USAF Academy","public",,"4.1","4094","3.8","1369","true","true","true","United States Air Force Academy",,"https://www.usnews.com/best-colleges/united-states-air-force-academy","#5","5","2026",,"1230",,"national-liberal-arts-colleges","usnews.com","CO",,"united-states-air-force-academy","80840"
"10","33",,,"Claremont","private","25327",,"1390",,"1170","false","true","true","Claremont McKenna College","39","https://www.usnews.com/best-colleges/claremont-mckenna-college","#7","7","2026",,"1470",,"national-liberal-arts-colleges","usnews.com","CA","72120","claremont-mckenna-college","91711"
"7","33",,,"Claremont","private","19033",,"1766",,"1173","false","true","true","Pomona College","55","https://www.usnews.com/best-colleges/pomona-college","#7","7","2026",,"1490",,"national-liberal-arts-colleges","usnews.com","CA","68670","pomona-college","91711"
"14","33",,,"Wellesley","private","25408",,"2407",,"2224","false","true","true","Wellesley College","54","https://www.usnews.com/best-colleges/wellesley-college","#7","7","2026",,"1460",,"national-liberal-arts-colleges","usnews.com","MA","70144","wellesley-college","02481"
"20","32",,,"Northfield","private","27922",,"2128",,"2340","false","true","true","Carleton College","56","https://www.usnews.com/best-colleges/carleton-college","#10","10","2026",,"1450",,"national-liberal-arts-colleges","usnews.com","MN","72069","carleton-college","55057"
"13","34",,,"Claremont","private","37622","4.4","921",,"1171","false","true","true","Harvey Mudd College","42","https://www.usnews.com/best-colleges/harvey-mudd-college","#10","10","2026",,"1500",,"national-liberal-arts-colleges","usnews.com","CA","73100","harvey-mudd-college","91711"
"12","27",,,"West Point","public",,"4.3","4473","3.9","2893","true","true","true","United States Military Academy at West Point",,"https://www.usnews.com/best-colleges/west-point","#10","10","2026",,"1200",,"national-liberal-arts-colleges","usnews.com","NY",,"west-point","10996"
"9","32",,,"New York","private","26513",,"3269",,"2708","false","true","true","Barnard College","32","https://www.usnews.com/best-colleges/barnard-college","#13","13","2026",,"1470",,"national-liberal-arts-colleges","usnews.com","NY","73033","barnard-college","10027"
"13","31",,,"Davidson","private","23302",,"1869","3.9","2918","false","true","true","Davidson College","52","https://www.usnews.com/best-colleges/davidson-college","#13","13","2026",,"1400",,"national-liberal-arts-colleges","usnews.com","NC","69065","davidson-college","28035"
"15","31",,,"Grinnell","private","24207",,"1788",,"1868","false","true","true","Grinnell College","65","https://www.usnews.com/best-colleges/grinnell-college","#13","13","2026",,"1410",,"national-liberal-arts-colleges","usnews.com","IA","72346","grinnell-college","50112"
"14","33",,,"Clinton","private","29074",,"2037",,"2728","false","true","true","Hamilton College","52","https://www.usnews.com/best-colleges/hamilton-college","#13","13","2026",,"1450",,"national-liberal-arts-colleges","usnews.com","NY","72690","hamilton-college","13323"
"11","33",,,"Middlebury","private","27983",,"2760",,"3691","false","true","true","Middlebury College","48","https://www.usnews.com/best-colleges/middlebury-college","#13","13","2026",,"1445",,"national-liberal-arts-colleges","usnews.com","VT","70640","middlebury-college","05753"
"21","32",,,"Northampton","private","24312","3.6","2549",,"2209","false","true","true","Smith College","60","https://www.usnews.com/best-colleges/smith-college","#13","13","2026",,"1420",,"national-liberal-arts-colleges","usnews.com","MA","67448","smith-college","01063"
"19","33",,,"Poughkeepsie","private","29793",,"2462",,"2895","false","true","true","Vassar College","54","https://www.usnews.com/best-colleges/vassar-college","#13","13","2026",,"1448",,"national-liberal-arts-colleges","usnews.com","NY","74265","vassar-college","12604"
"16","33",,,"Middletown","private","22766",,"3805",,"1424","false","true","true","Wesleyan University","43","https://www.usnews.com/best-colleges/wesleyan-university","#13","13","2026",,"1415",,"national-liberal-arts-colleges","usnews.com","CT","72828","wesleyan-university","06459"
"14","33",,"2.9","Lexington","private","24510",,"1886",,"3768","false","true","false","Washington and Lee University","53","https://www.usnews.com/best-colleges/washington-and-lee","#21","21","2026",,"1430",,"national-liberal-arts-colleges","usnews.com","VA","71365","washington-and-lee","24450"
"14","33",,,"Hamilton","private","29055",,"3193","3.8","2701","false","true","true","Colgate University","34","https://www.usnews.com/best-colleges/colgate-university","#22","22","2026",,"1430",,"national-liberal-arts-colleges","usnews.com","NY","73646","colgate-university","13346"
"22","33",,"3","Univ. of Richmond","private","26859",,"3055","3.8","3744","false","true","true","University of Richmond","35","https://www.usnews.com/best-colleges/university-of-richmond","#22","22","2026",,"1410",,"national-liberal-arts-colleges","usnews.com","VA","67840","university-of-richmond","23173"
"13","31",,,"Lewiston","private","26468",,"1760",,"2036","false","true","true","Bates College","41","https://www.usnews.com/best-colleges/bates-college","#24","24","2026",,"1420",,"national-liberal-arts-colleges","usnews.com","ME","70146","bates-college","04240"
"7","32",,,"Waterville","private","18341",,"2412",,"2039","false","true","true","Colby College","43","https://www.usnews.com/best-colleges/colby-college","#24","24","2026",,"1460",,"national-liberal-arts-colleges","usnews.com","ME","72910","colby-college","04901"
"12","33",,,"Haverford","private","25153",,"1431",,"3274","false","true","true","Haverford College","44","https://www.usnews.com/best-colleges/haverford-college","#24","24","2026",,"1460",,"national-liberal-arts-colleges","usnews.com","PA","73568","haverford-college","19041"
"18","27",,,"Worcester","private","35577",,"3127",,"2141","false","true","false","College of the Holy Cross","40","https://www.usnews.com/best-colleges/college-of-the-holy-cross","#27","27","2026",,"1240",,"national-liberal-arts-colleges","usnews.com","MA","68090","college-of-the-holy-cross","01060"
"29","31",,,"St. Paul","private","30555",,"2138",,"2358","false","true","false","Macalester College","59","https://www.usnews.com/best-colleges/macalester-college","#28","28","2026",,"1390",,"national-liberal-arts-colleges","usnews.com","MN","70862","macalester-college","55105"
"36","32",,,"South Hadley","private","33784",,"2178","3.9","2192","false","true","false","Mount Holyoke College","64","https://www.usnews.com/best-colleges/mount-holyoke-college","#29","29","2026",,"1380",,"national-liberal-arts-colleges","usnews.com","MA","68054","mount-holyoke-college","01075"
"29","29",,,"Bryn Mawr","private","28569",,"1368",,"3237","false","true","true","Bryn Mawr College","48","https://www.usnews.com/best-colleges/bryn-mawr-college","#30","30","2026",,"1280",,"national-liberal-arts-colleges","usnews.com","PA","69220","bryn-mawr-college","19010"
"29","30",,"2.9","Lewisburg","private","38584","4.1","3920","3.6","3238","false","true","true","Bucknell University","38","https://www.usnews.com/best-colleges/bucknell-university","#30","30","2026",,"1315",,"national-liberal-arts-colleges","usnews.com","PA","70576","bucknell-university","17837"
"18","29",,,"Colorado Springs","private","23881",,"2031","3.9","1347","false","true","true","Colorado College","40","https://www.usnews.com/best-colleges/colorado-college","#30","30","2026",,"1230",,"national-liberal-arts-colleges","usnews.com","CO","73566","colorado-college","80903"
"31","31",,,"Easton","private","37061","3.7","2775","3.6","3284","false","true","true","Lafayette College","30","https://www.usnews.com/best-colleges/lafayette-college","#30","30","2026",,"1350",,"national-liberal-arts-colleges","usnews.com","PA","66856","lafayette-college","18042"
"17","30",,,"Granville","private","33205",,"2394",,"3042","false","true","false","Denison University","57","https://www.usnews.com/best-colleges/denison-university","#34","34","2026",,"1320",,"national-liberal-arts-colleges","usnews.com","OH","71000","denison-university","43023"
"28","30",,,"Lancaster","private","33495",,"1808",,"3265","false","true","true","Franklin & Marshall College","58","https://www.usnews.com/best-colleges/franklin--marshall-college","#35","35","2026",,"1310",,"national-liberal-arts-colleges","usnews.com","PA","73210","franklin--marshall-college","17604"
"44","31",,,"Los Angeles","private","35513",,"1881","3.6","1249","false","true","true","Occidental College","47","https://www.usnews.com/best-colleges/occidental-college","#35","35","2026",,"1380",,"national-liberal-arts-colleges","usnews.com","CA","68704","occidental-college","90041"
"25",,,,"Claremont","private","33226",,"1242","3.9","1172","false","true","true","Pitzer College","34","https://www.usnews.com/best-colleges/pitzer-college","#37","37","2026",,,,"national-liberal-arts-colleges","usnews.com","CA","67792","pitzer-college","91711"
"38","31",,,"Claremont","private","34585",,"1117",,"1174","false","true","true","Scripps College","39","https://www.usnews.com/best-colleges/scripps-college","#37","37","2026",,"1440",,"national-liberal-arts-colleges","usnews.com","CA","68532","scripps-college","91711"
"21","31",,,"Saratoga Springs","private","33600",,"2704",,"2814","false","true","true","Skidmore College","54","https://www.usnews.com/best-colleges/skidmore-college","#37","37","2026",,"1340",,"national-liberal-arts-colleges","usnews.com","NY","70430","skidmore-college","12866"
"44","30",,,"Aliso Viejo","private","25098",,"484","3.6","38144","false","true","true","Soka University of America","87","https://www.usnews.com/best-colleges/soka-university-of-america","#37","37","2026",,"1333",,"national-liberal-arts-colleges","usnews.com","CA","39536","soka-university-of-america","92656"
"25","22",,,"Atlanta","private","36004",,"2712","3.9","1594","false","true","true","Spelman College","45","https://www.usnews.com/best-colleges/spelman-college","#37","37","2026",,"1108",,"national-liberal-arts-colleges","usnews.com","GA","32470","spelman-college","30314"
"29","30",,,"Hartford","private","32315","2.9","2204",,"1414","false","true","true","Trinity College","59","https://www.usnews.com/best-colleges/trinity-college","#37","37","2026",,"1298",,"national-liberal-arts-colleges","usnews.com","CT","73590","trinity-college","06106"
"26","31",,"2.4","San Antonio","private","24628","3.2","2518","3.8","3647","false","true","true","Trinity University","38","https://www.usnews.com/best-colleges/trinity-university","#37","37","2026",,"1340",,"national-liberal-arts-colleges","usnews.com","TX","56496","trinity-university","78212"
"44","30",,,"Schenectady","private","34083","3.5","2065","3.7","2889","false","true","false","Union College","59","https://www.usnews.com/best-colleges/union-college","#44","44","2026",,"1330",,"national-liberal-arts-colleges","usnews.com","NY","71676","union-college","12308"
"19","22",,,"Berea","private","6272",,"1527","3.6","1955","false","true","true","Berea College","100","https://www.usnews.com/best-colleges/berea-college","#45","45","2026",,"1146",,"national-liberal-arts-colleges","usnews.com","KY","55480","berea-college","40404"
"42","30",,,"Carlisle","private","33668",,"2311","3.6","3253","false","true","true","Dickinson College","62","https://www.usnews.com/best-colleges/dickinson-college","#45","45","2026",,"1310",,"national-liberal-arts-colleges","usnews.com","PA","68580","dickinson-college","17013"
"43","28",,,"Greenville","private","34947",,"2383","3.7","3434","false","true","true","Furman University","44","https://www.usnews.com/best-colleges/furman-university","#45","45","2026",,"1268",,"national-liberal-arts-colleges","usnews.com","SC","61444","furman-university","29613"
"31","31",,,"Gambier","private",,,"2249","3.9","3065","false","true","true","Kenyon College",,"https://www.usnews.com/best-colleges/kenyon-college","#45","45","2026",,"1358",,"national-liberal-arts-colleges","usnews.com","OH",,"kenyon-college","43022"
"57","27",,,"Sewanee","private","30345",,"1644",,"3534","false","true","true","The University of the South","45","https://www.usnews.com/best-colleges/the-university-of-the-south","#45","45","2026",,"1260",,"national-liberal-arts-colleges","usnews.com","TN","58226","the-university-of-the-south","37383"
"37","30",,,"New London","private","37393",,"1990",,"1379","false","true","true","Connecticut College","47","https://www.usnews.com/best-colleges/connecticut-college","#50","50","2026",,"1350",,"national-liberal-arts-colleges","usnews.com","CT","70266","connecticut-college","06320"
"21","30",,,"Hillsdale","private","36678",,"1649","3.9","2272","false","true","true","Hillsdale College","29","https://www.usnews.com/best-colleges/hillsdale-college","#50","50","2026",,"1320",,"national-liberal-arts-colleges","usnews.com","MI","34190","hillsdale-college","49242"
"48","28",,,"Northfield","private","22863",,"3124","3.7","2382","false","true","true","St. Olaf College","78","https://www.usnews.com/best-colleges/st-olaf-college","#50","50","2026",,"1300",,"national-liberal-arts-colleges","usnews.com","MN","62700","st-olaf-college","55057"
"63","23",,,"Crawfordsville","private","28490",,"866","3.5","1844","false","true","true","Wabash College","64","https://www.usnews.com/best-colleges/wabash-college","#50","50","2026",,"1060",,"national-liberal-arts-colleges","usnews.com","IN","52400","wabash-college","47933"
"87","28",,,"Wheaton","private","45509",,"2150","3.7","1781","false","true","true","Wheaton College","57","https://www.usnews.com/best-colleges/wheaton-college","#50","50","2026",,"1260",,"national-liberal-arts-colleges","usnews.com","IL","47590","wheaton-college","60187"
"54","25",,,"Danville","private","21341",,"1407","3.8","1961","false","true","true","Centre College","49","https://www.usnews.com/best-colleges/centre-college","#55","55","2026",,"1160",,"national-liberal-arts-colleges","usnews.com","KY","55490","centre-college","40422"
"50","28",,,"Memphis","private","33706",,"1793","3.7","3519","false","true","true","Rhodes College","50","https://www.usnews.com/best-colleges/rhodes-college","#55","55","2026",,"1330",,"national-liberal-arts-colleges","usnews.com","TN","58810","rhodes-college","38112"
"83","28",,,"Santa Paula","private","27883",,"566","3.8","10448","false","true","true","Thomas Aquinas College","63","https://www.usnews.com/best-colleges/thomas-aquinas-college","#55","55","2026",,"1220",,"national-liberal-arts-colleges","usnews.com","CA","31000","thomas-aquinas-college","93060"
"57","25",,,"Greencastle","private","30719",,"1917","3.9","1792","false","true","true","DePauw University","47","https://www.usnews.com/best-colleges/depauw-university","#58","58","2026",,"1120",,"national-liberal-arts-colleges","usnews.com","IN","61430","depauw-university","46135"
"39","29",,,"Gettysburg","private","30945",,"2098",,"3268","false","true","true","Gettysburg College","52","https://www.usnews.com/best-colleges/gettysburg-college","#58","58","2026",,"1270",,"national-liberal-arts-colleges","usnews.com","PA","68970","gettysburg-college","17325"
"34","31",,,"Oberlin","private","36671",,"2896","3.7","3086","false","true","true","Oberlin College","38","https://www.usnews.com/best-colleges/oberlin-college","#58","58","2026",,"1360",,"national-liberal-arts-colleges","usnews.com","OH","69432","oberlin-college","44074"
"54","30",,,"Canton","private","35096",,"1949","3.7","2829","false","true","true","St. Lawrence University","57","https://www.usnews.com/best-colleges/st-lawrence-university","#58","58","2026",,"1255",,"national-liberal-arts-colleges","usnews.com","NY","67890","st-lawrence-university","13617"
"38","29",,,"Walla Walla","private","27879",,"1561","3.7","3803","false","true","true","Whitman College","57","https://www.usnews.com/best-colleges/whitman-college","#58","58","2026",,"1310",,"national-liberal-arts-colleges","usnews.com","WA","66610","whitman-college","99362"
"43","21",,,"Elsah","private","26728",,"339","3.6","1744","false","true","true","Principia College","85","https://www.usnews.com/best-colleges/principia-college","#63","63","2026",,"1060",,"national-liberal-arts-colleges","usnews.com","IL","35930","principia-college","62028"
"25","30",,,"Portland","private",,,"1346","3.9","3217","false","true","true","Reed College",,"https://www.usnews.com/best-colleges/reed-college","#63","63","2026",,"1290",,"national-liberal-arts-colleges","usnews.com","OR","69350","reed-college","97202"
"64","24",,,"Appleton","private","27593",,"1417","3.5","3856","false","true","true","Lawrence University","64","https://www.usnews.com/best-colleges/lawrence-university","#65","65","2026",,"1200",,"national-liberal-arts-colleges","usnews.com","WI","58794","lawrence-university","54911"
"71","24",,"2.4","Lexington","public",,"3.3","1527","3.6","3753","true","true","true","Virginia Military Institute",,"https://www.usnews.com/best-colleges/virginia-military-institute","#65","65","2026",,"1050",,"national-liberal-arts-colleges","usnews.com","VA",,"virginia-military-institute","24450"
"62","25",,,"Decatur","private","28397",,"843","3.7","1542","false","true","true","Agnes Scott College","84","https://www.usnews.com/best-colleges/agnes-scott-college","#67","67","2026",,"1160",,"national-liberal-arts-colleges","usnews.com","GA","52552","agnes-scott-college","30030"
"75","20",,,"Kalamazoo","private",,,"1166","3.8","2275","false","true","true","Kalamazoo College",,"https://www.usnews.com/best-colleges/kalamazoo-college","#67","67","2026",,"1175",,"national-liberal-arts-colleges","usnews.com","MI","60900","kalamazoo-college","49006"
"52","27",,,"Spartanburg","private","30773",,"1817","3.6","3457","false","true","true","Wofford College","54","https://www.usnews.com/best-colleges/wofford-college","#67","67","2026",,"1198",,"national-liberal-arts-colleges","usnews.com","SC","58250","wofford-college","29303"
"52","28",,,"Annandale on Hudson","private",,,"2453",,"2671","false","true","true","Bard College",,"https://www.usnews.com/best-colleges/bard-college","#70","70","2026",,"1270",,"national-liberal-arts-colleges","usnews.com","NY","66436","bard-college","12504"
"61","24",,,"St. Peter","private",,,"1952",,"2353","false","true","true","Gustavus Adolphus College",,"https://www.usnews.com/best-colleges/gustavus-college","#70","70","2026",,,,"national-liberal-arts-colleges","usnews.com","MN","56076","gustavus-college","56082"
"72","29",,,"Allentown","private","32393",,"1737","3.5","3304","false","true","true","Muhlenberg College","65","https://www.usnews.com/best-colleges/muhlenberg-college","#70","70","2026",,"1250",,"national-liberal-arts-colleges","usnews.com","PA","65310","muhlenberg-college","18104"
"89","20",,,"St. Joseph","private","31291",,"1391","3.7","2341","false","true","true","College of St. Benedict","64","https://www.usnews.com/best-colleges/college-of-st-benedict","#73","73","2026",,"1020",,"national-liberal-arts-colleges","usnews.com","MN","57698","college-of-st-benedict","56321"
"64","28",,,"Geneva","private","33960",,"1794","3.6","2731","false","true","true","Hobart and William Smith Colleges","62","https://www.usnews.com/best-colleges/hobart-and-william-smith-colleges","#73","73","2026",,"1190",,"national-liberal-arts-colleges","usnews.com","NY","66562","hobart-and-william-smith-colleges","14456"
"57","28",,,"Lake Forest","private","21750",,"1814","3.8","1706","false","true","false","Lake Forest College","78","https://www.usnews.com/best-colleges/lake-forest-college","#75","75","2026",,"1190",,"national-liberal-arts-colleges","usnews.com","IL","58902","lake-forest-college","60045"
"55","25",,,"Meadville","private","35639",,"1171","3.4","3230","false","true","true","Allegheny College","70","https://www.usnews.com/best-colleges/allegheny-college","#76","76","2026",,"1173",,"national-liberal-arts-colleges","usnews.com","PA","58120","allegheny-college","16335"
"60","27",,,"Wooster","private","32437",,"1738","3.7","3037","false","true","true","The College of Wooster","63","https://www.usnews.com/best-colleges/the-college-of-wooster","#76","76","2026",,"1220",,"national-liberal-arts-colleges","usnews.com","OH","64210","the-college-of-wooster","44691"
"73","24",,,"Richmond","private","25431",,"696","3.4","1793","false","true","true","Earlham College","80","https://www.usnews.com/best-colleges/earlham-college","#76","76","2026",,"1110",,"national-liberal-arts-colleges","usnews.com","IN","55814","earlham-college","47374"
"71","21",,,"Galesburg","private","24976",,"1136","3.5","1704","false","true","true","Knox College","70","https://www.usnews.com/best-colleges/knox-college","#76","76","2026",,"1180",,"national-liberal-arts-colleges","usnews.com","IL","60051","knox-college","61401"
"68","29",,,"Norton","private","38442",,"1785","3.7","2227","false","true","true","Wheaton College","69","https://www.usnews.com/best-colleges/wheaton-college","#76","76","2026",,"1220",,"national-liberal-arts-colleges","usnews.com","MA","65700","wheaton-college","02766"
"77","28",,"2.4","Salem","private","34162",,"1683","3.7","3227","false","true","true","Willamette University","54","https://www.usnews.com/best-colleges/willamette-university","#76","76","2026",,"1220",,"national-liberal-arts-colleges","usnews.com","OR","54224","willamette-university","97301"
"77","21",,,"Collegeville","private","31087",,"1413","3.5","2379","false","true","true","Saint Johns University","58","https://www.usnews.com/best-colleges/saint-johns-university","#82","82","2026",,"960",,"national-liberal-arts-colleges","usnews.com","MN","57760","saint-johns-university","56321"
"66",,,,"Easton","private","37706",,"2579","3.4","2217","false","true","true","Stonehill College","63","https://www.usnews.com/best-colleges/stonehill-college","#82","82","2026",,,,"national-liberal-arts-colleges","usnews.com","MA","59300","stonehill-college","02357"
"47","23",,,"Sherman","private","26289",,"1167","3.6","3543","false","true","true","Austin College","68","https://www.usnews.com/best-colleges/austin-college","#84","84","2026",,"1100",,"national-liberal-arts-colleges","usnews.com","TX","50014","austin-college","75090"
"68","24",,,"Madison","private","33618",,"1611","3.5","2603","false","true","true","Drew University","61","https://www.usnews.com/best-colleges/drew-university","#84","84","2026",,"1103",,"national-liberal-arts-colleges","usnews.com","NJ","49100","drew-university","07940"
"79","25",,,"Holland","private","23857","2.8","3391","3.8","2273","false","true","true","Hope College","40","https://www.usnews.com/best-colleges/hope-college","#84","84","2026",,"1100",,"national-liberal-arts-colleges","usnews.com","MI","41242","hope-college","49422"
"76","26",,,"Notre Dame","private","26131",,"1495","3.9","1836","false","true","true","Saint Mary's College","65","https://www.usnews.com/best-colleges/saint-marys-college","#84","84","2026",,"1130",,"national-liberal-arts-colleges","usnews.com","IN","55293","saint-marys-college","46556"
"43","26",,,"Georgetown","private","28584",,"1440","3.5","3620","false","true","true","Southwestern University","55","https://www.usnews.com/best-colleges/southwestern-university","#84","84","2026",,"1130",,"national-liberal-arts-colleges","usnews.com","TX","56744","southwestern-university","78627"
"55","27",,,"Annapolis","private","26849",,"473","3.7","2092","false","true","true","St. John's College","64","https://www.usnews.com/best-colleges/st-johns-college","#84","84","2026",,"1270",,"national-liberal-arts-colleges","usnews.com","MD","42317","st-johns-college","21401"
"92","28",,,"Collegeville","private","37150",,"1502","3.5","3385","false","true","true","Ursinus College","68","https://www.usnews.com/best-colleges/ursinus","#84","84","2026",,"1200",,"national-liberal-arts-colleges","usnews.com","PA","62164","ursinus","19426"
"81",,,,"Washington","private","25338",,"1306","3.6","3389","false","true","true","Washington & Jefferson College","68","https://www.usnews.com/best-colleges/washington--jefferson-college","#84","84","2026",,,,"national-liberal-arts-colleges","usnews.com","PA","30280","washington--jefferson-college","15301"
"63","24",,,"Beloit","private","28224",,"1004","3.5","3835","false","true","true","Beloit College","64","https://www.usnews.com/best-colleges/beloit-college","#92","92","2026",,"1200",,"national-liberal-arts-colleges","usnews.com","WI","62586","beloit-college","53511"
"79","20",,,"Huntingdon","private","34652",,"1242","3.6","3279","false","true","true","Juniata College","71","https://www.usnews.com/best-colleges/juniata-college","#92","92","2026",,"1070",,"national-liberal-arts-colleges","usnews.com","PA","60600","juniata-college","16652"
"57","27",,,"Chestertown","private","74982",,"923","3.8","2108","false","true","true","Washington College","25","https://www.usnews.com/best-colleges/washington-college-maryland","#92","92","2026",,"1140",,"national-liberal-arts-colleges","usnews.com","MD","56988","washington-college-maryland","21620"
"83",,,,"Whittier","private","26775",,"767","3.5","1342","false","true","true","Whittier College","56","https://www.usnews.com/best-colleges/whittier-college","#92","92","2026",,,,"national-liberal-arts-colleges","usnews.com","CA","52877","whittier-college","90608"
"63","21",,,"Rock Island","private","32800",,"2522","3.4","1633","false","true","true","Augustana College","61","https://www.usnews.com/best-colleges/augustana-college","#96","96","2026",,"1030",,"national-liberal-arts-colleges","usnews.com","IL","53346","augustana-college","61201"
"47","23",,,"Conway","private","25945",,"1100","3.8","1099","false","true","true","Hendrix College","57","https://www.usnews.com/best-colleges/hendrix-college","#96","96","2026",,"1122",,"national-liberal-arts-colleges","usnews.com","AR","39750","hendrix-college","72032"
"78",,,,"Portland","private","30192",,"2139","3.6","3197","false","true","true","Lewis & Clark College","58","https://www.usnews.com/best-colleges/lewis--clark-college","#96","96","2026",,,,"national-liberal-arts-colleges","usnews.com","OR","68048","lewis--clark-college","97219"
"74","23",,,"Williamsport","private","26688",,"1019","3.4","3293","false","true","true","Lycoming College","82","https://www.usnews.com/best-colleges/lycoming-college","#96","96","2026",,"1080",,"national-liberal-arts-colleges","usnews.com","PA","51724","lycoming-college","17701"
"44","18",,"2.5","Atlanta","private","31158",,"2847","3.6","1582","false","true","true","Morehouse College","67","https://www.usnews.com/best-colleges/morehouse-college","#96","96","2026",,,,"national-liberal-arts-colleges","usnews.com","GA","34030","morehouse-college","30314"
"87","21",,,"Ashland","private","33065",,"1643","3.7","3733","false","true","true","Randolph-Macon College","66","https://www.usnews.com/best-colleges/randolph-macon-college","#96","96","2026",,"980",,"national-liberal-arts-colleges","usnews.com","VA","50950","randolph-macon-college","23005"
"78","24",,,"Manchester","private","39573",,"2094","3.5","2587","false","true","true","Saint Anselm College","63","https://www.usnews.com/best-colleges/st-anselm-college","#96","96","2026",,"1110",,"national-liberal-arts-colleges","usnews.com","NH","50580","st-anselm-college","03102"
"53","28",,,"Santa Fe","private","25700",,"368","3.7","2093","false","true","true","St. John's College","54","https://www.usnews.com/best-colleges/st-johns-college","#96","96","2026",,"1300",,"national-liberal-arts-colleges","usnews.com","NM","42574","st-johns-college","87505"
"69","26",,,"St. Marys City","public","39151",,"1632","3.5","2095","true","true","true","St. Mary's College of Maryland","46","https://www.usnews.com/best-colleges/st-marys-college","#96","96","2026",,"1143",,"national-liberal-arts-colleges","usnews.com","MD","32251","st-marys-college","20686"
"88","21",,"2","Selinsgrove","private","32970",,"2164","3.8","3369","false","true","true","Susquehanna University","77","https://www.usnews.com/best-colleges/susquehanna-university","#96","96","2026",,"1100",,"national-liberal-arts-colleges","usnews.com","PA","62200","susquehanna-university","17870"
"72","27",,,"Tacoma","private","34228",,"1594","3.6","3797","false","true","true","University of Puget Sound","55","https://www.usnews.com/best-colleges/university-of-puget-sound","#96","96","2026",,"1170",,"national-liberal-arts-colleges","usnews.com","WA","65886","university-of-puget-sound","98416"
"41","23",,,"Hampden-Sydney","private",,,"946","3.4","3713","false","true","true","Hampden-Sydney College",,"https://www.usnews.com/best-colleges/hampden-sydney","#107","107","2026",,"1030",,"national-liberal-arts-colleges","usnews.com","VA","57040","hampden-sydney","23943"
"77","27",,,"Purcellville","private",,,"425","3.9","252644","false","true","true","Patrick Henry College",,"https://www.usnews.com/best-colleges/patrick-henry-college","#107","107","2026",,"1240",,"national-liberal-arts-colleges","usnews.com","VA","28420","patrick-henry-college","20132"
"62","28",,,"Bronxville","private",,,"1521",,"2813","false","true","true","Sarah Lawrence College",,"https://www.usnews.com/best-colleges/sarah-lawrence","#109","109","2026",,"1240",,"national-liberal-arts-colleges","usnews.com","NY","66862","sarah-lawrence","10708"
"87","24",,,"Lexington","private",,,"1006","3.7","1987","false","true","true","Transylvania University",,"https://www.usnews.com/best-colleges/transylvania-university","#109","109","2026",,"1120",,"national-liberal-arts-colleges","usnews.com","KY","48920","transylvania-university","40508"
"78","19",,,"Jacksonville","private",,,"937","3.6","1688","false","true","true","Illinois College",,"https://www.usnews.com/best-colleges/illinois-college","#111","111","2026",,"880",,"national-liberal-arts-colleges","usnews.com","IL","39854","illinois-college","62650"
"85",,,,"McMinnville","private",,,"1641","3.6","3198","false","true","true","Linfield University",,"https://www.usnews.com/best-colleges/linfield-university","#111","111","2026",,,,"national-liberal-arts-colleges","usnews.com","OR","52580","linfield-university","97128"
"84","22",,,"Decorah","private",,,"1384","3.5","1874","false","true","true","Luther College",,"https://www.usnews.com/best-colleges/luther-college","#111","111","2026",,"1078",,"national-liberal-arts-colleges","usnews.com","IA","54250","luther-college","52101"
"86","21",,,"De Pere","private",,,"1970","3.6","3892","false","true","true","St. Norbert College",,"https://www.usnews.com/best-colleges/st-norbert-college","#111","111","2026",,"1033",,"national-liberal-arts-colleges","usnews.com","WI","46696","st-norbert-college","54115"
"72","23",,,"Hanover","private",,"2.1","1035","3.8","1801","false","true","true","Hanover College",,"https://www.usnews.com/best-colleges/hanover-college","#115","115","2026",,"1110",,"national-liberal-arts-colleges","usnews.com","IN","44288","hanover-college","47243"
"90",,,,"North Adams","public",,,"794","3.2","2187","true","true","true","Massachusetts College of Liberal Arts",,"https://www.usnews.com/best-colleges/mcla","#115","115","2026",,,,"national-liberal-arts-colleges","usnews.com","MA","21693","mcla","01247"
"74","23",,,"Raleigh","private",,,"1206","3.5","2945","false","true","true","Meredith College",,"https://www.usnews.com/best-colleges/meredith-college","#115","115","2026",,"1098",,"national-liberal-arts-colleges","usnews.com","NC","47448","meredith-college","27607"
"85","26",,,"Colchester","private",,,"1120",,"3694","false","true","true","Saint Michael's College",,"https://www.usnews.com/best-colleges/saint-michaels-college","#115","115","2026",,"1120",,"national-liberal-arts-colleges","usnews.com","VT","52550","saint-michaels-college","05439"
"75","20",,,"Morris","public",,,"981","3.3","2389","true","true","true","University of Minnesota-Morris",,"https://www.usnews.com/best-colleges/university-of-minnesotamorris","#115","115","2026",,"1465",,"national-liberal-arts-colleges","usnews.com","MN","17600","university-of-minnesotamorris","56267"
"77","25",,,"Santa Barbara","private",,,"1312","3.6","1341","false","true","true","Westmont College",,"https://www.usnews.com/best-colleges/westmont-college","#115","115","2026",,"1230",,"national-liberal-arts-colleges","usnews.com","CA","55724","westmont-college","93108"
"45","30",,,"Bennington","private",,,"797","3.5","3682","false","true","true","Bennington College",,"https://www.usnews.com/best-colleges/bennington-college","#121","121","2026",,"1291",,"national-liberal-arts-colleges","usnews.com","VT","68746","bennington-college","05201"
"80","23",,,"Mount Vernon","private",,"2.1","1082",,"1856","false","true","true","Cornell College",,"https://www.usnews.com/best-colleges/cornell-college","#121","121","2026",,"1120",,"national-liberal-arts-colleges","usnews.com","IA","52660","cornell-college","52314"
"56",,,,"Delaware","private",,,"1525","3.6","3109","false","true","true","Ohio Wesleyan University",,"https://www.usnews.com/best-colleges/ohio-wesleyan-university","#121","121","2026",,,,"national-liberal-arts-colleges","usnews.com","OH","54954","ohio-wesleyan-university","43015"
"62","20",,,"Latrobe","private",,"2.1","1284","3.6","3368","false","true","true","Saint Vincent College",,"https://www.usnews.com/best-colleges/saint-vincent-college","#121","121","2026",,"1020",,"national-liberal-arts-colleges","usnews.com","PA","44336","saint-vincent-college","15650"
"93",,,,"New Wilmington","private",,,"1136","3.6","3392","false","true","true","Westminster College",,"https://www.usnews.com/best-colleges/westminster-college","#121","121","2026",,,,"national-liberal-arts-colleges","usnews.com","PA","41100","westminster-college","16172"
"64","22",,,"Cedar Rapids","private",,,"1195","3.7","1854","false","true","true","Coe College",,"https://www.usnews.com/best-colleges/coe-college","#126","126","2026",,"1040",,"national-liberal-arts-colleges","usnews.com","IA","56730","coe-college","52402"
"70","28",,,"Bar Harbor","private",,,"353","3.8","11385","false","true","true","College of the Atlantic",,"https://www.usnews.com/best-colleges/college-of-the-atlantic","#126","126","2026",,"1240",,"national-liberal-arts-colleges","usnews.com","ME","49464","college-of-the-atlantic","04609"
"87","23",,,"Lookout Mountain","private",,,"1087","3.8","3484","false","true","true","Covenant College",,"https://www.usnews.com/best-colleges/covenant-college","#126","126","2026",,"1160",,"national-liberal-arts-colleges","usnews.com","GA","43668","covenant-college","30750"
"78","27",,,"Baltimore","private",,,"981","3.3","2073","false","true","true","Goucher College",,"https://www.usnews.com/best-colleges/goucher-college","#126","126","2026",,"1090",,"national-liberal-arts-colleges","usnews.com","MD","55300","goucher-college","21204"
"83","24",,,"Salem","private",,,"1793",,"3736","false","true","true","Roanoke College",,"https://www.usnews.com/best-colleges/roanoke-college","#126","126","2026",,"1090",,"national-liberal-arts-colleges","usnews.com","VA","39208","roanoke-college","24153"
"81",,,,"Albion","private",,,"1308","3.4","2235","false","true","true","Albion College",,"https://www.usnews.com/best-colleges/albion-college","#131","131","2026",,,,"national-liberal-arts-colleges","usnews.com","MI","58500","albion-college","49224"
"86","20",,,"Pella","private",,"2.1","1084","3.6","1850","false","true","true","Central College",,"https://www.usnews.com/best-colleges/central-college","#131","131","2026",,"1056",,"national-liberal-arts-colleges","usnews.com","IA","21934","central-college","50219"
"74","27",,,"Purchase","public",,,"3283","3.4","6791","true","true","true","Purchase College--SUNY",,"https://www.usnews.com/best-colleges/suny-purchase","#131","131","2026",,"1185",,"national-liberal-arts-colleges","usnews.com","NY","18863","suny-purchase","10577"
"80","27",,"2.2","Fredericksburg","public",,,"3660","3.8","3746","true","true","true","University of Mary Washington",,"https://www.usnews.com/best-colleges/university-of-mary-washington","#131","131","2026",,"1170",,"national-liberal-arts-colleges","usnews.com","VA","28810","university-of-mary-washington","22401"
"65","15",,,"Orangeburg","private",,,"1731","3.6","3424","false","true","true","Claflin University",,"https://www.usnews.com/best-colleges/claflin-university","#135","135","2026",,"890",,"national-liberal-arts-colleges","usnews.com","SC",,"claflin-university","29115"
"63","21",,,"Moorhead","private",,,"1864","3.6","2346","false","true","true","Concordia College--Moorhead",,"https://www.usnews.com/best-colleges/concordia-college-moorhead","#135","135","2026",,,,"national-liberal-arts-colleges","usnews.com","MN",,"concordia-college-moorhead","56562"
"76","24",,,"St. Petersburg","private",,,"1893","3.6","1487","false","true","true","Eckerd College",,"https://www.usnews.com/best-colleges/eckerd-college","#135","135","2026",,"1160",,"national-liberal-arts-colleges","usnews.com","FL","53436","eckerd-college","33711"
"76",,,,"Boston","private",,,"1909",,"2147","false","true","true","Emmanuel College",,"https://www.usnews.com/best-colleges/emmanuel-college--massachusetts","#135","135","2026",,"1170",,"national-liberal-arts-colleges","usnews.com","MA","50694","emmanuel-college--massachusetts","02115"
"68","26",,,"Roanoke","private",,,"665","3.7","3715","false","true","true","Hollins University",,"https://www.usnews.com/best-colleges/hollins-university","#135","135","2026",,"1106",,"national-liberal-arts-colleges","usnews.com","VA","44910","hollins-university","24020"
"73","21",,,"Sarasota","public",,,"852","3.8","153704","true","true","true","New College of Florida",,"https://www.usnews.com/best-colleges/new-college-of-florida","#135","135","2026",,"1060",,"national-liberal-arts-colleges","usnews.com","FL","29944","new-college-of-florida","34243"
"81",,,,"Manchester","public",,,"522",,"9009","true","true","true","University of New Hampshire at Manchester",,"https://www.usnews.com/best-colleges/university-of-new-hampshire-at-manchester","#135","135","2026",,"973",,"national-liberal-arts-colleges","usnews.com","NH","36418","university-of-new-hampshire-at-manchester","03102"
"92","23",,,"Asheville","public",,"2.5","3030","3.4","2907","true","true","true","University of North Carolina--Asheville",,"https://www.usnews.com/best-colleges/university-of-north-carolina-asheville","#135","135","2026",,"1170",,"national-liberal-arts-colleges","usnews.com","NC","24849","university-of-north-carolina-asheville","28804"
"56","20",,,"Shreveport","private",,,"693","3.5","2003","false","true","true","Centenary College",,"https://www.usnews.com/best-colleges/centenary-college","#143","143","2026",,"1060",,"national-liberal-arts-colleges","usnews.com","LA","43450","centenary-college","71104"
"80","20",,,"Ripon","private",,,"696","3.3","3884","false","true","true","Ripon College",,"https://www.usnews.com/best-colleges/ripon-college","#143","143","2026",,"950",,"national-liberal-arts-colleges","usnews.com","WI","53250","ripon-college","54971"
"79","16",,,"Winston-Salem","private",,,"464","3.9","2960","false","true","true","Salem College",,"https://www.usnews.com/best-colleges/salem-college","#143","143","2026",,"1066",,"national-liberal-arts-colleges","usnews.com","NC","35200","salem-college","27101"
"94","20",,,"Grand Rapids","private",,,"1019","3.5","2239","false","true","true","Aquinas College",,"https://www.usnews.com/best-colleges/aquinas-college","#146","146","2026",,"910",,"national-liberal-arts-colleges","usnews.com","MI","41992","aquinas-college","49506"
"70","20",,,"Franklin","private",,,"931","3.6","1798","false","true","true","Franklin College",,"https://www.usnews.com/best-colleges/franklin-college","#146","146","2026",,"1060",,"national-liberal-arts-colleges","usnews.com","IN","40010","franklin-college","46131"
"89","26",,,"Houghton","private",,,"939","3.6","2734","false","true","true","Houghton University",,"https://www.usnews.com/best-colleges/houghton-university","#146","146","2026",,"1170",,"national-liberal-arts-colleges","usnews.com","NY","20616","houghton-university","14744"
"43","21",,"2","Jackson","private",,,"549","3.5","2414","false","true","true","Millsaps College",,"https://www.usnews.com/best-colleges/millsaps-college","#146","146","2026",,"1025",,"national-liberal-arts-colleges","usnews.com","MS",,"millsaps-college","39210"
"84","23",,,,"private",,,"309",,"188218","false","true","true","New Saint Andrews College",,"https://www.usnews.com/best-colleges/new-saint-andrews-college","#146","146","2026",,"1155",,"national-liberal-arts-colleges","usnews.com","ID","18000","new-saint-andrews-college",
"69",,,,"Oneonta","private",,,"1097","3.5","2729","false","true","true","Hartwick College",,"https://www.usnews.com/best-colleges/hartwick-college","#151","151","2026",,"1070",,"national-liberal-arts-colleges","usnews.com","NY","23200","hartwick-college","13820"
"68","22",,,"Arkadelphia","private",,,"1729","3.8","1102","false","true","true","Ouachita Baptist University",,"https://www.usnews.com/best-colleges/ouachita-baptist-university","#151","151","2026",,"1070",,"national-liberal-arts-colleges","usnews.com","AR","35740","ouachita-baptist-university","71998"
"53",,,,"Cayey","public",,,"2218",,"7206","true","true","true","University of Puerto Rico--Cayey",,"https://www.usnews.com/best-colleges/university-of-puerto-rico-cayey","#151","151","2026",,"843",,"national-liberal-arts-colleges","usnews.com","PR","5354","university-of-puerto-rico-cayey","00736"
"39","21",,,"Mankato","private",,,"856",,"2337","false","true","true","Bethany Lutheran College",,"https://www.usnews.com/best-colleges/bethany-lutheran-college","#154","154","2026",,"1040",,"national-liberal-arts-colleges","usnews.com","MN","32660","bethany-lutheran-college","56001"
"91","20",,,"Monmouth","private",,,"714","3.4","1725","false","true","true","Monmouth College",,"https://www.usnews.com/best-colleges/monmouth-college","#154","154","2026",,"1000",,"national-liberal-arts-colleges","usnews.com","IL","45802","monmouth-college","61462"
"81","18",,,"New Orleans","private",,,"1068","3.3","2004","false","true","true","Dillard University",,"https://www.usnews.com/best-colleges/dillard-university","#156","156","2026",,"930",,"national-liberal-arts-colleges","usnews.com","LA","20118","dillard-university","70122"
"37","19",,,"Nashville","private",,,"1035",,"3490","false","true","true","Fisk University",,"https://www.usnews.com/best-colleges/fisk","#156","156","2026",,"1140",,"national-liberal-arts-colleges","usnews.com","TN",,"fisk","37208"
"86","25",,,"Wenham","private",,,"1314","3.8","2153","false","true","true","Gordon College",,"https://www.usnews.com/best-colleges/gordon-college","#156","156","2026",,"1130",,"national-liberal-arts-colleges","usnews.com","MA","34300","gordon-college","01984"
"75",,,,"Amherst","private",,,"844","3.4","4661","false","true","true","Hampshire College",,"https://www.usnews.com/best-colleges/hampshire-college","#156","156","2026",,,,"national-liberal-arts-colleges","usnews.com","MA","61484","hampshire-college","01002"
"89","21",,,"Atlanta","private",,,"1361","3.7","1586","false","true","true","Oglethorpe University",,"https://www.usnews.com/best-colleges/oglethorpe-university","#156","156","2026",,"1040",,"national-liberal-arts-colleges","usnews.com","GA","49430","oglethorpe-university","30319"
"94","19",,,"Lynchburg","private",,,"541",,"3734","false","true","true","Randolph College",,"https://www.usnews.com/best-colleges/randolph-college","#156","156","2026",,"1100",,"national-liberal-arts-colleges","usnews.com","VA","30310","randolph-college","24503"
"76","21",,,"Waverly","private",,,"1462","3.6","1896","false","true","true","Wartburg College",,"https://www.usnews.com/best-colleges/wartburg-college","#156","156","2026",,"930",,"national-liberal-arts-colleges","usnews.com","IA","27300","wartburg-college","50677"
"68","21",,,"Clinton","private",,,"853","3.3","3445","false","true","false","Presbyterian College",,"https://www.usnews.com/best-colleges/presbyterian-college","#163","163","2026",,"980",,"national-liberal-arts-colleges","usnews.com","SC","46160","presbyterian-college","29325"
"70","19",,,"Sweet Briar","private",,"2.6","441","3.4","3742","false","true","true","Sweet Briar College",,"https://www.usnews.com/best-colleges/sweet-briar-college","#164","164","2026",,"1020",,"national-liberal-arts-colleges","usnews.com","VA","27680","sweet-briar-college","24595"
"79","19",,,"Fulton","private",,,"593",,"2523","false","true","true","Westminster College",,"https://www.usnews.com/best-colleges/westminster-college","#164","164","2026",,"990",,"national-liberal-arts-colleges","usnews.com","MO","35214","westminster-college","65251"
"72","21",,,"Springfield","private",,,"1288",,"3143","false","true","true","Wittenberg University",,"https://www.usnews.com/best-colleges/wittenberg-university","#164","164","2026",,"980",,"national-liberal-arts-colleges","usnews.com","OH","45940","wittenberg-university","45501"
"92",,,,"Bridgewater","private",,,"1407",,"3704","false","true","true","Bridgewater College",,"https://www.usnews.com/best-colleges/bridgewater-college","#167","167","2026",,"1020",,"national-liberal-arts-colleges","usnews.com","VA","17523","bridgewater-college","22812"
"63",,,,"Batesville","private",,,"664",,"1088","false","true","true","Lyon College",,"https://www.usnews.com/best-colleges/lyon-college","#167","167","2026",,,,"national-liberal-arts-colleges","usnews.com","AR","31290","lyon-college","72503"
"29","18",,,"Wise","public",,"2.1","2254",,"3747","true","true","true","University of Virginia's College at Wise",,"https://www.usnews.com/best-colleges/university-of-virginias-college-at-wise","#167","167","2026",,"915",,"national-liberal-arts-colleges","usnews.com","VA","28009","university-of-virginias-college-at-wise","24293"
"76",,,,"Reading","private",,,"1328",,"3229","false","true","true","Albright College",,"https://www.usnews.com/best-colleges/albright-college","#170","170","2026",,,,"national-liberal-arts-colleges","usnews.com","PA","29082","albright-college","19612"
"61",,,,"Maryville","private",,,"1132","3.5","3505","false","true","true","Maryville College",,"https://www.usnews.com/best-colleges/maryville-college","#170","170","2026",,,,"national-liberal-arts-colleges","usnews.com","TN","40658","maryville-college","37804"
"80","18",,,"Greensboro","private",,,"1160",,"2931","false","true","false","Guilford College",,"https://www.usnews.com/best-colleges/guilford-college","#172","172","2026",,"1120",,"national-liberal-arts-colleges","usnews.com","NC","41362","guilford-college","27410"
"58",,,,"Charlotte","private",,,"1252","2.9","2936","false","true","true","Johnson C. Smith University",,"https://www.usnews.com/best-colleges/johnson-c-smith-university","#173","173","2026",,,,"national-liberal-arts-colleges","usnews.com","NC","22150","johnson-c-smith-university","28216"
"66",,,,"Redding","private",,,"820","3.2","1291","false","true","true","Simpson University",,"https://www.usnews.com/best-colleges/simpson-university","#173","173","2026",,,,"national-liberal-arts-colleges","usnews.com","CA","40810","simpson-university","96003"
"49",,,,"Ave Maria","private",,,"1326",,"39413","false","true","false","Ave Maria University",,"https://www.usnews.com/best-colleges/ave-maria-university","#175","175","2026",,,,"national-liberal-arts-colleges","usnews.com","FL","31766","ave-maria-university","34142"
"86",,,,"Brooklyn","public",,,"3233",,"10097","true","true","true","Medgar Evers College--CUNY",,"https://www.usnews.com/best-colleges/medgar-evers-college-cuny","#176","176","2026",,"850",,"national-liberal-arts-colleges","usnews.com","NY","18920","medgar-evers-college-cuny","11225"
"100",,,,"Pasadena","private",,,"147",,"41539","false","true","true","Providence Christian College",,"https://www.usnews.com/best-colleges/providence-christian-college","#176","176","2026",,,,"national-liberal-arts-colleges","usnews.com","CA","36963","providence-christian-college","91104"
"73",,,,"Virginia Beach","private",,,"1749","3.3","3767","false","true","true","Batten University",,"https://www.usnews.com/best-colleges/virginia-wesleyan","#178","178","2026",,,,"national-liberal-arts-colleges","usnews.com","VA","38780","virginia-wesleyan","23455"
"83","24",,,"New York","private",,,"1601","3.5","2769","false","true","true","Marymount Manhattan College",,"https://www.usnews.com/best-colleges/marymount-manhattan","#178","178","2026",,"1105",,"national-liberal-arts-colleges","usnews.com","NY","43546","marymount-manhattan","10021"
"83",,,,"Bryn Athyn","private",,,"273",,"3228","false","true","true","Bryn Athyn College of the New Church",,"https://www.usnews.com/best-colleges/bryn-athyn","#180","180","2026",,,,"national-liberal-arts-colleges","usnews.com","PA","28917","bryn-athyn","19009"
"91","20",,,"Georgetown","private",,,"1111","3.4","1964","false","true","true","Georgetown College",,"https://www.usnews.com/best-colleges/georgetown-college","#180","180","2026",,"960",,"national-liberal-arts-colleges","usnews.com","KY","43677","georgetown-college","40324"
"60","16",,,"Tougaloo","private",,,"1286","2.8","2439","false","true","true","Tougaloo College",,"https://www.usnews.com/best-colleges/tougaloo-college","#180","180","2026",,,,"national-liberal-arts-colleges","usnews.com","MS","12628","tougaloo-college","39174"
"45","28",,"3.1","Waltham","private","38598",,"4526",,"2124","false","true","false","Bentley University","42","https://www.usnews.com/best-colleges/bentley-university","#1","1","2026","north","1280",,"regional-universities-north","usnews.com","MA","63890","bentley-university","02452"
"85","26",,"2.8","Indianapolis","private","40156",,"4489","3.9","1788","false","true","false","Butler University","47","https://www.usnews.com/best-colleges/butler-university","#1","1","2026","midwest","1160",,"regional-universities-midwest","usnews.com","IN","49890","butler-university","46208"
"31","28",,"3","San Luis Obispo","public","35012","4.2","21947","3.9","1143","true","true","false","California Polytechnic State University--San Luis Obispo","12","https://www.usnews.com/best-colleges/california-polytechnic-state-university-san-luis-obispo","#1","1","2026","west","1220",,"regional-universities-west","usnews.com","CA","22185","california-polytechnic-state-university-san-luis-obispo","93407"
"93","22",,"2.7","Charleston","public","28953","3.6","2737","3.8","3423","true","true","false","The Citadel, the Military College of South Carolina","42","https://www.usnews.com/best-colleges/the-citadel-the-military-college-of-south-carolina","#1","1","2026","south","1085",,"regional-universities-south","usnews.com","SC","39081","the-citadel-the-military-college-of-south-carolina","29409"
"77","24",,,"Prescott","private","40966","3.6","3229",,"666090","false","true","false","Embry-Riddle Aeronautical University--Prescott","49","https://www.usnews.com/best-colleges/embry-riddle-prescott","#1","1","2026","west","1143",,"regional-colleges-west","usnews.com","AZ","45766","embry-riddle-prescott","86301"
"75","24",,,"High Point","private",,,"5135","3.4","2933","false","true","false","High Point University",,"https://www.usnews.com/best-colleges/high-point-university","#1","1","2026","south","1110",,"regional-colleges-south","usnews.com","NC",,"high-point-university","27268"
"74","24",,"2","Ada","private","24906","3.6","2706","3.7","3089","false","true","false","Ohio Northern University","69","https://www.usnews.com/best-colleges/ohio-northern-university","#1","1","2026","midwest","1170",,"regional-colleges-midwest","usnews.com","OH","41470","ohio-northern-university","45810"
"22","27",,"2.8","New London","public",,"3.8","1081",,"1415","true","true","false","United States Coast Guard Academy",,"https://www.usnews.com/best-colleges/united-states-coast-guard-academy","#1","1","2026","north","1240",,"regional-colleges-north","usnews.com","CT",,"united-states-coast-guard-academy","06320"
"95",,,,"Vallejo","public",,"2.9","761",,"1134","true","true","false","California State University--Maritime Academy",,"https://www.usnews.com/best-colleges/california-state-university-maritime-academy","#2","2","2026","west",,,"regional-colleges-west","usnews.com","CA","22544","california-state-university-maritime-academy","94590"
"21","33",,,"New York","private","23524","3.9","854","3.8","2710","false","true","false","Cooper Union for the Advancement of Science and Art","64","https://www.usnews.com/best-colleges/cooper-union","#2","2","2026","north","1400",,"regional-colleges-north","usnews.com","NY","46820","cooper-union","10003"
"35","26",,,"Lakeland","public","26278","2.9","1690","3.5","506094","true","true","false","Florida Polytechnic University","34","https://www.usnews.com/best-colleges/florida-polytechnic-university","#2","2","2026","south","1230",,"regional-colleges-south","usnews.com","FL","21005","florida-polytechnic-university","33805"
"39","25",,,"Bloomington","private","28811",,"1582","3.8","1696","false","true","false","Illinois Wesleyan University","69","https://www.usnews.com/best-colleges/illinois-wesleyan-university","#2","2","2026","midwest","1120",,"regional-colleges-midwest","usnews.com","IL","59430","illinois-wesleyan-university","61702"
"81","25",,"2.5","University Heights","private","34547",,"2339","3.7","3050","false","true","true","John Carroll University","63","https://www.usnews.com/best-colleges/john-carroll-university","#2","2","2026","midwest","1180",,"regional-universities-midwest","usnews.com","OH","51960","john-carroll-university","44118"
"62","25",,,"Milwaukee","private","30367","3.9","2704","3.7","3868","false","true","true","Milwaukee School of Engineering","71","https://www.usnews.com/best-colleges/milwaukee-school-of-engineering","#2","2","2026","midwest","1160",,"regional-universities-midwest","usnews.com","WI","52228","milwaukee-school-of-engineering","53202"
"51","29",,"2.7","Providence","private","43685",,"4556","3.5","3406","false","true","false","Providence College","44","https://www.usnews.com/best-colleges/providence-college","#2","2","2026","north","1250",,"regional-universities-north","usnews.com","RI","65960","providence-college","02918"
"48","25",,"2.6","Winter Park","private","38761",,"2640","3.4","1515","false","true","false","Rollins College","50","https://www.usnews.com/best-colleges/rollins-college","#2","2","2026","south","1190",,"regional-universities-south","usnews.com","FL","62950","rollins-college","32789"
"89","25",,"2.7","Portland","private","36405","3","2986","3.7","3224","false","true","false","University of Portland","50","https://www.usnews.com/best-colleges/university-of-portland","#2","2","2026","west","1160",,"regional-universities-west","usnews.com","OR","60350","university-of-portland","97203"
"90","21",,"2.6","Boone","public","35014",,"19560","3.8","2906","true","true","false","Appalachian State University","25","https://www.usnews.com/best-colleges/appalachian-state","#3","3","2026","south","1120",,"regional-universities-south","usnews.com","NC","25932","appalachian-state","28608"
"74",,,"2.8","Pomona","public","39916","3.9","25255","3.7","1144","true","true","false","California State Polytechnic University--Pomona","12","https://www.usnews.com/best-colleges/california-state-polytechnic-university-pomona","#3","3","2026","west",,,"regional-universities-west","usnews.com","CA","20380","california-state-polytechnic-university-pomona","91768"
"71","21",,,"Helena","private",,"2.4","1062",,"2526","false","true","false","Carroll College",,"https://www.usnews.com/best-colleges/carroll-college","#3","3","2026","west","1050",,"regional-colleges-west","usnews.com","MT","41484","carroll-college","59625"
"12","20",,,"Point Lookout","private","21372","2.4","1454","3.7","2500","false","true","false","College of the Ozarks","59","https://www.usnews.com/best-colleges/college-ozarks","#3","3","2026","midwest","1050",,"regional-colleges-midwest","usnews.com","MO","24420","college-ozarks","65726"
"81","19",,,"St. Augustine","private","34065",,"2409","3.6","7893","false","true","false","Flagler College","56","https://www.usnews.com/best-colleges/flagler","#3","3","2026","south","960",,"regional-colleges-south","usnews.com","FL","33390","flagler","32084"
"19","31",,,"Providence","private",,,"2092",,"3409","false","true","false","Rhode Island School of Design",,"https://www.usnews.com/best-colleges/rhode-island-school-of-design","#3","3","2026","north","1396",,"regional-universities-north","usnews.com","RI","62688","rhode-island-school-of-design","02903"
"32","22",,,"Kings Point","public",,"3.3","962",,"2892","true","true","false","United States Merchant Marine Academy",,"https://www.usnews.com/best-colleges/us-merchant-marine","#3","3","2026","north","1110",,"regional-colleges-north","usnews.com","NY",,"us-merchant-marine","11024"
"64","22",,"2.4","Mount Berry","private","24781",,"2254","3.9","1554","false","true","true","Berry College","65","https://www.usnews.com/best-colleges/berry-college","#4","4","2026","south","1125",,"regional-universities-south","usnews.com","GA","42886","berry-college","30149"
"71","24",,,"Grand Rapids","private","28506","3.1","3356","3.8","2241","false","true","false","Calvin University","52","https://www.usnews.com/best-colleges/calvin-university","#4","4","2026","midwest","1083",,"regional-universities-midwest","usnews.com","MI","40500","calvin-university","49546"
"75","17",,,"Salisbury","private","42015",,"1263","3.8","2914","false","true","false","Catawba College","56","https://www.usnews.com/best-colleges/catawba-college","#4","4","2026","south","1030",,"regional-colleges-south","usnews.com","NC","35500","catawba-college","28144"
"62","26",,"2.1","Ewing","public","40751","2.9","7435",,"2642","true","true","false","The College of New Jersey","14","https://www.usnews.com/best-colleges/the-college-of-new-jersey","#4","4","2026","north","1140",,"regional-universities-north","usnews.com","NJ","26742","the-college-of-new-jersey","08628"
"65","24",,,"Daytona Beach","private","39886","2.7","7886",,"1479","false","true","true","Embry-Riddle Aeronautical University-Daytona Beach","52","https://www.usnews.com/best-colleges/embryriddle-aeronautical-universitydaytona-beach","#4","4","2026","south","1160",,"regional-universities-south","usnews.com","FL","46006","embryriddle-aeronautical-universitydaytona-beach","32114"
"95","18",,,"Klamath Falls","public","49728","3","5162","3.5","3211","true","true","false","Oregon Institute of Technology","30","https://www.usnews.com/best-colleges/oregon-institute-of-technology","#4","4","2026","west","1000",,"regional-colleges-west","usnews.com","OR","38653","oregon-institute-of-technology","97601"
"76",,,,"Williamsport","public",,,"4526","3.1","3395","true","true","false","Pennsylvania College of Technology",,"https://www.usnews.com/best-colleges/penn-college","#4","4","2026","north",,,"regional-colleges-north","usnews.com","PA","26640","penn-college","17701"
"85","24",,"2.8","San Jose","public","33110","3.5","28008","3.5","1155","true","true","false","San Jose State University","33","https://www.usnews.com/best-colleges/san-jose-state-university","#4","4","2026","west","1070",,"regional-universities-west","usnews.com","CA","22166","san-jose-state-university","95192"
"74","24",,,"Upland","private","26309","2.6","2503","3.8","1838","false","true","false","Taylor University","54","https://www.usnews.com/best-colleges/taylor-university","#4","4","2026","midwest","1070",,"regional-colleges-midwest","usnews.com","IN","41350","taylor-university","46989"
"68","27",,"2.5","Smithfield","private","44873",,"3200","3.5","3402","false","true","false","Bryant University","52","https://www.usnews.com/best-colleges/bryant-university","#5","5","2026","north","1190",,"regional-universities-north","usnews.com","RI","54404","bryant-university","02917"
"49","23",,,"Caldwell","private","41947",,"1041",,"1617","false","true","false","College of Idaho","42","https://www.usnews.com/best-colleges/college-of-idaho","#5","5","2026","west","1070",,"regional-colleges-west","usnews.com","ID","38820","college-of-idaho","83605"
"72","21",,,"Sioux Center","private","27257","2.8","1691","3.7","1859","false","true","false","Dordt University","53","https://www.usnews.com/best-colleges/dordt-university","#5","5","2026","midwest","1086",,"regional-universities-midwest","usnews.com","IA","38050","dordt-university","51250"
"69","23",,,"Grove City","private","24034","2.5","2341","3.7","3269","false","true","false","Grove City College","43","https://www.usnews.com/best-colleges/grove-city-college","#5","5","2026","north","1150",,"regional-colleges-north","usnews.com","PA","22570","grove-city-college","16127"
"81","22",,"2","Austin","private","32727",,"2499",,"3621","false","true","false","Saint Edward's University","69","https://www.usnews.com/best-colleges/saint-edwards-university","#5","5","2026","west","970",,"regional-universities-west","usnews.com","TX","51890","saint-edwards-university","78704"
"86","31",,,"Indianola","private","26387",,"1235","3.5","1887","false","true","false","Simpson College","80","https://www.usnews.com/best-colleges/simpson-college","#5","5","2026","midwest",,,"regional-colleges-midwest","usnews.com","IA","48988","simpson-college","50125"
"59","20",,,"Macon","private",,,"595",,"1600","false","true","false","Wesleyan College",,"https://www.usnews.com/best-colleges/wesleyan-college","#5","5","2026","south","968",,"regional-colleges-south","usnews.com","GA","27650","wesleyan-college","31210"
"57",,,,"Alma","private","62812",,"1159","3.6","2236","false","true","false","Alma College","41","https://www.usnews.com/best-colleges/alma-college","#6","6","2026","midwest","978",,"regional-colleges-midwest","usnews.com","MI","51524","alma-college","48801"
"86","25",,"2.2","Newport News","public","42880","2.6","4369",,"3706","true","true","false","Christopher Newport University","13","https://www.usnews.com/best-colleges/christopher-newport-university","#6","6","2026","south","1060",,"regional-universities-south","usnews.com","VA","31040","christopher-newport-university","23606"
"77","26",,,"Elmira","private","27184",,"745","3.3","2718","false","true","false","Elmira College","77","https://www.usnews.com/best-colleges/elmira-college","#6","6","2026","north","1090",,"regional-colleges-north","usnews.com","NY","39760","elmira-college","14901"
"71","19",,"2.3","Kansas City","private","34193","2.2","2304","3.6","2499","false","true","false","Rockhurst University","59","https://www.usnews.com/best-colleges/rockhurst-university","#6","6","2026","midwest",,,"regional-universities-midwest","usnews.com","MO","46270","rockhurst-university","64110"
"89","28",,"2.7","Philadelphia","private","41241",,"5044","3.7","3367","false","true","false","Saint Joseph's University","61","https://www.usnews.com/best-colleges/saint-josephs-university","#6","6","2026","north","1170",,"regional-universities-north","usnews.com","PA","55380","saint-josephs-university","19131"
"60","20",,,"Clarksville","private","17237",,"782",,"1094","false","true","false","University of the Ozarks","61","https://www.usnews.com/best-colleges/university-of-the-ozarks","#6","6","2026","south","1020",,"regional-colleges-south","usnews.com","AR","26700","university-of-the-ozarks","72830"
"91","21",,"2.3","Bothell","public","47549","2.5","5472","3.5","600788","true","true","false","University of Washington Bothell","7","https://www.usnews.com/best-colleges/university-of-washington-bothell","#6","6","2026","west","1090",,"regional-universities-west","usnews.com","WA","44706","university-of-washington-bothell","98011"
"71",,,,"Portland","private","29283",,"350",,"3225","false","true","false","Warner Pacific University","57","https://www.usnews.com/best-colleges/warner-pacific","#6","6","2026","west",,,"regional-colleges-west","usnews.com","OR","22220","warner-pacific","97215"
"68","21",,,"Sioux Falls","private","23534",,"2003","3.7","3458","false","true","true","Augustana University","55","https://www.usnews.com/best-colleges/augustana-university","#7","7","2026","midwest","1150",,"regional-universities-midwest","usnews.com","SD","41768","augustana-university","57197"
"98","22",,,"Atchison","private","44312","2.1","2404","3.6","10256","false","true","false","Benedictine College","47","https://www.usnews.com/best-colleges/benedictine-college","#7","7","2026","midwest","1115",,"regional-colleges-midwest","usnews.com","KS","37750","benedictine-college","66002"
"74","23",,,"Elmhurst","private","31134",,"3170","3.6","1676","false","true","true","Elmhurst University","75","https://www.usnews.com/best-colleges/elmhurst-university","#7","7","2026","midwest","990",,"regional-universities-midwest","usnews.com","IL","44583","elmhurst-university","60126"
"63","20",,,"Farmingdale","public",,,"10007","3.3","2858","true","true","true","Farmingdale State College--SUNY",,"https://www.usnews.com/best-colleges/farmingdale-state-college-suny","#7","7","2026","north","1040",,"regional-colleges-north","usnews.com","NY","18536","farmingdale-state-college-suny","11735"
"75","21",,,"Escondido","private","21631",,"286","3.5","666990","false","true","false","John Paul the Great Catholic University","71","https://www.usnews.com/best-colleges/john-paul-the-great-catholic-university","#7","7","2026","west","975",,"regional-colleges-west","usnews.com","CA","31015","john-paul-the-great-catholic-university","92025"
"75","28",,"2.9","Baltimore","private","34999","2.9","3881","3.6","2078","false","true","false","Loyola University Maryland","56","https://www.usnews.com/best-colleges/loyola-university-maryland","#7","7","2026","north","1200",,"regional-universities-north","usnews.com","MD","59150","loyola-university-maryland","21210"
"56","21",,,"Castine","public","34539","3","945","3.4","2044","true","true","true","Maine Maritime Academy","52","https://www.usnews.com/best-colleges/maine-maritime-academy","#7","7","2026","north","1095",,"regional-colleges-north","usnews.com","ME","31440","maine-maritime-academy","04420"
"89",,,"2.3","Moraga","private","40820",,"1955","3.6","1302","false","true","true","Saint Mary's College of California","62","https://www.usnews.com/best-colleges/st-marys-college-of-california","#7","7","2026","west",,,"regional-universities-west","usnews.com","CA","59769","st-marys-college-of-california","94575"
"72","21",,"2.3","DeLand","private","30223",,"2349","3.7","1531","false","true","false","Stetson University","73","https://www.usnews.com/best-colleges/stetson-university","#7","7","2026","south","1060",,"regional-universities-south","usnews.com","FL","59690","stetson-university","32723"
"84","25",,"2.2","Kirksville","public","25555",,"3265","3.8","2495","true","true","true","Truman State University","37","https://www.usnews.com/best-colleges/truman-state-university","#7","7","2026","midwest","1170",,"regional-universities-midwest","usnews.com","MO","19289","truman-state-university","63501"
"81","18",,,"Spartanburg","public","34861",,"4478","3.2","6951","true","true","false","University of South Carolina--Upstate","20","https://www.usnews.com/best-colleges/university-of-south-carolina-upstate","#7","7","2026","south","940",,"regional-colleges-south","usnews.com","SC","23612","university-of-south-carolina-upstate","29303"
"83",,,"2.2","Tacoma","public","51683","2.7","4207","3.4","610134","true","true","true","University of Washington Tacoma","18","https://www.usnews.com/best-colleges/university-of-washington-tacoma","#7","7","2026","west",,,"regional-universities-west","usnews.com","WA","44811","university-of-washington-tacoma","98402"
"47","21",,,"Laie Oahu","private",,,"2836",,"1606","false","true","true","Brigham Young University--Hawaii",,"https://www.usnews.com/best-colleges/brigham-young-university-hawaii","#8","8","2026","west","960",,"regional-colleges-west","usnews.com","HI","6630","brigham-young-university-hawaii","96762"
"96","20",,,"Rexburg","private",,"2.9","42996",,"1625","false","true","true","Brigham Young University--Idaho",,"https://www.usnews.com/best-colleges/brigham-young-university-idaho","#8","8","2026","west","970",,"regional-colleges-west","usnews.com","ID","4800","brigham-young-university-idaho","83460"
"68","20",,,"Montgomery","private","24093",,"880",,"1019","false","true","false","Huntingdon College","76","https://www.usnews.com/best-colleges/huntingdon-college","#8","8","2026","south","1006",,"regional-colleges-south","usnews.com","AL","29570","huntingdon-college","36106"
"100",,,,"Dubuque","private","32769","2.1","1169","3.5","1873","false","true","false","Loras College","67","https://www.usnews.com/best-colleges/loras-college","#8","8","2026","midwest",,,"regional-colleges-midwest","usnews.com","IA","41418","loras-college","52001"
"83","21",,,"Savannah","private","50974",,"15623","3.6","29258","false","true","false","Savannah College of Art and Design","44","https://www.usnews.com/best-colleges/savannah-college-of-art-and-design","#8","8","2026","south","1040",,"regional-universities-south","usnews.com","GA","42665","savannah-college-of-art-and-design","31402"
"96",,,,"Seguin","private","29494",,"1319",,"3641","false","true","true","Texas Lutheran University","78","https://www.usnews.com/best-colleges/texas-lutheran-university","#8","8","2026","west",,,"regional-colleges-west","usnews.com","TX","37800","texas-lutheran-university","78155"
"95","15",,,"Kapolei","public",,,"2814","3.5","21078","true","true","true","University of Hawaii--West Oahu",,"https://www.usnews.com/best-colleges/university-of-hawaii-west-oahu","#8","8","2026","west","900",,"regional-colleges-west","usnews.com","HI","20688","university-of-hawaii-west-oahu","96707"
"81","25",,"2.4","Scranton","private","56762","2.4","3613","3.5","3384","false","true","false","University of Scranton","61","https://www.usnews.com/best-colleges/university-of-scranton","#8","8","2026","north","1160",,"regional-universities-north","usnews.com","PA","55438","university-of-scranton","18510"
"98",,,"2.2","Turlock","public","32301",,"8455","3.5","1157","true","true","true","California State University--Stanislaus","23","https://www.usnews.com/best-colleges/california-state-university-stanislaus","#9","9","2026","west",,,"regional-universities-west","usnews.com","CA","21890","california-state-university-stanislaus","95382"
"60","25",,"2.6","Charleston","public","48861",,"10880",,"3428","true","true","false","College of Charleston","25","https://www.usnews.com/best-colleges/college-of-charleston","#9","9","2026","south","1140",,"regional-universities-south","usnews.com","SC","38844","college-of-charleston","29424"
"70",,,,"Nevada","private","17296",,"261","3.5","666970","false","true","false","Cottey College","66","https://www.usnews.com/best-colleges/cottey-college","#9","9","2026","midwest",,,"regional-colleges-midwest","usnews.com","MO","29594","cottey-college","64772"
"65","16",,,"Elizabeth City","public",,,"2155","3.4","2926","true","true","true","Elizabeth City State University",,"https://www.usnews.com/best-colleges/elizabeth-city-state-university","#9","9","2026","south","920",,"regional-colleges-south","usnews.com","NC","8036","elizabeth-city-state-university","27909"
"90",,,,"Keene","public","38565",,"2744","3.2","2590","true","true","true","Keene State College","89","https://www.usnews.com/best-colleges/keene-state-college","#9","9","2026","north","910",,"regional-colleges-north","usnews.com","NH","27512","keene-state-college","03435"
"62",,,,"LaGrange","private","48546",,"651","3.2","1578","false","true","true","LaGrange College","66","https://www.usnews.com/best-colleges/lagrange-college","#9","9","2026","south",,,"regional-colleges-south","usnews.com","GA","36280","lagrange-college","30240"
"57","25",,"2.3","Poughkeepsie","private","46301",,"5551","3.7","2765","false","true","false","Marist University","51","https://www.usnews.com/best-colleges/marist-university","#9","9","2026","north","1190",,"regional-universities-north","usnews.com","NY","49900","marist-university","12601"
"69","19",,,"Athens","private","21184",,"920","3.5","3525","false","true","true","Tennessee Wesleyan University","52","https://www.usnews.com/best-colleges/tennessee-wesleyan-university","#9","9","2026","south",,,"regional-colleges-south","usnews.com","TN","32050","tennessee-wesleyan-university","37303"
"53","22",,"2.4","Irving","private","29520",,"1444","3.7","3651","false","true","true","University of Dallas","55","https://www.usnews.com/best-colleges/university-of-dallas","#9","9","2026","west","1120",,"regional-universities-west","usnews.com","TX","56630","university-of-dallas","75062"
"97","17",,,"Farmington","public","21587",,"1677","3.3","2040","true","true","true","University of Maine at Farmington","55","https://www.usnews.com/best-colleges/university-of-maine-at-farmington","#9","9","2026","north","960",,"regional-colleges-north","usnews.com","ME","24798","university-of-maine-at-farmington","04938"
"48",,,"3.2","New York","public","36579",,"16496","3.7","4766","true","true","false","CUNY--Baruch College","1","https://www.usnews.com/best-colleges/cuny-baruch-college","#10","10","2026","north","1100",,"regional-universities-north","usnews.com","NY","19131","cuny-baruch-college","10010"
"92",,,,"Hiram","private","27142",,"1026","3.3","3049","false","true","false","Hiram College","73","https://www.usnews.com/best-colleges/hiram-college","#10","10","2026","midwest",,,"regional-colleges-midwest","usnews.com","OH","30720","hiram-college","44234"
"49","18",,"2.3","Tuskegee","private","38739","2.1","2659","3.3","1050","false","true","false","Tuskegee University","26","https://www.usnews.com/best-colleges/tuskegee-university","#10","10","2026","south","958",,"regional-universities-south","usnews.com","AL","25386","tuskegee-university","36088"
"87","19",,"2.5","Cedar Falls","public","29374",,"7716","3.5","1890","true","true","false","University of Northern Iowa","17","https://www.usnews.com/best-colleges/university-of-northern-iowa","#10","10","2026","midwest","1010",,"regional-universities-midwest","usnews.com","IA","21712","university-of-northern-iowa","50614"
"97",,,,"Seaside","public","34385",,"6910","3.3","32603","true","true","true","California State University--Monterey Bay","1","https://www.usnews.com/best-colleges/csumb","#11","11","2026","west",,,"regional-universities-west","usnews.com","CA","21465","csumb","93955"
"64","25",,,"Lakeland","private","32169",,"2715","3.8","1488","false","true","false","Florida Southern College","34","https://www.usnews.com/best-colleges/florida-southern-college","#11","11","2026","south","1150",,"regional-universities-south","usnews.com","FL","46168","florida-southern-college","33801"
"84","21",,,"Goshen","private","21120",,"780","3.3","1799","false","true","true","Goshen College","70","https://www.usnews.com/best-colleges/goshen-college","#11","11","2026","midwest","880",,"regional-colleges-midwest","usnews.com","IN","40060","goshen-college","46526"
"79","23",,,"Flint","private","37488","3.5","1212","3.7","2262","false","true","false","Kettering University","62","https://www.usnews.com/best-colleges/kettering-university","#11","11","2026","midwest","1090",,"regional-universities-midwest","usnews.com","MI","50650","kettering-university","48504"
"72",,,,"Buzzards Bay","public",,"3.2","1407","3.6","2181","true","true","true","Massachusetts Maritime Academy",,"https://www.usnews.com/best-colleges/massachusetts-maritime-academy","#11","11","2026","north",,,"regional-universities-north","usnews.com","MA","24471","massachusetts-maritime-academy","02532"
"82","19",,"2.5","Towson","public","43788",,"16264",,"2099","true","true","true","Towson University","17","https://www.usnews.com/best-colleges/towson-university","#11","11","2026","north","950",,"regional-universities-north","usnews.com","MD","31332","towson-university","21252"
"85",,,,"Riverdale","private","51026",,"2725","3.3","2703","false","true","false","University of Mount Saint Vincent","55","https://www.usnews.com/best-colleges/university-of-mount-saint-vincent","#11","11","2026","north","1011",,"regional-colleges-north","usnews.com","NY","44540","university-of-mount-saint-vincent","10471"
"83","21",,,"Redlands","private","36185",,"2045","3.8","1322","false","true","true","University of Redlands, Los Angeles","77","https://www.usnews.com/best-colleges/university-of-redlands-los-angeles","#11","11","2026","west","1108",,"regional-universities-west","usnews.com","CA","62382","university-of-redlands-los-angeles","92373"
"38","18",,,"Liberty","private",,"2.1","969","3.6","2524","false","true","true","William Jewell College",,"https://www.usnews.com/best-colleges/william-jewell-college","#11","11","2026","midwest","1080",,"regional-colleges-midwest","usnews.com","MO","20610","william-jewell-college","64068"
"76","22",,,"Berea","private","32519","2.4","2862",,"3014","false","true","true","Baldwin Wallace University","73","https://www.usnews.com/best-colleges/baldwin-wallace-college","#12","12","2026","midwest","1060",,"regional-universities-midwest","usnews.com","OH","41386","baldwin-wallace-college","44017"
"75","18",,,"Belmont","private","23937",,"1580","3.3","2910","false","true","true","Belmont Abbey College","46","https://www.usnews.com/best-colleges/belmont-abbey","#12","12","2026","south","950",,"regional-colleges-south","usnews.com","NC","21500","belmont-abbey","28012"
"82",,,,"New London","private",,,"858","3.4","2572","false","true","true","Colby-Sawyer College",,"https://www.usnews.com/best-colleges/colby-sawyer-college","#12","12","2026","north",,,"regional-colleges-north","usnews.com","NH","19600","colby-sawyer-college","03257"
"78","22",,"2.4","Milledgeville","public","46076",,"6006","3.6","1602","true","true","false","Georgia College & State University","25","https://www.usnews.com/best-colleges/georgia-college--state-university","#12","12","2026","south","1070",,"regional-universities-south","usnews.com","GA","30062","georgia-college--state-university","31061"
"81","16",,,"Greenwood","public",,,"3780","3.5","3435","true","true","true","Lander University",,"https://www.usnews.com/best-colleges/lander-university","#12","12","2026","south","950",,"regional-colleges-south","usnews.com","SC",,"lander-university","29649"
"77",,,,"Banner Elk","private","43645",,"873",,"2939","false","true","true","Lees-McRae College","54","https://www.usnews.com/best-colleges/lees-mcrae-college","#12","12","2026","south",,,"regional-colleges-south","usnews.com","NC","35390","lees-mcrae-college","28604"
"85","19",,,"Westerville","private","26465","2.3","2211","3.6","3110","false","true","true","Otterbein University","70","https://www.usnews.com/best-colleges/otterbein-university","#12","12","2026","midwest","930",,"regional-universities-midwest","usnews.com","OH","36598","otterbein-university","43081"
"47",,,,"Angwin","private",,,"963",,"1258","false","true","false","Pacific Union College",,"https://www.usnews.com/best-colleges/pacific-union-college","#12","12","2026","west",,,"regional-colleges-west","usnews.com","CA","38310","pacific-union-college","94508"
"75","17",,,"Mobile","private","20512",,"790",,"1041","false","true","true","Spring Hill College","48","https://www.usnews.com/best-colleges/spring-hill-college","#12","12","2026","south",,,"regional-colleges-south","usnews.com","AL","25300","spring-hill-college","36608"
"92",,,,"Canton","public","32583",,"3469","3","2855","true","true","true","SUNY College of Technology at Canton","74","https://www.usnews.com/best-colleges/suny-college-of-technology-at-canton","#12","12","2026","north",,,"regional-colleges-north","usnews.com","NY","19332","suny-college-of-technology-at-canton","13617"
"91",,,"2.9","Los Angeles","public","37752","3.4","19354","3.3","1140","true","true","true","California State University--Los Angeles","94","https://www.usnews.com/best-colleges/california-state-university-los-angeles","#13","13","2026","west",,,"regional-universities-west","usnews.com","CA","19764","california-state-university-los-angeles","90032"
"69","27",,"2.5","Ithaca","private","43837",,"4268",,"2739","false","true","true","Ithaca College","62","https://www.usnews.com/best-colleges/ithaca-college","#13","13","2026","north","1230",,"regional-universities-north","usnews.com","NY","56094","ithaca-college","14850"
"74","26",,"2.3","SYRACUSE","private","30693",,"2529","3.6","2748","false","true","true","Le Moyne College","73","https://www.usnews.com/best-colleges/le-moyne-college","#13","13","2026","north","1160",,"regional-universities-north","usnews.com","NY","41946","le-moyne-college","13214"
"96",,,,"San Dimas","private","25823",,"459","3.1","12630","false","true","false","Life Pacific University","83","https://www.usnews.com/best-colleges/life-pacific-university","#13","13","2026","west",,,"regional-colleges-west","usnews.com","CA","23224","life-pacific-university","91773"
"89","24",,"2.3","West Long Branch","private","54483","2.6","3710","3.6","2616","false","true","true","Monmouth University","49","https://www.usnews.com/best-colleges/monmouth-university","#13","13","2026","north","1140",,"regional-universities-north","usnews.com","NJ","48340","monmouth-university","07764"
"98","15",,"2.3","San Antonio","private","26079","2.5","2150","3.6","3623","false","true","true","St. Mary's University of San Antonio","70","https://www.usnews.com/best-colleges/st-marys-university-san-antonio","#13","13","2026","west","940",,"regional-universities-west","usnews.com","TX","38670","st-marys-university-san-antonio","78228"
"86","21",,,"Angola","private",,"2.6","4373","3.6","1839","false","true","false","Trine University",,"https://www.usnews.com/best-colleges/trine-university","#13","13","2026","midwest","980",,"regional-colleges-midwest","usnews.com","IN","38850","trine-university","46703"
"40","23",,"2.7","Tampa","private","39988",,"10594","3.6","1538","false","true","false","University of Tampa","41","https://www.usnews.com/best-colleges/university-of-tampa","#13","13","2026","south","1140",,"regional-universities-south","usnews.com","FL","35744","university-of-tampa","33606"
"98","18",,,"Grand Junction","public",,,"9473","3.3","1358","true","true","false","Colorado Mesa University",,"https://www.usnews.com/best-colleges/colorado-mesa-university","#14","14","2026","west","930",,"regional-colleges-west","usnews.com","CO","26917","colorado-mesa-university","81501"
"89","19",,,"Marion","private","31146",,"2075","3.6","1822","false","true","true","Indiana Wesleyan University","56","https://www.usnews.com/best-colleges/indiana-wesleyan-university","#14","14","2026","midwest","960",,"regional-universities-midwest","usnews.com","IN","33246","indiana-wesleyan-university","46953"
"86","19",,"2.2","Murray","public","24819","2.8","8281","3.6","1977","true","true","true","Murray State University","34","https://www.usnews.com/best-colleges/murray-state-university","#14","14","2026","south","960",,"regional-universities-south","usnews.com","KY","19332","murray-state-university","42071"
"56","24",,"2.5","Dearborn","public",,"2.1","6187","3.6","2326","true","true","true","University of Michigan--Dearborn",,"https://www.usnews.com/best-colleges/university-of-michigan-dearborn","#14","14","2026","midwest","990",,"regional-universities-midwest","usnews.com","MI","34168","university-of-michigan-dearborn","48128"
"88",,,,"Crookston","public",,,"2612",,"4069","true","true","false","University of Minnesota Crookston",,"https://www.usnews.com/best-colleges/university-of-minnesota-crookston","#14","14","2026","midwest",,,"regional-colleges-midwest","usnews.com","MN",,"university-of-minnesota-crookston","56716"
"95","22",,,"Johnstown","public",,"2.5","1809","3.6","3382","true","true","false","University of Pittsburgh at Johnstown",,"https://www.usnews.com/best-colleges/university-of-pittsburgh-at-johnstown","#14","14","2026","north","980",,"regional-colleges-north","usnews.com","PA","26780","university-of-pittsburgh-at-johnstown","15904"
"58","20",,"2.1","Pensacola","public","28061","2.3","9971","3.6","3955","true","true","true","University of West Florida","4","https://www.usnews.com/best-colleges/university-of-west-florida","#14","14","2026","south","1020",,"regional-universities-south","usnews.com","FL","18628","university-of-west-florida","32514"
"81","24",,"2.2","La Crosse","public","24548",,"9513","3.6","3919","true","true","true","University of Wisconsin--La Crosse","25","https://www.usnews.com/best-colleges/university-of-wisconsin-la-crosse","#14","14","2026","midwest","1158",,"regional-universities-midwest","usnews.com","WI","19687","university-of-wisconsin-la-crosse","54601"
"79","17",,,"Marietta","private","41460","2.4","1023","3.6","3073","false","true","true","Marietta College","70","https://www.usnews.com/best-colleges/marietta-college","#15","15","2026","midwest","1040",,"regional-colleges-midwest","usnews.com","OH","39652","marietta-college","45750"
"57","18",,,"Abilene","private","23004",,"3167","3.6","3591","false","true","true","McMurry University","82","https://www.usnews.com/best-colleges/mcmurry-university","#15","15","2026","west","950",,"regional-colleges-west","usnews.com","TX","33384","mcmurry-university","79697"
"67","18",,,"Decatur","private","30903",,"1496","3.3","1724","false","true","true","Millikin University","67","https://www.usnews.com/best-colleges/millikin-university","#15","15","2026","midwest","860",,"regional-colleges-midwest","usnews.com","IL","26828","millikin-university","62522"
"89","18",,,"Delhi","public",,,"2634",,"2857","true","true","false","SUNY College of Technology--Delhi",,"https://www.usnews.com/best-colleges/suny-college-of-technology-delhi","#15","15","2026","north","910",,"regional-colleges-north","usnews.com","NY","12762","suny-college-of-technology-delhi","13753"
"100",,,,"Dillon","public",,,"1440",,"2537","true","true","true","University of Montana Western",,"https://www.usnews.com/best-colleges/montana-western","#15","15","2026","west",,,"regional-colleges-west","usnews.com","MT","20130","montana-western","59725"
"99","17",,,"Valley City","public","21856",,"1651","3.4","3008","true","true","true","Valley City State University","41","https://www.usnews.com/best-colleges/valley-city-state","#15","15","2026","midwest","830",,"regional-colleges-midwest","usnews.com","ND","14246","valley-city-state","58072"
"90","21",,,"Spokane","private","30433","2.4","1858","3.7","3804","false","true","false","Whitworth University","68","https://www.usnews.com/best-colleges/whitworth-university","#15","15","2026","west","1090",,"regional-universities-west","usnews.com","WA","55450","whitworth-university","99251"
"76","20",,,"Alfred","public","26012",,"3572","3","2854","true","true","false","Alfred State College--SUNY","46","https://www.usnews.com/best-colleges/alfred-state-college-suny","#16","16","2026","north","990",,"regional-colleges-north","usnews.com","NY","13832","alfred-state-college-suny","14802"
"89","19",,,"Blue Mountain","private",,,"919","3.6","2398","false","true","true","Blue Mountain Christian University",,"https://www.usnews.com/best-colleges/blue-mountain-college","#16","16","2026","south","1055",,"regional-colleges-south","usnews.com","MS",,"blue-mountain-college","38610"
"76","24",,,"Thousand Oaks","private","36581",,"2297","3.7","1133","false","true","true","California Lutheran University","68","https://www.usnews.com/best-colleges/california-lutheran-university","#16","16","2026","west","1150",,"regional-universities-west","usnews.com","CA","54480","california-lutheran-university","91360"
"92","23",,"2.4","Chico","public","27243","2.8","13392","3.4","1146","true","true","true","California State University--Chico","1","https://www.usnews.com/best-colleges/california-state-university-chico","#16","16","2026","west","953",,"regional-universities-west","usnews.com","CA","21998","california-state-university-chico","95929"
"76","21",,,"Siloam Springs","private","26702","2.3","1821","3.8","1100","false","true","true","John Brown University","72","https://www.usnews.com/best-colleges/john-brown-university","#16","16","2026","south","1070",,"regional-universities-south","usnews.com","AR","32710","john-brown-university","72761"
"90","19",,,"Farmville","public","35006",,"3314",,"3719","true","true","true","Longwood University","55","https://www.usnews.com/best-colleges/longwood-university","#16","16","2026","south","1030",,"regional-universities-south","usnews.com","VA","29146","longwood-university","23909"
"100",,,,"Miami","public","11039",,"58941",,"1506","true","true","true","Miami Dade College","3","https://www.usnews.com/best-colleges/miami-dade-college","#16","16","2026","south",,,"regional-colleges-south","usnews.com","FL","14437","miami-dade-college","33132"
"75","16",,,"Newberry","private","22575",,"1481","3","3440","false","true","true","Newberry College","79","https://www.usnews.com/best-colleges/newberry-college","#16","16","2026","south","905",,"regional-colleges-south","usnews.com","SC","32750","newberry-college","29108"
"84","25",,,"San Diego","private","42892",,"3246","3.7","1262","false","true","true","Point Loma Nazarene University","56","https://www.usnews.com/best-colleges/point-loma-nazarene-university","#16","16","2026","west","1175",,"regional-universities-west","usnews.com","CA","48450","point-loma-nazarene-university","92106"
"59","20",,"2.1","Charlotte","private",,,"1225",,"2957","false","true","true","Queens University of Charlotte",,"https://www.usnews.com/best-colleges/queens-university-charlotte","#16","16","2026","south","1140",,"regional-universities-south","usnews.com","NC","45846","queens-university-charlotte","28274"
"78","27",,"2.2","Loudonville","private","37787",,"3469","3.5","2816","false","true","false","Siena University","65","https://www.usnews.com/best-colleges/siena-university","#16","16","2026","north","1110",,"regional-universities-north","usnews.com","NY","47990","siena-university","12211"
"67","23",,,"Salt Lake City","private","54160",,"842","3.6","3681","false","true","true","Westminster University","51","https://www.usnews.com/best-colleges/westminster-university","#16","16","2026","west","1070",,"regional-universities-west","usnews.com","UT","44980","westminster-university","84105"
"69","19",,,"New Orleans","private","35730",,"2688","3.5","2032","false","true","true","Xavier University of Louisiana","74","https://www.usnews.com/best-colleges/xavier-university-of-louisiana","#16","16","2026","south","950",,"regional-universities-south","usnews.com","LA","30042","xavier-university-of-louisiana","70125"
"65","22",,,"Cedarville","private","43782","2.9","5790",,"3025","false","true","false","Cedarville University","36","https://www.usnews.com/best-colleges/cedarville-university","#17","17","2026","midwest","1130",,"regional-universities-midwest","usnews.com","OH","38258","cedarville-university","45314"
"57",,,,"New York","public",,,"11939","3","2693","true","true","true","CUNY--John Jay College of Criminal Justice",,"https://www.usnews.com/best-colleges/cuny-john-jay-college-of-criminal-justice","#17","17","2026","north","930",,"regional-universities-north","usnews.com","NY","15420","cuny-john-jay-college-of-criminal-justice","10019"
"92","18",,,"Durango","public",,"2.2","3392",,"1353","true","true","true","Fort Lewis College",,"https://www.usnews.com/best-colleges/fort-lewis-college","#17","17","2026","west","1010",,"regional-colleges-west","usnews.com","CO","21526","fort-lewis-college","81301"
"78","17",,,"Keene","private",,,"758",,"3619","false","true","true","Southwestern Adventist University",,"https://www.usnews.com/best-colleges/southwestern-adventist-university","#17","17","2026","west","910",,"regional-colleges-west","usnews.com","TX","25380","southwestern-adventist-university","76059"
"66","26",,"2.1","Geneseo","public","32706",,"3902","3.6","2845","true","true","true","SUNY--Geneseo","22","https://www.usnews.com/best-colleges/suny-geneseo","#17","17","2026","north","1190",,"regional-universities-north","usnews.com","NY","19593","suny-geneseo","14454"
"89","20",,,"Bradford","public","28786",,"1010","3.4","3380","true","true","false","University of Pittsburgh at Bradford","52","https://www.usnews.com/best-colleges/university-of-pittsburgh-at-bradford","#17","17","2026","north","1010",,"regional-colleges-north","usnews.com","PA","26998","university-of-pittsburgh-at-bradford","16701"
"51",,,,"San Jose","proprietary",,,"378",,"1177","false","true","true","University of Silicon Valley",,"https://www.usnews.com/best-colleges/university-of-silicon-valley","#17","17","2026","west",,,"regional-colleges-west","usnews.com","CA","22480","university-of-silicon-valley","95134"
"57","17",,,"Fayette","private",,,"1041","3.4","2453","false","true","false","Central Methodist University -- College of Liberal Arts and Sciences",,"https://www.usnews.com/best-colleges/central-methodist-university","#18","18","2026","midwest","960",,"regional-colleges-midwest","usnews.com","MO",,"central-methodist-university","65248"
"80",,,,"Brooklyn","public",,,"14486",,"2696","true","true","true","CUNY--New York City College of Technology",,"https://www.usnews.com/best-colleges/cuny-new-york-city-college-of-technology","#18","18","2026","north","900",,"regional-colleges-north","usnews.com","NY",,"cuny-new-york-city-college-of-technology","11201"
"78",,,"2.1","Evansville","private","26360","2.6","1742","3.8","1795","false","true","true","University of Evansville","68","https://www.usnews.com/best-colleges/university-of-evansville","#18","18","2026","midwest",,,"regional-universities-midwest","usnews.com","IN","46014","university-of-evansville","47722"
"89","23",,"2.4","Duluth","public","26055","3","8426","3.5","2388","true","true","true","University of Minnesota Duluth","35","https://www.usnews.com/best-colleges/university-of-minnesota-duluth","#18","18","2026","midwest","1180",,"regional-universities-midwest","usnews.com","MN","20950","university-of-minnesota-duluth","55812"
"85","15",,,"Flushing","private","47123","2.5","1392","2.9","2665","false","true","true","Vaughn College of Aeronautics and Technology","70","https://www.usnews.com/best-colleges/vaughn-college","#18","18","2026","north","1010",,"regional-colleges-north","usnews.com","NY","31266","vaughn-college","11369"
"51","29",,,"Boston","private","52869",,"3884","3.7","2146","false","true","false","Emerson College","48","https://www.usnews.com/best-colleges/emerson-college","#19","19","2026","north","1270",,"regional-universities-north","usnews.com","MA","59044","emerson-college","02116"
"100",,,,"Sault Ste. Marie","public","20679","2.1","1551","3.3","2293","true","true","true","Lake Superior State University","7","https://www.usnews.com/best-colleges/lake-superior-state-university","#19","19","2026","midwest",,,"regional-colleges-midwest","usnews.com","MI","15456","lake-superior-state-university","49783"
"77","18",,,"McPherson","private","45008",,"876","3.4","1933","false","true","true","McPherson College","49","https://www.usnews.com/best-colleges/mcpherson-college","#19","19","2026","midwest","960",,"regional-colleges-midwest","usnews.com","KS","38818","mcpherson-college","67460"
"45",,,,"Minneapolis","private","41525",,"759","3.3","2369","false","true","true","North Central University","44","https://www.usnews.com/best-colleges/north-central-university","#19","19","2026","midwest",,,"regional-colleges-midwest","usnews.com","MN","33180","north-central-university","55404"
"41","14",,,"Pine Bluff","public",,,"1817","3.1","1086","true","true","true","University of Arkansas--Pine Bluff",,"https://www.usnews.com/best-colleges/university-of-arkansas-pine-bluff","#19","19","2026","south","845",,"regional-colleges-south","usnews.com","AR",,"university-of-arkansas-pine-bluff","71601"
"59",,,,"Arecibo","public",,,"2763","3.6","7228","true","true","true","University of Puerto Rico--Arecibo",,"https://www.usnews.com/best-colleges/university-of-puerto-rico-arecibo","#19","19","2026","south",,,"regional-colleges-south","usnews.com","PR",,"university-of-puerto-rico-arecibo","00614"
"78","23",,,"Milwaukee","private","29273",,"957","3.5","21366","false","true","true","Wisconsin Lutheran College","75","https://www.usnews.com/best-colleges/wisconsin-lutheran","#19","19","2026","midwest","970",,"regional-colleges-midwest","usnews.com","WI","37360","wisconsin-lutheran","53226"
"92",,,"2.6","Northridge","public",,"2.9","32499","3.3","1153","true","true","true","California State University--Northridge",,"https://www.usnews.com/best-colleges/california-state-university-northridge","#20","20","2026","west",,,"regional-universities-west","usnews.com","CA","18975","california-state-university-northridge","91330"
"39","16",,,"Austin","private",,,"982",,"3577","false","true","false","Huston-Tillotson University",,"https://www.usnews.com/best-colleges/huston-tillotson","#20","20","2026","west","800",,"regional-colleges-west","usnews.com","TX","26709","huston-tillotson","78702"
"44","20",,,"Socorro","public","34987","2","1085","3.6","2654","true","true","true","New Mexico Tech","2","https://www.usnews.com/best-colleges/nmt","#20","20","2026","west","1080",,"regional-universities-west","usnews.com","NM","31683","nmt","87801"
"77","24",,,"Naperville","private","31702","2.2","2454","3.6","1734","false","true","true","North Central College","68","https://www.usnews.com/best-colleges/north-central-college","#20","20","2026","midwest","1055",,"regional-universities-midwest","usnews.com","IL","47340","north-central-college","60540"
"80","24",,,"Rapid City","public","28512","2.3","2219","3.6","3470","true","true","true","South Dakota School of Mines and Technology","31","https://www.usnews.com/best-colleges/south-dakota-school-of-mines","#20","20","2026","midwest","1140",,"regional-universities-midwest","usnews.com","SD","16200","south-dakota-school-of-mines","57701"
"84",,,,"Cobleskill","public","35518",,"1894","3.4","2856","true","true","false","SUNY Cobleskill","4","https://www.usnews.com/best-colleges/suny-cobleskill","#20","20","2026","north",,,"regional-colleges-north","usnews.com","NY","18828","suny-cobleskill","12043"
"62","25",,"2","New Paltz","public","34495","2.5","6197","3.5","2846","true","true","false","SUNY--New Paltz","13","https://www.usnews.com/best-colleges/suny-new-paltz","#20","20","2026","north","1170",,"regional-universities-north","usnews.com","NY","19172","suny-new-paltz","12561"
"88","19",,"2.3","Martin","public","24772","2.4","6817","3.6","3531","true","true","true","The University of Tennessee at Martin","39","https://www.usnews.com/best-colleges/the-university-of-tennessee-at-martin","#20","20","2026","south","970",,"regional-universities-south","usnews.com","TN","16864","the-university-of-tennessee-at-martin","38238"
"79","20",,"2.1","Rock Hill","public","39848",,"3969","3.9","3456","true","true","true","Winthrop University","51","https://www.usnews.com/best-colleges/winthrop-university","#20","20","2026","south","1010",,"regional-universities-south","usnews.com","SC","28720","winthrop-university","29733"
"94",,,,"Wilson","private","24192",,"1149","3.1","2908","false","true","true","Barton College","76","https://www.usnews.com/best-colleges/barton-college","#21","21","2026","south",,,"regional-colleges-south","usnews.com","NC","39050","barton-college","27893"
"43",,,,"Leesburg","private",,,"531","3.3","33733","false","true","true","Beacon College",,"https://www.usnews.com/best-colleges/beacon-college","#21","21","2026","south",,,"regional-colleges-south","usnews.com","FL",,"beacon-college","34748"
"54",,,,"New York","public","37988",,"17027","3.7","2689","true","true","true","CUNY--Hunter College","21","https://www.usnews.com/best-colleges/cuny-hunter-college","#21","21","2026","north","1110",,"regional-universities-north","usnews.com","NY","19050","cuny-hunter-college","10021"
"67","16",,,"Brownwood","private","26871",,"751","3.5","3575","false","true","false","Howard Payne University","69","https://www.usnews.com/best-colleges/howard-payne-university","#21","21","2026","west","880",,"regional-colleges-west","usnews.com","TX","36660","howard-payne-university","76801"
"66","16",,,"Owensboro","private",,,"862","3.4","1969","false","true","true","Kentucky Wesleyan College",,"https://www.usnews.com/best-colleges/kentucky-wesleyan-college","#21","21","2026","south","890",,"regional-colleges-south","usnews.com","KY","36030","kentucky-wesleyan-college","42301"
"71","22",,"2","Mahwah","public","41961",,"5444","3.5","9344","true","true","true","Ramapo College of New Jersey","1","https://www.usnews.com/best-colleges/ramapo-college-of-new-jersey","#21","21","2026","north","1120",,"regional-universities-north","usnews.com","NJ","29093","ramapo-college-of-new-jersey","07430"
,,,,"Brooklyn","private",,,"1934",,"2820","false","true","false","St. Francis College",,"https://www.usnews.com/best-colleges/st-francis-college","#21","21","2026","north",,,"regional-colleges-north","usnews.com","NY","28775","st-francis-college","11201"
"72","22",,,"Throggs Neck","public",,"3","1286","3.3","2853","true","true","true","SUNY Maritime College",,"https://www.usnews.com/best-colleges/suny-maritime","#21","21","2026","north","1123",,"regional-universities-north","usnews.com","NY","19159","suny-maritime","10465"
"98","18",,"2","Fort Smith","public",,,"5459","3.4","1110","true","true","true","University of Arkansas--Fort Smith",,"https://www.usnews.com/best-colleges/university-of-arkansas---fort-smith","#21","21","2026","south",,,"regional-colleges-south","usnews.com","AR","15226","university-of-arkansas---fort-smith","72913"
"55",,,,"Humacao","public",,,"2611",,"3943","true","true","true","University of Puerto Rico--Humacao",,"https://www.usnews.com/best-colleges/university-of-puerto-rico-humacao","#21","21","2026","south",,,"regional-colleges-south","usnews.com","PR","5364","university-of-puerto-rico-humacao","00792"
"94","22",,,"Raleigh","private","31221",,"722","3.3","2953","false","true","true","William Peace University","56","https://www.usnews.com/best-colleges/william-peace-university","#21","21","2026","south","1080",,"regional-colleges-south","usnews.com","NC","35180","william-peace-university","27604"
"93",,,"2.4","Sacramento","public",,"3.2","28226","3.4","1150","true","true","false","California State University--Sacramento",,"https://www.usnews.com/best-colleges/california-state-university-sacramento","#22","22","2026","west",,,"regional-universities-west","usnews.com","CA","22334","california-state-university-sacramento","95819"
"88","19",,,"St. Paul","private",,,"1806",,"2354","false","true","true","Hamline University",,"https://www.usnews.com/best-colleges/hamline-university","#22","22","2026","midwest","1133",,"regional-universities-midwest","usnews.com","MN","50744","hamline-university","55104"
,,,,"Havre","public",,,"982",,"2533","true","true","true","Montana State University Northern",,"https://www.usnews.com/best-colleges/montana-state-northern","#22","22","2026","west",,,"regional-colleges-west","usnews.com","MT","21875","montana-state-northern","59501"
"77",,,,"Paul Smiths","private",,,"926","3.5","2795","false","true","true","Paul Smith's College",,"https://www.usnews.com/best-colleges/paul-smiths-college","#22","22","2026","north",,,"regional-colleges-north","usnews.com","NY",,"paul-smiths-college","12970"
"99",,,,,"public",,,"837",,"228657","true","true","true","Pennsylvania State University -- Scranton",,"https://www.usnews.com/best-colleges/pennsylvania-state-university---scranton","#22","22","2026","north","1100",,"regional-colleges-north","usnews.com","PA","25392","pennsylvania-state-university---scranton",
"98",,,,"Tempe","proprietary",,,"892",,"25590","false","true","true","University of Advancing Technology",,"https://www.usnews.com/best-colleges/university-of-advancing-technology","#22","22","2026","west",,,"regional-colleges-west","usnews.com","AZ","19365","university-of-advancing-technology","85283"
"54","18",,"2.1","Montevallo","public","20140",,"2642","3.6","1004","true","true","false","University of Montevallo","40","https://www.usnews.com/best-colleges/university-of-montevallo","#22","22","2026","south","1013",,"regional-universities-south","usnews.com","AL","27886","university-of-montevallo","35115"
"75","19",,,"Winona","public",,"2.3","5333","3.5","2394","true","true","true","Winona State University",,"https://www.usnews.com/best-colleges/winona-state","#22","22","2026","midwest","970",,"regional-universities-midwest","usnews.com","MN",,"winona-state","55987"
"95","20",,,"Wilmore","private","17799",,"2066","3.9","1952","false","true","true","Asbury University","43","https://www.usnews.com/best-colleges/asbury-university","#23","23","2026","south","990",,"regional-universities-south","usnews.com","KY","34342","asbury-university","40390"
"64","14",,,"Carlinville","private","28375",,"384","3.4","1639","false","true","false","Blackburn College","68","https://www.usnews.com/best-colleges/blackburn-college","#23","23","2026","midwest","880",,"regional-colleges-midwest","usnews.com","IL","29420","blackburn-college","62626"
"83","21",,,"Greenville","private","20348",,"2267","3.6","666997","false","true","true","Bob Jones University","66","https://www.usnews.com/best-colleges/bob-jones-university","#23","23","2026","south","1010",,"regional-universities-south","usnews.com","SC","25150","bob-jones-university","29614"
"95",,,,"Camarillo","public",,,"5290",,"39803","true","true","true","California State University--Channel Islands",,"https://www.usnews.com/best-colleges/california-state-university-channel-islands","#23","23","2026","west",,,"regional-universities-west","usnews.com","CA","19759","california-state-university-channel-islands","93012"
"95",,,"2.3","San Marcos","public","34419","2.7","14977","3.3","30113","true","true","true","California State University--San Marcos","1","https://www.usnews.com/best-colleges/california-state-university-san-marcos","#23","23","2026","west",,,"regional-universities-west","usnews.com","CA","21774","california-state-university-san-marcos","92096"
"92","26",,,"Arcata","public","28152","2.8","5474","3.4","1149","true","true","true","Cal Poly Humboldt","2","https://www.usnews.com/best-colleges/cal-poly-humboldt","#23","23","2026","west","985",,"regional-universities-west","usnews.com","CA","19484","cal-poly-humboldt","95521"
"60","19",,,"Henderson","private","17546",,"1871","3.8","3492","false","true","true","Freed-Hardeman University","64","https://www.usnews.com/best-colleges/freedhardeman-university","#23","23","2026","south","952",,"regional-universities-south","usnews.com","TN","26260","freedhardeman-university","38340"
"65","23",,,"Milligan","private","25381","2","860","3.8","3511","false","true","true","Milligan University","67","https://www.usnews.com/best-colleges/milligan-university","#23","23","2026","south","1125",,"regional-universities-south","usnews.com","TN","41100","milligan-university","37682"
"93",,,"2","Rohnert Park","public",,"2.4","5272",,"1156","true","true","true","Sonoma State University",,"https://www.usnews.com/best-colleges/sonoma-state-university","#23","23","2026","west",,,"regional-universities-west","usnews.com","CA","24994","sonoma-state-university","94928"
"93","22",,"2.2","Bellingham","public","43885","2.7","13752","3.4","3802","true","true","true","Western Washington University","16","https://www.usnews.com/best-colleges/western-washington","#23","23","2026","west","1110",,"regional-universities-west","usnews.com","WA","29109","western-washington","98225"
"72","26",,,"Hastings","private",,,"990",,"2548","false","true","false","Hastings College",,"https://www.usnews.com/best-colleges/hastings","#24","24","2026","midwest",,,"regional-colleges-midwest","usnews.com","NE","37770","hastings","68901"
"88",,,,"Lewiston","public",,,"3702",,"1621","true","true","false","Lewis-Clark State College",,"https://www.usnews.com/best-colleges/lewisclark-state-college","#24","24","2026","west",,,"regional-colleges-west","usnews.com","ID","22028","lewisclark-state-college","83501"
"97","23",,,"Abington","public",,,"2884","3.3","3342","true","true","true","Pennsylvania State University--Abington",,"https://www.usnews.com/best-colleges/pennsylvania-state-university-abington","#24","24","2026","north","1070",,"regional-colleges-north","usnews.com","PA",,"pennsylvania-state-university-abington","19001"
"68","26",,,"Newport","private","44402",,"2135","3.5","3411","false","true","false","Salve Regina University","63","https://www.usnews.com/best-colleges/salve-regina-university","#24","24","2026","north","1160",,"regional-universities-north","usnews.com","RI","52230","salve-regina-university","02840"
"91",,,,"Morrisville","public","25517",,"2042","2.9","2859","true","true","true","SUNY Morrisville","25","https://www.usnews.com/best-colleges/suny-morrisville","#24","24","2026","north","990",,"regional-colleges-north","usnews.com","NY","13800","suny-morrisville","13408"
"89","19",,"2.3","Kearney","public","21625",,"4213","3.5","2551","true","true","false","University of Nebraska at Kearney","41","https://www.usnews.com/best-colleges/university-of-nebraska-at-kearney","#24","24","2026","midwest","905",,"regional-universities-midwest","usnews.com","NE","17454","university-of-nebraska-at-kearney","68849"
"94","16",,,"North Newton","private","48678",,"507","3.5","1905","false","true","true","Bethel College","68","https://www.usnews.com/best-colleges/bethel-college","#25","25","2026","midwest","860",,"regional-colleges-midwest","usnews.com","KS","36058","bethel-college","67107"
"90","16",,"2.1","River Forest","private","23151",,"2690","3.7","1750","false","true","true","Dominican University","80","https://www.usnews.com/best-colleges/dominican-university","#25","25","2026","midwest","870",,"regional-universities-midwest","usnews.com","IL","40458","dominican-university","60305"
"58","22",,,"Springfield","private","26747",,"1391","3.7","2461","false","true","true","Drury University","60","https://www.usnews.com/best-colleges/drury-university","#25","25","2026","midwest","1130",,"regional-universities-midwest","usnews.com","MO","36955","drury-university","65802"
"58","22",,,"Steubenville","private",,,"2978",,"3036","false","true","true","Franciscan University of Steubenville",,"https://www.usnews.com/best-colleges/franciscan-university","#25","25","2026","midwest","1110",,"regional-universities-midwest","usnews.com","OH","34100","franciscan-university","43952"
"87",,,,"Henderson","public",,,"7224",,"41143","true","true","false","Nevada State University",,"https://www.usnews.com/best-colleges/nevada-state-university","#25","25","2026","west",,,"regional-colleges-west","usnews.com","NV","21833","nevada-state-university","89002"
"81","24",,"2.3","Old Westbury","private","68224","3.2","3646","3.5","4804","false","true","true","New York Institute of Technology","63","https://www.usnews.com/best-colleges/new-york-institute-of-technology","#25","25","2026","north","1190",,"regional-universities-north","usnews.com","NY","48600","new-york-institute-of-technology","11568"
"82","24",,"2.3","St. Bonaventure","private","35375",,"2048","3.7","2817","false","true","true","St. Bonaventure University","68","https://www.usnews.com/best-colleges/st-bonaventure-university","#25","25","2026","north","1070",,"regional-universities-north","usnews.com","NY","43505","st-bonaventure-university","14778"
"70","22",,"2.1","Oneonta","public","28280",,"4681","3.5","2847","true","true","true","SUNY Oneonta","2","https://www.usnews.com/best-colleges/suny-oneonta","#25","25","2026","north","1100",,"regional-universities-north","usnews.com","NY","19725","suny-oneonta","13825"
"85","20",,,"Palos Heights","private","27632",,"754",,"1771","false","true","true","Trinity Christian College","37","https://www.usnews.com/best-colleges/trinity-christian-college","#25","25","2026","midwest","1050",,"regional-colleges-midwest","usnews.com","IL","20980","trinity-christian-college","60463"
"84","16",,,"Lincoln","private","25963",,"695","3.5","2563","false","true","true","Union Adventist University","72","https://www.usnews.com/best-colleges/union-adventist-university","#25","25","2026","midwest","1065",,"regional-colleges-midwest","usnews.com","NE","30296","union-adventist-university","68506"
"88","22",,"2.3","Eau Claire","public","25034","2.4","8765","3.6","3917","true","true","true","University of Wisconsin--Eau Claire","25","https://www.usnews.com/best-colleges/university-of-wisconsin-eau-claire","#25","25","2026","midwest","1100",,"regional-universities-midwest","usnews.com","WI","19368","university-of-wisconsin-eau-claire","54701"
"71","16",,,"Glendale","private",,,"1381","3.4","7113","false","true","false","Arizona Christian University",,"https://www.usnews.com/best-colleges/arizona-christian-university","#26","26","2026","west","890",,"regional-colleges-west","usnews.com","AZ","35348","arizona-christian-university","85306"
"72",,,,"Greenville","private",,,"835","3.2","3376","false","true","true","Thiel College",,"https://www.usnews.com/best-colleges/thiel-college","#26","26","2026","north",,,"regional-colleges-north","usnews.com","PA",,"thiel-college","16125"
"61","17",,,"Phoenixville","private","26941",,"517","3.4","3306","false","true","true","University of Valley Forge","78","https://www.usnews.com/best-colleges/valley-forge-christian","#26","26","2026","north","920",,"regional-colleges-north","usnews.com","PA","26520","valley-forge-christian","19460"
"94",,,,"Elkins","private",,,"683",,"3811","false","true","true","Davis and Elkins College",,"https://www.usnews.com/best-colleges/davis-and-elkins-college","#27","27","2026","south",,,"regional-colleges-south","usnews.com","WV","31820","davis-and-elkins-college","26241"
"84","20",,,"Emory","private","25598",,"1083",,"3709","false","true","true","Emory & Henry University","57","https://www.usnews.com/best-colleges/emory--henry-university","#27","27","2026","south","1051",,"regional-universities-south","usnews.com","VA","39975","emory--henry-university","24327"
"68",,,,"Mars Hill","private",,,"1002",,"2944","false","true","true","Mars Hill University",,"https://www.usnews.com/best-colleges/mars-hill-college","#27","27","2026","south",,,"regional-colleges-south","usnews.com","NC","37736","mars-hill-college","28754"
"77","19",,"2.2","Morehead","public","23359",,"8258","3.5","1976","true","true","true","Morehead State University","34","https://www.usnews.com/best-colleges/morehead-state-university","#27","27","2026","south","1003",,"regional-universities-south","usnews.com","KY","15614","morehead-state-university","40351"
"87","15",,,"Durham","public","39293",,"6595","3.3","2950","true","true","true","North Carolina Central University","24","https://www.usnews.com/best-colleges/north-carolina-central-university","#27","27","2026","south","913",,"regional-universities-south","usnews.com","NC","19735","north-carolina-central-university","27707"
,,,,"Espanola","public",,,"1310",,"20839","true","true","true","Northern New Mexico College",,"https://www.usnews.com/best-colleges/northern-new-mexico-college","#27","27","2026","west",,,"regional-colleges-west","usnews.com","NM","14328","northern-new-mexico-college","87532"
"100","14",,,"Goodwell","public",,,"1021",,"3174","true","true","true","Oklahoma Panhandle State University",,"https://www.usnews.com/best-colleges/oklahoma-panhandle-state","#27","27","2026","west","880",,"regional-colleges-west","usnews.com","OK","8636","oklahoma-panhandle-state","73939"
,,,,"Lakewood","proprietary",,,"1888",,"7649","false","true","true","Rocky Mountain College of Art and Design",,"https://www.usnews.com/best-colleges/rocky-mountain-college-of-art-and-design","#27","27","2026","west",,,"regional-colleges-west","usnews.com","CO","20190","rocky-mountain-college-of-art-and-design","80214"
"67","17",,,"Claremore","public",,,"3141","3.3","3168","true","true","true","Rogers State University",,"https://www.usnews.com/best-colleges/rogers-state-university","#27","27","2026","west","730",,"regional-colleges-west","usnews.com","OK","16410","rogers-state-university","74017"
,,,,"Ephraim","public",,"2.1","5506",,"666994","true","true","true","Snow College",,"https://www.usnews.com/best-colleges/snow-college","#27","27","2026","west",,,"regional-colleges-west","usnews.com","UT","14288","snow-college","84627"
"93","18",,,"Buckhannon","private","16719",,"971","3.5","3830","false","true","true","West Virginia Wesleyan College","75","https://www.usnews.com/best-colleges/west-virginia-wesleyan","#27","27","2026","south","892",,"regional-colleges-south","usnews.com","WV","34416","west-virginia-wesleyan","26201"
"32",,,,"Valencia","private",,,"918",,"1132","false","true","true","California Institute of the Arts",,"https://www.usnews.com/best-colleges/california-institute-of-the-arts","#28","28","2026","west",,,"regional-universities-west","usnews.com","CA","58996","california-institute-of-the-arts","91355"
"65",,,,"Canton","private","24139",,"861","3.3","2460","false","true","true","Culver-Stockton College","71","https://www.usnews.com/best-colleges/culver-stockton-college","#28","28","2026","midwest",,,"regional-colleges-midwest","usnews.com","MO","32130","culver-stockton-college","63435"
"73","19",,,"Mitchell","private","27830",,"772","3.5","3461","false","true","true","Dakota Wesleyan University","70","https://www.usnews.com/best-colleges/dakota-wesleyan","#28","28","2026","midwest",,,"regional-colleges-midwest","usnews.com","SD","34540","dakota-wesleyan","57301"
"79","25",,"2.1","Riverdale","private","39789","3.1","2746","3.6","2758","false","true","true","Manhattan University","65","https://www.usnews.com/best-colleges/manhattan-university","#28","28","2026","north","1180",,"regional-universities-north","usnews.com","NY","53000","manhattan-university","10471"
"82",,,,"Cresson","private",,,"2942","3.5","3302","false","true","false","Mount Aloysius College",,"https://www.usnews.com/best-colleges/mount-aloysius-college","#28","28","2026","north","918",,"regional-colleges-north","usnews.com","PA","27884","mount-aloysius-college","16630"
"73",,,,"Los Angeles","private","37350",,"1733","3.5","1243","false","true","true","Mount Saint Mary's University","85","https://www.usnews.com/best-colleges/mount-saint-marys-university","#28","28","2026","west",,,"regional-universities-west","usnews.com","CA","51052","mount-saint-marys-university","90049"
"87","22",,"2.3","Niagara University","private","24244",,"2692","3.5","2788","false","true","true","Niagara University","58","https://www.usnews.com/best-colleges/niagara-university","#28","28","2026","north","1060",,"regional-universities-north","usnews.com","NY","40180","niagara-university","14109"
"78","22",,"2","Tacoma","private",,,"2446","3.7","3785","false","true","true","Pacific Lutheran University",,"https://www.usnews.com/best-colleges/pacific-lutheran-university","#28","28","2026","west","1040",,"regional-universities-west","usnews.com","WA",,"pacific-lutheran-university","98447"
"81","23",,"2.2","Oswego","public","32610","2.5","5517","3.1","2848","true","true","true","SUNY Oswego","25","https://www.usnews.com/best-colleges/suny-oswego","#28","28","2026","north","1060",,"regional-universities-north","usnews.com","NY","19019","suny-oswego","13126"
"91","27",,,"Boston","private","39436","3.1","3965","3.4","29099","false","true","true","Wentworth Institute of Technology","60","https://www.usnews.com/best-colleges/wentworth-institute-of-technology","#28","28","2026","north","1110",,"regional-universities-north","usnews.com","MA","45460","wentworth-institute-of-technology","02115"
"71","20",,,"Romeoville","private","29245","2.1","4326","3.6","1707","false","true","true","Lewis University","67","https://www.usnews.com/best-colleges/lewis-university","#29","29","2026","midwest","960",,"regional-universities-midwest","usnews.com","IL","40700","lewis-university","60446"
"96",,,,,"public",,,"361",,"989152","true","true","false","Pennsylvania State University -- Greater Allegheny",,"https://www.usnews.com/best-colleges/pennsylvania-state-university---greater-allegheny","#29","29","2026","north","1080",,"regional-colleges-north","usnews.com","PA","24134","pennsylvania-state-university---greater-allegheny",
"86","21",,"2.5","Springfield","public","23810",,"2309","3.3","9333","true","true","true","University of Illinois--Springfield","26","https://www.usnews.com/best-colleges/university-of-illinois-springfield","#29","29","2026","midwest","940",,"regional-universities-midwest","usnews.com","IL","22805","university-of-illinois-springfield","62703"
"73","21",,,"Adrian","private","29873",,"1673",,"2234","false","true","true","Adrian College","87","https://www.usnews.com/best-colleges/adrian-college","#30","30","2026","midwest","873",,"regional-colleges-midwest","usnews.com","MI","42764","adrian-college","49221"
"35",,,,"Owensboro","private",,,"551",,"1958","false","true","true","Brescia University",,"https://www.usnews.com/best-colleges/brescia-university","#30","30","2026","south",,,"regional-colleges-south","usnews.com","KY","31550","brescia-university","42301"
"42","18",,,"Brevard","private","39285",,"821","3.2","2912","false","true","true","Brevard College","74","https://www.usnews.com/best-colleges/brevard-college","#30","30","2026","south","970",,"regional-colleges-south","usnews.com","NC","33200","brevard-college","28712"
"74","17",,,"Minneapolis","private","34624","2.3","1517","2.9","4641","false","true","true","Dunwoody College of Technology","54","https://www.usnews.com/best-colleges/dunwoody-college-of-technology","#30","30","2026","midwest",,,"regional-colleges-midwest","usnews.com","MN","28293","dunwoody-college-of-technology","55403"
"95",,,,,"public",,,"419",,"510407","true","true","false","Pennsylvania State University -- Fayette-Eberly",,"https://www.usnews.com/best-colleges/pennsylvania-state-university---fayetteeberly","#30","30","2026","north","1120",,"regional-colleges-north","usnews.com","PA","24134","pennsylvania-state-university---fayetteeberly",
"71","19",,"2.1","Florence","public","31375",,"8078","3.5","1016","true","true","false","University of North Alabama","30","https://www.usnews.com/best-colleges/university-of-north-alabama","#30","30","2026","south","975",,"regional-universities-south","usnews.com","AL","23150","university-of-north-alabama","35632"
"55","22",,,"Anderson","private","37611",,"3406","3.7","3418","false","true","true","Anderson University","76","https://www.usnews.com/best-colleges/anderson-university","#31","31","2026","south","1100",,"regional-universities-south","usnews.com","SC","36360","anderson-university","29621"
"85","19",,"2.4","Bakersfield","public",,"2.9","8865","3.5","7993","true","true","true","California State University--Bakersfield",,"https://www.usnews.com/best-colleges/csub","#31","31","2026","west","895",,"regional-universities-west","usnews.com","CA","21832","csub","93311"
"74",,,,"Franklin","private",,,"1092","3","2144","false","true","true","Dean College",,"https://www.usnews.com/best-colleges/dean-college","#31","31","2026","north",,,"regional-colleges-north","usnews.com","MA","48678","dean-college","02038"
"84","18",,,"San Rafael","private","36129",,"1151","3.6","1196","false","true","true","Dominican University of California","66","https://www.usnews.com/best-colleges/dominican-university-of-california","#31","31","2026","west","980",,"regional-universities-west","usnews.com","CA","53700","dominican-university-of-california","94901"
"97",,,,"Hamburg","private",,,"939",,"2735","false","true","true","Hilbert College",,"https://www.usnews.com/best-colleges/hilbert-college","#31","31","2026","north",,,"regional-colleges-north","usnews.com","NY","33740","hilbert-college","14075"
"71","20",,,"Cleveland","private","22699",,"3271","3.6","3500","false","true","true","Lee University","65","https://www.usnews.com/best-colleges/lee-university","#31","31","2026","south","1040",,"regional-universities-south","usnews.com","TN","24870","lee-university","37311"
"79",,,,"Fort Kent","public",,,"1466",,"2041","true","true","true","University of Maine--Fort Kent",,"https://www.usnews.com/best-colleges/university-of-maine-fort-kent","#31","31","2026","north",,,"regional-colleges-north","usnews.com","ME","15390","university-of-maine-fort-kent","04743"
"94","18",,"2.3","Whitewater","public","24919",,"10090","3.3","3926","true","true","false","University of Wisconsin--Whitewater","12","https://www.usnews.com/best-colleges/university-of-wisconsin-whitewater","#31","31","2026","midwest","940",,"regional-universities-midwest","usnews.com","WI","19147","university-of-wisconsin-whitewater","53190"
"96",,,,"Anchorage","private",,,"437",,"1061","false","true","false","Alaska Pacific University",,"https://www.usnews.com/best-colleges/alaska-pacific-university","#32","32","2026","west",,,"regional-colleges-west","usnews.com","AK","20760","alaska-pacific-university","99508"
"82",,,,"Minneapolis","private",,,"2527","3.1","2334","false","true","true","Augsburg University",,"https://www.usnews.com/best-colleges/augsburg-university","#32","32","2026","midwest",,,"regional-universities-midwest","usnews.com","MN",,"augsburg-university","55454"
"73","16",,,"Bismarck","public",,,"4206","3.2","2988","true","true","true","Bismarck State College",,"https://www.usnews.com/best-colleges/bismarck-state-college","#32","32","2026","midwest","880",,"regional-colleges-midwest","usnews.com","ND","8842","bismarck-state-college","58506"
"72",,,"2.3","Buffalo","private","27463",,"1724","3.4","2681","false","true","false","Canisius University","63","https://www.usnews.com/best-colleges/canisius-university","#32","32","2026","north",,,"regional-universities-north","usnews.com","NY","35530","canisius-university","14208"
"67","21",,,"Waukesha","private","27313",,"2581","3.5","3838","false","true","true","Carroll University","83","https://www.usnews.com/best-colleges/carroll-university","#32","32","2026","midwest","1040",,"regional-universities-midwest","usnews.com","WI","40680","carroll-university","53186"
"86","18",,,"St. Louis","private","30689",,"2091","3.5","2521","false","true","true","Webster University","59","https://www.usnews.com/best-colleges/webster-university","#32","32","2026","midwest","1110",,"regional-universities-midwest","usnews.com","MO","32690","webster-university","63119"
"78","18",,,"Gallatin","private","33768",,"350","3.7","30018","false","true","false","Welch College","75","https://www.usnews.com/best-colleges/welch-college","#32","32","2026","south","935",,"regional-colleges-south","usnews.com","TN","22042","welch-college","37066"
"92","16",,,"Wilmington","private",,,"1006","3.4","3142","false","true","true","Wilmington College",,"https://www.usnews.com/best-colleges/wilmington-college","#32","32","2026","midwest","850",,"regional-colleges-midwest","usnews.com","OH","33104","wilmington-college","45177"
"40","16",,,"Pippa Passes","private","17325",,"588","3.3","1951","false","true","true","Alice Lloyd College","88","https://www.usnews.com/best-colleges/alice-lloyd-college","#33","33","2026","south","710",,"regional-colleges-south","usnews.com","KY","14058","alice-lloyd-college","41844"
"85",,,,"Riverside","private","44789","2.5","8417","3.4","1125","false","true","false","California Baptist University","66","https://www.usnews.com/best-colleges/california-baptist-university","#33","33","2026","west",,,"regional-universities-west","usnews.com","CA","43098","california-baptist-university","92504"
"75","21",,"2.4","Conway","public","37316","2.4","10811","3.8","3451","true","true","true","Coastal Carolina University","42","https://www.usnews.com/best-colleges/coastal-carolina-university","#33","33","2026","south","1050",,"regional-universities-south","usnews.com","SC","29926","coastal-carolina-university","29528"
"68","19",,,"Spartanburg","private","23735",,"1165",,"3431","false","true","true","Converse University","83","https://www.usnews.com/best-colleges/converse-university","#33","33","2026","south","1010",,"regional-universities-south","usnews.com","SC","34144","converse-university","29302"
"57",,,,"Bronx","public",,,"12644","3.2","7022","true","true","true","CUNY--Lehman College",,"https://www.usnews.com/best-colleges/lehman-college","#33","33","2026","north","850",,"regional-universities-north","usnews.com","NY","15360","lehman-college","10468"
"80","16",,,"Charlotte","private","29904",,"1184","3.4","108847","false","true","true","Johnson & Wales University--Charlotte","87","https://www.usnews.com/best-colleges/johnson--wales-university-charlotte","#33","33","2026","south","880",,"regional-colleges-south","usnews.com","NC","44122","johnson--wales-university-charlotte",
"90","17",,,"Columbus","public","17737",,"1962","3.5","2422","true","true","true","Mississippi University for Women","45","https://www.usnews.com/best-colleges/mississippi-women","#33","33","2026","south",,,"regional-universities-south","usnews.com","MS","8747","mississippi-women","39701"
"80",,,,"Rocky Mount","private","26788",,"1262",,"2951","false","true","true","North Carolina Wesleyan University","74","https://www.usnews.com/best-colleges/north-carolina-wesleyan-university","#33","33","2026","south",,,"regional-colleges-south","usnews.com","NC","37856","north-carolina-wesleyan-university","27804"
"60",,,,"Cortland","public",,,"5911","3.5","2843","true","true","true","SUNY Cortland",,"https://www.usnews.com/best-colleges/suny-cortland","#33","33","2026","north",,,"regional-universities-north","usnews.com","NY","18784","suny-cortland","13045"
"93","18",,"2","Pembroke","public","20216",,"5437","3.4","2954","true","true","true","University of North Carolina--Pembroke","22","https://www.usnews.com/best-colleges/unc-pembroke","#33","33","2026","south","975",,"regional-universities-south","usnews.com","NC","7611","unc-pembroke","28372"
,,,,"Marshall","private",,,"636",,"3669","false","true","false","Wiley College",,"https://www.usnews.com/best-colleges/wiley-college","#33","33","2026","west",,,"regional-colleges-west","usnews.com","TX","12500","wiley-college","75670"
"76",,,,"Pasadena","private",,,"2040","3.8","1116","false","true","true","ArtCenter College of Design",,"https://www.usnews.com/best-colleges/artcenter-college-of-design","#34","34","2026","west",,,"regional-universities-west","usnews.com","CA",,"artcenter-college-of-design","91103"
"95",,,,"New London","private",,,"500",,"1393","false","true","false","Mitchell College",,"https://www.usnews.com/best-colleges/mitchell-college","#34","34","2026","north",,,"regional-colleges-north","usnews.com","CT","40490","mitchell-college","06320"
"90","19",,,"Butte","public","36913","3","2224","3.6","2531","true","true","true","Montana Technological University","30","https://www.usnews.com/best-colleges/montana-technological-university","#34","34","2026","west","1040",,"regional-universities-west","usnews.com","MT","26571","montana-technological-university","59701"
,,,,"Traverse City","public",,,"3146",,"666969","true","true","false","Northwestern Michigan College",,"https://www.usnews.com/best-colleges/northwestern-michigan-college","#34","34","2026","midwest",,,"regional-colleges-midwest","usnews.com","MI","13476","northwestern-michigan-college","49686"
"100",,,,"St. George","public",,,"13006","3.4","3671","true","true","false","Utah Tech University",,"https://www.usnews.com/best-colleges/utah-tech-university","#34","34","2026","west",,,"regional-colleges-west","usnews.com","UT","18246","utah-tech-university","84770"
"84",,,,,"private","28734",,"2012","3.2","263307","false","true","true","Fairleigh Dickinson University--Florham Campus","69","https://www.usnews.com/best-colleges/fairleigh-dickinson-university-florham-campus","#35","35","2026","north",,,"regional-universities-north","usnews.com","NJ","38564","fairleigh-dickinson-university-florham-campus",
"76","18",,,"Huntington","private","31400",,"1588","3.5","1803","false","true","false","Huntington University","49","https://www.usnews.com/best-colleges/huntington-university","#35","35","2026","midwest","930",,"regional-universities-midwest","usnews.com","IN","33144","huntington-university","46750"
"75",,,,"Beverly","private",,,"227","3.4","20630","false","true","true","Montserrat College of Art",,"https://www.usnews.com/best-colleges/montserrat-college-of-art","#35","35","2026","north",,,"regional-colleges-north","usnews.com","MA","42520","montserrat-college-of-art","01915"
,,,,"Saipan","public",,,"1253",,"667045","true","true","false","Northern Marianas College",,"https://www.usnews.com/best-colleges/northern-marianas-college","#35","35","2026","west",,,"regional-colleges-west","usnews.com","MP","5520","northern-marianas-college","96950"
"96","24",,,,"public",,,"504",,"363895","true","true","true","Pennsylvania State University -- Beaver",,"https://www.usnews.com/best-colleges/pennsylvania-state-university---beaver","#35","35","2026","north","1080",,"regional-colleges-north","usnews.com","PA","24134","pennsylvania-state-university---beaver",
"97",,,,,"public",,,"650",,"460903","true","true","true","Pennsylvania State University -- Schuylkill",,"https://www.usnews.com/best-colleges/pennsylvania-state-university---schuylkill","#35","35","2026","north","1020",,"regional-colleges-north","usnews.com","PA","25392","pennsylvania-state-university---schuylkill",
"51","20",,,"Quincy","private","25786",,"1072","3.5","1745","false","true","false","Quincy University","72","https://www.usnews.com/best-colleges/quincy-university","#35","35","2026","midwest","1000",,"regional-colleges-midwest","usnews.com","IL","38400","quincy-university","62301"
"88","24",,"2.3","Bristol","private","60954","2.7","4038","3.5","4917","false","true","true","Roger Williams University","39","https://www.usnews.com/best-colleges/roger-williams-university","#35","35","2026","north","1140",,"regional-universities-north","usnews.com","RI","45978","roger-williams-university","02809"
"81","27",,"2.1","Utica","public",,"2.1","1973","3.5","11678","true","true","true","SUNY Polytechnic Institute",,"https://www.usnews.com/best-colleges/suny-polytechnic-institute","#35","35","2026","north","1210",,"regional-universities-north","usnews.com","NY","21215","suny-polytechnic-institute","13502"
"93",,,"2.1","Carson","public",,,"12730",,"1141","true","true","true","California State University--Dominguez Hills",,"https://www.usnews.com/best-colleges/california-state-university-dominguez-hills","#36","36","2026","west",,,"regional-universities-west","usnews.com","CA","20049","california-state-university-dominguez-hills","90747"
"28",,,,"Glenwood Springs","public",,,"5494",,"666946","true","true","true","Colorado Mountain College",,"https://www.usnews.com/best-colleges/colorado-mountain-college","#36","36","2026","west",,,"regional-colleges-west","usnews.com","CO",,"colorado-mountain-college","81601"
"60","21",,,"Dubuque","private",,,"197",,"23289","false","true","false","Emmaus Bible College",,"https://www.usnews.com/best-colleges/emmaus-bible-college","#36","36","2026","midwest","1120",,"regional-colleges-midwest","usnews.com","IA","20800","emmaus-bible-college","52001"
,,,,"Hawkins","private",,,"730",,"3637","false","true","true","Jarvis Christian University",,"https://www.usnews.com/best-colleges/jarvis-christian-university","#36","36","2026","west",,,"regional-colleges-west","usnews.com","TX","11720","jarvis-christian-university","75765"
"96","12",,,"Frankfort","public","17772",,"1933","3","1968","true","true","true","Kentucky State University","65","https://www.usnews.com/best-colleges/kentucky-state-university","#36","36","2026","south",,,"regional-colleges-south","usnews.com","KY","14148","kentucky-state-university","40601"
"38","21",,,"Longview","private","31613","3.1","3184","3.8","3584","false","true","true","LeTourneau University","57","https://www.usnews.com/best-colleges/letourneau-university","#36","36","2026","west","990",,"regional-universities-west","usnews.com","TX","38290","letourneau-university","75607"
"99",,,,,"private",,,"618",,"985213","false","true","true","Pontifical Catholic University of Puerto Rico--Mayaguez",,"https://www.usnews.com/best-colleges/pontifical-catholic-university-of-puerto-rico-mayaguez","#36","36","2026","south",,,"regional-colleges-south","usnews.com","PR","6550","pontifical-catholic-university-of-puerto-rico-mayaguez",
"93","20",,,"St. Paul","private","28627","2.4","3163","3.6","2371","false","true","true","University of Northwestern--St. Paul","72","https://www.usnews.com/best-colleges/northwestern-college","#36","36","2026","midwest","868",,"regional-universities-midwest","usnews.com","MN","38946","northwestern-college","55113"
"96","17",,,"Fort Wayne","private","25680",,"1567","3.3","1832","false","true","true","University of Saint Francis","80","https://www.usnews.com/best-colleges/university-of-saint-francis","#36","36","2026","midwest","870",,"regional-universities-midwest","usnews.com","IN","37550","university-of-saint-francis","46808"
"95","18",,,"Clarksville","public",,"2.4","8926","3.3","3478","true","true","true","Austin Peay State University",,"https://www.usnews.com/best-colleges/austin-peay-state-university","#37","37","2026","south","843",,"regional-universities-south","usnews.com","TN","15144","austin-peay-state-university","37044"
"87","19",,,"Memphis","private","22898","2.2","1155","3.6","3482","false","true","true","Christian Brothers University","60","https://www.usnews.com/best-colleges/christian-brothers-university","#37","37","2026","south","1020",,"regional-universities-south","usnews.com","TN","39750","christian-brothers-university","38104"
"57","22",,"2.1","Jacksonville","private","35219","2.2","2946","3.7","1495","false","true","true","Jacksonville University","66","https://www.usnews.com/best-colleges/jacksonville-university","#37","37","2026","south","1100",,"regional-universities-south","usnews.com","FL","49800","jacksonville-university","32211"
"65","18",,,"Knoxville","private",,,"708",,"3495","false","true","true","Johnson University",,"https://www.usnews.com/best-colleges/johnson-university","#37","37","2026","south","960",,"regional-universities-south","usnews.com","TN","21122","johnson-university","37998"
"72",,,,"Salina","private",,,"899",,"1929","false","true","false","Kansas Wesleyan University",,"https://www.usnews.com/best-colleges/kansas-wesleyan-university","#37","37","2026","midwest",,,"regional-colleges-midwest","usnews.com","KS","34630","kansas-wesleyan-university","67401"
"57",,,,"Mayaguez","public",,"3.1","9855",,"3944","true","true","true","University of Puerto Rico--Mayaguez",,"https://www.usnews.com/best-colleges/university-of-puerto-rico-mayaguez","#37","37","2026","south",,,"regional-universities-south","usnews.com","PR","5274","university-of-puerto-rico-mayaguez","00681"
"64","17",,,"Graceville","private","18352",,"521",,"21596","false","true","true","Baptist University of Florida","71","https://www.usnews.com/best-colleges/baptist-college-of-florida","#38","38","2026","south","930",,"regional-colleges-south","usnews.com","FL","15000","baptist-college-of-florida","32440"
"44",,,,"Boston","private","72151",,"7549",,"2126","false","true","true","Berklee College of Music","16","https://www.usnews.com/best-colleges/berklee-college-of-music","#38","38","2026","north",,,"regional-universities-north","usnews.com","MA","54000","berklee-college-of-music","02215"
"60","16",,,"Bluffton","private",,,"600","3","3016","false","true","true","Bluffton University",,"https://www.usnews.com/best-colleges/bluffton-university","#38","38","2026","midwest","1172",,"regional-colleges-midwest","usnews.com","OH",,"bluffton-university","45817"
,,,,"New York","private",,,"401",,"13029","false","true","true","Boricua College",,"https://www.usnews.com/best-colleges/boricua-college","#38","38","2026","north",,,"regional-colleges-north","usnews.com","NY","13025","boricua-college","10032"
"79",,,,"Honolulu","private","32953",,"1817","3.5","1605","false","true","true","Chaminade University of Honolulu","40","https://www.usnews.com/best-colleges/chaminade-university-of-honolulu","#38","38","2026","west","970",,"regional-universities-west","usnews.com","HI","31918","chaminade-university-of-honolulu","96816"
"45","18",,,"Omaha","private","20200",,"552","3.3","2540","false","true","false","College of Saint Mary","69","https://www.usnews.com/best-colleges/college-of-saint-mary","#38","38","2026","midwest","830",,"regional-universities-midwest","usnews.com","NE","27294","college-of-saint-mary","68106"
"58",,,"2.4","Brooklyn","public",,,"11562","3.4","2687","true","true","true","CUNY--Brooklyn College",,"https://www.usnews.com/best-colleges/cuny-brooklyn-college","#38","38","2026","north","950",,"regional-universities-north","usnews.com","NY","19120","cuny-brooklyn-college","11210"
"64",,,,"Queens","public",,,"13464","3.3","2690","true","true","true","CUNY--Queens College",,"https://www.usnews.com/best-colleges/queens-college","#38","38","2026","north","1010",,"regional-universities-north","usnews.com","NY","19208","queens-college","11367"
,,,,"Dalton","public",,,"4902",,"3956","true","true","true","Dalton State College",,"https://www.usnews.com/best-colleges/dalton-state-college","#38","38","2026","south",,,"regional-colleges-south","usnews.com","GA","10656","dalton-state-college","30720"
"71","25",,,"Beverly","private","40105","2.1","3360","3.7","2148","false","true","true","Endicott College","51","https://www.usnews.com/best-colleges/endicott-college","#38","38","2026","north","1193",,"regional-universities-north","usnews.com","MA","42650","endicott-college","01915"
"70","26",,,"North Andover","private","47563","2.8","4102","3.5","2120","false","true","true","Merrimack College","63","https://www.usnews.com/best-colleges/merrimack-college","#38","38","2026","north","1070",,"regional-universities-north","usnews.com","MA","53962","merrimack-college","01845"
"54","24",,,"Bethlehem","private","38117",,"1992","3.5","3301","false","true","true","Moravian University","79","https://www.usnews.com/best-colleges/moravian-university","#38","38","2026","north","1070",,"regional-universities-north","usnews.com","PA","55560","moravian-university","18018"
"97",,,,,"public",,,"348",,"338379","true","true","true","Pennsylvania State University--Wilkes-Barre",,"https://www.usnews.com/best-colleges/pennsylvania-state-university-wilkesbarre","#38","38","2026","north","1090",,"regional-colleges-north","usnews.com","PA","24006","pennsylvania-state-university-wilkesbarre",
"62",,,,"Waleska","private","27367",,"1129","3.2","1589","false","true","true","Reinhardt University","68","https://www.usnews.com/best-colleges/reinhardt-university","#38","38","2026","south",,,"regional-colleges-south","usnews.com","GA","32500","reinhardt-university","30183"
"90",,,,"Jersey City","private","24375",,"2263","3.1","2638","false","true","true","Saint Peter's University","68","https://www.usnews.com/best-colleges/saint-peters-university","#38","38","2026","north","868",,"regional-universities-north","usnews.com","NJ","43170","saint-peters-university","07306"
"74","18",,"2.3","Nacogdoches","public",,"2.5","9129",,"3624","true","true","true","Stephen F. Austin State University",,"https://www.usnews.com/best-colleges/stephen-f-austin-state-university","#38","38","2026","west","960",,"regional-universities-west","usnews.com","TX","23428","stephen-f-austin-state-university","75965"
"65",,,,"Hillsboro","private",,,"539",,"1946","false","true","true","Tabor College",,"https://www.usnews.com/best-colleges/tabor-college","#38","38","2026","midwest",,,"regional-colleges-midwest","usnews.com","KS","45850","tabor-college","67063"
"46","16",,"2.1","Laredo","public","31823","2.4","7165",,"9651","true","true","true","Texas A&M International University","1","https://www.usnews.com/best-colleges/texas-am-international","#38","38","2026","west","890",,"regional-universities-west","usnews.com","TX","21648","texas-am-international","78041"
"52",,,,"Ponce","public",,,"2319",,"9652","true","true","true","University of Puerto Rico--Ponce",,"https://www.usnews.com/best-colleges/university-of-puerto-rico-ponce","#38","38","2026","south",,,"regional-colleges-south","usnews.com","PR","5354","university-of-puerto-rico-ponce","00732"
"74","18",,,"Bluffton","public",,,"2162","3.1","3450","true","true","true","University of South Carolina--Beaufort",,"https://www.usnews.com/best-colleges/university-of-south-carolina-beaufort","#38","38","2026","south","900",,"regional-colleges-south","usnews.com","SC","21758","university-of-south-carolina-beaufort","29909"
"80","22",,,"Lincoln","private","26739",,"1463","3.6","2555","false","true","true","Nebraska Wesleyan University","66","https://www.usnews.com/best-colleges/nebraska-wesleyan-university","#39","39","2026","midwest","1020",,"regional-universities-midwest","usnews.com","NE","45342","nebraska-wesleyan-university","68504"
"56","19",,,"Bourbonnais","private",,"2.1","2704","3.6","1741","false","true","true","Olivet Nazarene University",,"https://www.usnews.com/best-colleges/olivet-nazarene-university","#39","39","2026","midwest","950",,"regional-universities-midwest","usnews.com","IL",,"olivet-nazarene-university","60914"
"78","18",,,"Alliance","private","25464","2.1","2207","3.4","3083","false","true","true","University of Mount Union","74","https://www.usnews.com/best-colleges/university-of-mount-union","#39","39","2026","midwest","910",,"regional-universities-midwest","usnews.com","OH","37700","university-of-mount-union","44601"
"83","16",,,"Ottawa","private",,,"870",,"1937","false","true","false","Ottawa University",,"https://www.usnews.com/best-colleges/ottawa-university","#40","40","2026","midwest","750",,"regional-colleges-midwest","usnews.com","KS",,"ottawa-university","66067"
"97",,,,,"public",,,"353",,"402912","true","true","false","Pennsylvania State University -- DuBois",,"https://www.usnews.com/best-colleges/pennsylvania-state-university---dubois","#40","40","2026","north","990",,"regional-colleges-north","usnews.com","PA","24134","pennsylvania-state-university---dubois",
"37","17",,,"Dickinson","public",,,"1339","3.2","2989","true","true","false","Dickinson State University",,"https://www.usnews.com/best-colleges/dickinson-state-university","#41","41","2026","midwest","780",,"regional-colleges-midwest","usnews.com","ND","9418","dickinson-state-university","58601"
"91","17",,,"Riverside","private","33014",,"1226","3.5","1215","false","true","true","La Sierra University","75","https://www.usnews.com/best-colleges/la-sierra-university","#41","41","2026","west","918",,"regional-universities-west","usnews.com","CA","38862","la-sierra-university","92515"
"98","22",,,,"public",,,"2421",,"253849","true","true","true","Pennsylvania State University--Altoona",,"https://www.usnews.com/best-colleges/pennsylvania-state-university-altoona","#41","41","2026","north","1070",,"regional-colleges-north","usnews.com","PA","26958","pennsylvania-state-university-altoona",
"95",,,,,"public",,,"456",,"698055","true","true","true","Pennsylvania State University -- New Kensington",,"https://www.usnews.com/best-colleges/pennsylvania-state-university---new-kensington","#41","41","2026","north","1110",,"regional-colleges-north","usnews.com","PA","24134","pennsylvania-state-university---new-kensington",
"84","14",,,"Dallas","public","30740",,"2953","3.3","666992","true","true","true","The University of North Texas--Dallas","1","https://www.usnews.com/best-colleges/the-university-of-north-texas-dallas","#41","41","2026","west","800",,"regional-universities-west","usnews.com","TX","21894","the-university-of-north-texas-dallas","75241"
"76","20",,,"Ashland","private","32717",,"5289","3.5","3012","false","true","true","Ashland University","73","https://www.usnews.com/best-colleges/ashland-university","#42","42","2026","midwest","1035",,"regional-universities-midwest","usnews.com","OH","33220","ashland-university","44805"
"70","18",,,"Columbus","private","27648",,"1609","3.5","3023","false","true","true","Capital University","78","https://www.usnews.com/best-colleges/capital-university","#42","42","2026","midwest","910",,"regional-universities-midwest","usnews.com","OH","44304","capital-university","43209"
"67","20",,,"Tigerville","private","41799",,"2020","3.5","3441","false","true","true","North Greenville University","79","https://www.usnews.com/best-colleges/north-greenville-university","#42","42","2026","south","1060",,"regional-universities-south","usnews.com","SC","26720","north-greenville-university","29688"
"80",,,,"Orange City","private",,,"1146",,"1883","false","true","true","Northwestern College",,"https://www.usnews.com/best-colleges/northwestern-college","#42","42","2026","midwest",,,"regional-universities-midwest","usnews.com","IA","36710","northwestern-college","51041"
"72",,,,"St. Mary-of-the-Woods","private","46911",,"858","3.3","1835","false","true","true","Saint Mary-of-the-Woods College","57","https://www.usnews.com/best-colleges/saint-maryofthewoods-college","#42","42","2026","midwest",,,"regional-universities-midwest","usnews.com","IN","35340","saint-maryofthewoods-college","47876"
"65","19",,,"Collegedale","private",,,"2929",,"3518","false","true","true","Southern Adventist University",,"https://www.usnews.com/best-colleges/southern-adventist-university","#42","42","2026","south","1020",,"regional-universities-south","usnews.com","TN","27300","southern-adventist-university","37315"
"74",,,,"Winfield","private",,,"938","3.3","1940","false","true","false","Southwestern College",,"https://www.usnews.com/best-colleges/southwestern-college","#42","42","2026","midwest",,,"regional-colleges-midwest","usnews.com","KS","40814","southwestern-college","67156"
"89","17",,"2","Petersburg","public","29774","2.7","5129","3.2","3764","true","true","true","Virginia State University","70","https://www.usnews.com/best-colleges/virginia-state-university","#42","42","2026","south","840",,"regional-universities-south","usnews.com","VA","22604","virginia-state-university","23806"
"85","14",,,"Eureka","private",,,"527","3.1","1678","false","true","false","Eureka College",,"https://www.usnews.com/best-colleges/eureka-college","#43","43","2026","midwest","840",,"regional-colleges-midwest","usnews.com","IL",,"eureka-college","61530"
"62",,,,"Elizabeth City","private",,,"177",,"22809","false","true","true","Mid-Atlantic Christian University",,"https://www.usnews.com/best-colleges/midatlantic-christian-university","#43","43","2026","south","830",,"regional-colleges-south","usnews.com","NC","17280","midatlantic-christian-university","27909"
"49","19",,,"Shawnee","private","36656",,"1427","3.6","3164","false","true","true","Oklahoma Baptist University","58","https://www.usnews.com/best-colleges/oklahoma-baptist-university","#43","43","2026","west","1070",,"regional-universities-west","usnews.com","OK","37330","oklahoma-baptist-university","74804"
"97",,,,,"public",,,"954",,"247640","true","true","true","Pennsylvania State University -- Lehigh Valley",,"https://www.usnews.com/best-colleges/pennsylvania-state-university---lehigh-valley","#43","43","2026","north","1130",,"regional-colleges-north","usnews.com","PA","25392","pennsylvania-state-university---lehigh-valley",
"98",,,,,"public",,,"587",,"817798","true","true","true","Pennsylvania State University -- Mont Alto",,"https://www.usnews.com/best-colleges/pennsylvania-state-university---mont-alto","#43","43","2026","north","980",,"regional-colleges-north","usnews.com","PA","24134","pennsylvania-state-university---mont-alto",
,,,,"Little Rock","private",,,"755",,"1103","false","true","true","Philander Smith College",,"https://www.usnews.com/best-colleges/philander-smith-college","#43","43","2026","south",,,"regional-colleges-south","usnews.com","AR",,"philander-smith-college","72202"
"66","18",,,"Toccoa Falls","private","23991",,"3013","3.8","1596","false","true","true","University of Toccoa Falls","80","https://www.usnews.com/best-colleges/university-of-toccoa-falls","#43","43","2026","south","1010",,"regional-colleges-south","usnews.com","GA","24950","university-of-toccoa-falls","30598"
"62","23",,,"Costa Mesa","private","28887",,"1914","3.4","1293","false","true","true","Vanguard University of Southern California","74","https://www.usnews.com/best-colleges/vanguard-university-of-southern-california","#43","43","2026","west","980",,"regional-universities-west","usnews.com","CA","43400","vanguard-university-of-southern-california","92626"
"82",,,,"Burbank","private","53385",,"785","3.3","1343","false","true","true","Woodbury University","73","https://www.usnews.com/best-colleges/woodbury-university","#43","43","2026","west",,,"regional-universities-west","usnews.com","CA","48468","woodbury-university","91504"
"48",,,,"Defiance","private",,,"529","3.3","3041","false","true","true","Defiance College",,"https://www.usnews.com/best-colleges/defiance-college","#44","44","2026","midwest",,,"regional-colleges-midwest","usnews.com","OH","29320","defiance-college","43512"
"83",,,,"Olivet","private",,,"938",,"2308","false","true","true","The University of Olivet",,"https://www.usnews.com/best-colleges/olivet","#44","44","2026","midwest",,,"regional-colleges-midwest","usnews.com","MI","34068","olivet","49076"
"45","15",,,"Lorman","public",,,"2532","3","2396","true","true","true","Alcorn State University",,"https://www.usnews.com/best-colleges/alcorn-state-university","#45","45","2026","south","670",,"regional-universities-south","usnews.com","MS","8785","alcorn-state-university","39096"
"95",,,,"New York","proprietary",,,"1731","2.4","7394","false","true","true","Berkeley College",,"https://www.usnews.com/best-colleges/berkeley-college","#45","45","2026","north",,,"regional-colleges-north","usnews.com","NY","30880","berkeley-college","10017"
"95",,,,"Columbia","private","25222",,"657","3.2","3429","false","true","true","Columbia International University","77","https://www.usnews.com/best-colleges/columbia-international-university","#45","45","2026","south",,,"regional-universities-south","usnews.com","SC","27900","columbia-international-university","29230"
"78","26",,,"Elizabethtown","private","32936","3","1903","3.7","3262","false","true","true","Elizabethtown College","64","https://www.usnews.com/best-colleges/elizabethtown-college","#45","45","2026","north","1105",,"regional-universities-north","usnews.com","PA","39370","elizabethtown-college","17022"
"85",,,,"Hickory","private","25041",,"1472","3.4","2941","false","true","true","Lenoir-Rhyne University","73","https://www.usnews.com/best-colleges/lenoir-rhyne-university","#45","45","2026","south",,,"regional-universities-south","usnews.com","NC","33000","lenoir-rhyne-university","28601"
"79","26",,,"Mechanicsburg","private","30404","2.6","2618","3.8","3298","false","true","true","Messiah University","66","https://www.usnews.com/best-colleges/messiah-university","#45","45","2026","north","1110",,"regional-universities-north","usnews.com","PA","43580","messiah-university","17055"
"79","27",,"2.1","Lawrenceville","private","32070",,"3143","3.5","2628","false","true","true","Rider University","70","https://www.usnews.com/best-colleges/rider-university","#45","45","2026","north","1100",,"regional-universities-north","usnews.com","NJ","43240","rider-university","08648"
"87","20",,"2.1","Salisbury","public",,,"6288","3.7","2091","true","true","true","Salisbury University",,"https://www.usnews.com/best-colleges/salisbury-university","#45","45","2026","north","1180",,"regional-universities-north","usnews.com","MD","22174","salisbury-university","21801"
"96","18",,"2.4","Troy","public","33593",,"10222","3.4","1047","true","true","true","Troy University","36","https://www.usnews.com/best-colleges/troy-university","#45","45","2026","south","940",,"regional-universities-south","usnews.com","AL","26100","troy-university","36082"
,,,,"Augusta","public",,,"4250",,"6760","true","true","true","University of Maine--Augusta",,"https://www.usnews.com/best-colleges/university-of-maine-augusta","#45","45","2026","north",,,"regional-colleges-north","usnews.com","ME","22178","university-of-maine-augusta","04330"
"79",,,,"West Hartford","private","37330",,"993","3.4","1409","false","true","true","University of Saint Joseph","73","https://www.usnews.com/best-colleges/university-of-saint-joseph","#45","45","2026","north","850",,"regional-universities-north","usnews.com","CT","48686","university-of-saint-joseph","06117"
"56",,,,"Lindsborg","private",,,"637",,"1904","false","true","false","Bethany College",,"https://www.usnews.com/best-colleges/bethany-college","#46","46","2026","midwest",,,"regional-colleges-midwest","usnews.com","KS","33000","bethany-college","67456"
"87","20",,,"Kenosha","private","49643",,"2675","3.3","3839","false","true","true","Carthage College","68","https://www.usnews.com/best-colleges/carthage-college","#46","46","2026","midwest",,,"regional-universities-midwest","usnews.com","WI","41000","carthage-college","53140"
"91",,,"2.1","Ellensburg","public","47071",,"10033","3.2","3771","true","true","true","Central Washington University","6","https://www.usnews.com/best-colleges/central-washington-university","#46","46","2026","west",,,"regional-universities-west","usnews.com","WA","28362","central-washington-university","98926"
"70","19",,,"Temple Terrace","private",,,"657",,"1482","false","true","true","Florida College",,"https://www.usnews.com/best-colleges/florida-college","#46","46","2026","south","930",,"regional-colleges-south","usnews.com","FL","20360","florida-college","33617"
"64",,,,"Fresno","private","30620",,"1615",,"1253","false","true","true","Fresno Pacific University","77","https://www.usnews.com/best-colleges/fresno-pacific-university","#46","46","2026","west",,,"regional-universities-west","usnews.com","CA","37760","fresno-pacific-university","93727"
"92","17",,,"Alexandria","public",,,"5330",,"2011","true","true","true","Louisiana State University--Alexandria",,"https://www.usnews.com/best-colleges/louisiana-state-university-alexandria","#46","46","2026","south","970",,"regional-colleges-south","usnews.com","LA","14650","louisiana-state-university-alexandria","71302"
"82","17",,,"New Concord","private","21549","2.2","1523","3.5","3084","false","true","true","Muskingum University","79","https://www.usnews.com/best-colleges/muskingum-university","#46","46","2026","midwest","910",,"regional-universities-midwest","usnews.com","OH","33304","muskingum-university","43762"
,,,,"Dallas","private",,,"504",,"23053","false","true","true","Parker University",,"https://www.usnews.com/best-colleges/parker-university","#46","46","2026","west",,,"regional-universities-west","usnews.com","TX","17893","parker-university","75229"
"84",,,"2.2","Chicago","private","23640",,"3098","3.6","1768","false","true","true","Saint Xavier University","88","https://www.usnews.com/best-colleges/saint-xavier-university","#46","46","2026","midwest",,,"regional-universities-midwest","usnews.com","IL","39080","saint-xavier-university","60655"
"53","21",,,"College Place","private","38293","2.3","1298","3.6","3799","false","true","true","Walla Walla University","45","https://www.usnews.com/best-colleges/walla-walla-university","#46","46","2026","west","995",,"regional-universities-west","usnews.com","WA","35757","walla-walla-university","99324"
"37","19",,,"Beckley","public",,"2.8","1448",,"3825","true","true","true","West Virginia University Institute of Technology",,"https://www.usnews.com/best-colleges/west-virginia-university-institute-of-technology","#46","46","2026","south","880",,"regional-colleges-south","usnews.com","WV","21072","west-virginia-university-institute-of-technology","25801"
"84","16",,,"Walnut Ridge","private",,,"495",,"1106","false","true","true","Williams Baptist University",,"https://www.usnews.com/best-colleges/williams-baptist-university","#46","46","2026","south",,,"regional-colleges-south","usnews.com","AR","22540","williams-baptist-university","72476"
"18",,,,"Summerdale","proprietary",,,"806",,"4890","false","true","false","Central Penn College",,"https://www.usnews.com/best-colleges/central-penn-college","#47","47","2026","north",,,"regional-colleges-north","usnews.com","PA","19854","central-penn-college","17093"
"52","16",,,"York","private",,,"443",,"2567","false","true","false","York University",,"https://www.usnews.com/best-colleges/york-university","#47","47","2026","midwest","880",,"regional-colleges-midwest","usnews.com","NE","23000","york-university","68467"
"68","19",,,"Ankeny","private",,,"518",,"7121","false","true","true","Faith Baptist Bible College and Theological Seminary",,"https://www.usnews.com/best-colleges/faith-baptist-bible-college-and-theological-seminary","#48","48","2026","midwest","990",,"regional-colleges-midwest","usnews.com","IA","20270","faith-baptist-bible-college-and-theological-seminary","50023"
,,,,"Mayville","public",,,"963",,"2993","true","true","true","Mayville State University",,"https://www.usnews.com/best-colleges/mayville-state-university","#48","48","2026","midwest",,,"regional-colleges-midwest","usnews.com","ND","11237","mayville-state-university","58257"
"96",,,,,"public",,,"510",,"163013","true","true","true","Pennsylvania State University -- Hazleton",,"https://www.usnews.com/best-colleges/pennsylvania-state-university---hazleton","#48","48","2026","north","1090",,"regional-colleges-north","usnews.com","PA","25392","pennsylvania-state-university---hazleton",
"48",,,,"Sterling","private",,,"680",,"1945","false","true","true","Sterling College",,"https://www.usnews.com/best-colleges/sterling-college","#48","48","2026","midwest",,,"regional-colleges-midwest","usnews.com","KS","33700","sterling-college","67579"
"100",,,,"Presque Isle","public",,,"2152",,"2033","true","true","true","University of Maine--Presque Isle",,"https://www.usnews.com/best-colleges/university-of-maine-presque-isle","#48","48","2026","north",,,"regional-colleges-north","usnews.com","ME","14862","university-of-maine-presque-isle","04769"
"72","19",,,"Storm Lake","private","24215",,"1436","3.4","1847","false","true","true","Buena Vista University","82","https://www.usnews.com/best-colleges/buena-vista-university","#49","49","2026","midwest",,,"regional-universities-midwest","usnews.com","IA","43052","buena-vista-university","50588"
"74","20",,,"Southfield","private","39348","2","2579","3.4","2279","false","true","true","Lawrence Technological University","63","https://www.usnews.com/best-colleges/lawrence-tech","#49","49","2026","midwest","1000",,"regional-universities-midwest","usnews.com","MI","45840","lawrence-tech","48075"
"59","18",,"2.2","Moorhead","public",,,"3413",,"2367","true","true","true","Minnesota State University--Moorhead",,"https://www.usnews.com/best-colleges/minnesota-state-university-moorhead","#49","49","2026","midwest",,,"regional-universities-midwest","usnews.com","MN","10428","minnesota-state-university-moorhead","56563"
"84",,,"2","Marquette","public","28143",,"6684","3.3","2301","true","true","true","Northern Michigan University","25","https://www.usnews.com/best-colleges/northern-michigan-university","#49","49","2026","midwest",,,"regional-universities-midwest","usnews.com","MI","19488","northern-michigan-university","49855"
"68","19",,"2.2","Dahlonega","public",,,"18329","3.4","1585","true","true","false","University of North Georgia",,"https://www.usnews.com/best-colleges/university-of-north-georgia","#49","49","2026","south","980",,"regional-universities-south","usnews.com","GA","22330","university-of-north-georgia","30597"
"89","21",,,"Platteville","public",,"2.9","6051","3.4","3921","true","true","true","University of Wisconsin--Platteville",,"https://www.usnews.com/best-colleges/university-of-wisconsin-platteville","#49","49","2026","midwest","1050",,"regional-universities-midwest","usnews.com","WI",,"university-of-wisconsin-platteville","53818"
"76","17",,,"Tifton","public",,,"3768",,"1541","true","true","true","Abraham Baldwin Agricultural College",,"https://www.usnews.com/best-colleges/abraham-baldwin-agricultural-college","#50","50","2026","south","860",,"regional-colleges-south","usnews.com","GA","10588","abraham-baldwin-agricultural-college","31793"
"83",,,,"Worcester","private","34740",,"1713","3.6","2118","false","true","true","Assumption University","69","https://www.usnews.com/best-colleges/assumption-university","#50","50","2026","north",,,"regional-universities-north","usnews.com","MA","53420","assumption-university","01609"
"97","17",,,"Bluefield","public",,,"1249",,"3809","true","true","true","Bluefield State University",,"https://www.usnews.com/best-colleges/bluefield-state-university","#50","50","2026","south","870",,"regional-colleges-south","usnews.com","WV","18376","bluefield-state-university","24701"
"100","17",,,"Cleveland","public","16712",,"1876","3.4","2403","true","true","true","Delta State University","50","https://www.usnews.com/best-colleges/delta-state-university","#50","50","2026","south","943",,"regional-universities-south","usnews.com","MS","8605","delta-state-university","38733"
"64","17",,,"Due West","private",,,"803","3.2","3432","false","true","true","Erskine College",,"https://www.usnews.com/best-colleges/erskine-college","#50","50","2026","south","915",,"regional-colleges-south","usnews.com","SC","36710","erskine-college","29639"
"66","19",,,"Fort Valley","public",,,"2707","3.2","1566","true","true","true","Fort Valley State University",,"https://www.usnews.com/best-colleges/fort-valley-state-university","#50","50","2026","south","930",,"regional-universities-south","usnews.com","GA","20760","fort-valley-state-university","31030"
"75","23",,,"Rochester","private","35811",,"1882","3.6","2779","false","true","true","Nazareth University","75","https://www.usnews.com/best-colleges/nazareth-university","#50","50","2026","north","1075",,"regional-universities-north","usnews.com","NY","43820","nazareth-university","14618"
"82",,,,"Baltimore","private","27764",,"709","3.4","2065","false","true","true","Notre Dame of Maryland University","66","https://www.usnews.com/best-colleges/notre-dame-of-maryland-university","#50","50","2026","north","1033",,"regional-universities-north","usnews.com","MD","45275","notre-dame-of-maryland-university","21210"
"97","22",,,,"public",,,"702",,"820648","true","true","false","Pennsylvania State University -- York",,"https://www.usnews.com/best-colleges/pennsylvania-state-university---york","#50","50","2026","north","1050",,"regional-colleges-north","usnews.com","PA","25392","pennsylvania-state-university---york",
"72","24",,,"Brooklyn","private",,,"3173","3.4","2825","false","true","true","St. Joseph's University, New York",,"https://www.usnews.com/best-colleges/st-josephs-university-new-york","#50","50","2026","north","1110",,"regional-universities-north","usnews.com","NY","38510","st-josephs-university-new-york","11205"
"78","22",,,"Plattsburgh","public","26026",,"3825","3.1","2849","true","true","true","SUNY--Plattsburgh","25","https://www.usnews.com/best-colleges/suny-plattsburgh","#50","50","2026","north","1080",,"regional-universities-north","usnews.com","NY","19024","suny-plattsburgh","12901"
"81",,,,"Aguadilla","public",,,"1931",,"12123","true","true","true","University of Puerto Rico--Aguadilla",,"https://www.usnews.com/best-colleges/university-of-puerto-rico-aguadilla","#50","50","2026","south","791",,"regional-colleges-south","usnews.com","PR","5924","university-of-puerto-rico-aguadilla","00604"
"100","18",,"2.3","Ogden","public","25851","2.6","31672","3.3","3680","true","true","true","Weber State University","19","https://www.usnews.com/best-colleges/weber-state-university","#50","50","2026","west",,,"regional-universities-west","usnews.com","UT","17946","weber-state-university","84408"
"77","18",,,"Canyon","public","18352","2.7","6918","3.5","3665","true","true","true","West Texas A&M University","41","https://www.usnews.com/best-colleges/west-texas-am-university","#50","50","2026","west","960",,"regional-universities-west","usnews.com","TX","11376","west-texas-am-university","79016"
,,,,"Jefferson City","public",,,"1707",,"2479","true","true","true","Lincoln University",,"https://www.usnews.com/best-colleges/lincoln-university","#51","51","2026","midwest",,,"regional-colleges-midwest","usnews.com","MO","17692","lincoln-university","65101"
"41",,,,"Wilberforce","private",,,"602",,"3141","false","true","true","Wilberforce University",,"https://www.usnews.com/best-colleges/wilberforce-university","#51","51","2026","midwest",,,"regional-colleges-midwest","usnews.com","OH","16448","wilberforce-university","45384"
"91",,,"2.1","Cheney","public",,"2.3","7246",,"3775","true","true","true","Eastern Washington University",,"https://www.usnews.com/best-colleges/eastern-washington-university","#52","52","2026","west",,,"regional-universities-west","usnews.com","WA","25959","eastern-washington-university","99004"
"82","15",,"2","Fayetteville","public","20998",,"6074","3.2","2928","true","true","true","Fayetteville State University","8","https://www.usnews.com/best-colleges/fayetteville-state-university","#52","52","2026","south","890",,"regional-universities-south","usnews.com","NC","10778","fayetteville-state-university","28301"
"78","17",,"2.1","Jacksonville","public",,,"8663","3.4","1020","true","true","true","Jacksonville State University",,"https://www.usnews.com/best-colleges/jacksonville-state-university","#52","52","2026","south","1000",,"regional-universities-south","usnews.com","AL","3150","jacksonville-state-university","36265"
"81","16",,,"Kirkland","private",,,"695","3.5","3783","false","true","true","Northwest University",,"https://www.usnews.com/best-colleges/northwest-university","#52","52","2026","west","1040",,"regional-universities-west","usnews.com","WA","36036","northwest-university","98033"
"51",,,,"Haviland","private",,,"163",,"667123","false","true","true","Barclay College",,"https://www.usnews.com/best-colleges/barclay-college","#53","53","2026","midwest",,,"regional-colleges-midwest","usnews.com","KS","24590","barclay-college",
"99",,,,"Grand Rapids","private",,,"891",,"2265","false","true","true","Grace Christian University",,"https://www.usnews.com/best-colleges/grace-christian-university","#53","53","2026","midwest",,,"regional-colleges-midwest","usnews.com","MI","18690","grace-christian-university","49509"
"52","16",,,"Oskaloosa","private",,,"1449",,"1900","false","true","true","William Penn University",,"https://www.usnews.com/best-colleges/william-penn-university","#53","53","2026","midwest","880",,"regional-colleges-midwest","usnews.com","IA","29750","william-penn-university","52577"
"65","16",,"2.1","Charleston","public","21200",,"6785","3.4","1674","true","true","true","Eastern Illinois University","20","https://www.usnews.com/best-colleges/eastern-illinois-university","#54","54","2026","midwest","880",,"regional-universities-midwest","usnews.com","IL","13680","eastern-illinois-university","61920"
"86","16",,,"Florence","public","21278","2.3","3692",,"9226","true","true","true","Francis Marion University","41","https://www.usnews.com/best-colleges/francis-marion","#54","54","2026","south","870",,"regional-universities-south","usnews.com","SC","21544","francis-marion","29502"
"95","16",,,"Lawrenceville","public",,,"12245","3.1","41429","true","true","true","Georgia Gwinnett College",,"https://www.usnews.com/best-colleges/georgia-gwinnett-college","#54","54","2026","south","860",,"regional-colleges-south","usnews.com","GA","17324","georgia-gwinnett-college","30043"
,,,,"Toppenish","private",,,"783",,"3777","false","true","false","Heritage University",,"https://www.usnews.com/best-colleges/heritage-university","#54","54","2026","west",,,"regional-universities-west","usnews.com","WA","20928","heritage-university","98948"
"88","18",,"2.2","Mankato","public",,"2.9","13395","3.4","2360","true","true","true","Minnesota State University--Mankato",,"https://www.usnews.com/best-colleges/minnesota-state-university-mankato","#54","54","2026","midwest",,,"regional-universities-midwest","usnews.com","MN","18943","minnesota-state-university-mankato","56001"
"69",,,,"Montreat","private",,,"759",,"2948","false","true","true","Montreat College",,"https://www.usnews.com/best-colleges/montreat-college","#54","54","2026","south",,,"regional-colleges-south","usnews.com","NC","36450","montreat-college","28757"
"69",,,,"Chicago","private","25395",,"1841","3.2","1735","false","true","true","North Park University","71","https://www.usnews.com/best-colleges/north-park-university","#54","54","2026","midwest",,,"regional-universities-midwest","usnews.com","IL","37725","north-park-university","60625"
"99","15",,,"Louisville","private",,,"718","3.3","1960","false","true","true","Spalding University",,"https://www.usnews.com/best-colleges/spalding-university","#54","54","2026","south","890",,"regional-universities-south","usnews.com","KY",,"spalding-university","40203"
"78","19",,,"Cleveland","private",,,"2524","3.4","1597","false","true","true","Truett McConnell University",,"https://www.usnews.com/best-colleges/truett-mcconnell-university","#54","54","2026","south","980",,"regional-colleges-south","usnews.com","GA","28152","truett-mcconnell-university","30528"
"55",,,,,"public",,,"2428",,"348278","true","true","true","University of Puerto Rico--Carolina",,"https://www.usnews.com/best-colleges/university-of-puerto-rico-carolina","#54","54","2026","south","809",,"regional-colleges-south","usnews.com","PR","7986","university-of-puerto-rico-carolina",
"87","18",,,"Pulaski","public",,,"1012","3.5","3504","true","true","true","University of Tennessee Southern",,"https://www.usnews.com/best-colleges/the-university-of-tennessee-southern","#54","54","2026","south","905",,"regional-colleges-south","usnews.com","TN",,"the-university-of-tennessee-southern","38478"
"82","19",,,"River Falls","public",,"2.2","4675",,"3923","true","true","true","University of Wisconsin--River Falls",,"https://www.usnews.com/best-colleges/university-of-wisconsin-river-falls","#54","54","2026","midwest",,,"regional-universities-midwest","usnews.com","WI","17470","university-of-wisconsin-river-falls","54022"
"90","20",,"2.1","Stevens Point","public","24514","2.2","7557","3.2","3924","true","true","true","University of Wisconsin--Stevens Point","36","https://www.usnews.com/best-colleges/uw-stevens-point","#54","54","2026","midwest","1030",,"regional-universities-midwest","usnews.com","WI","18700","uw-stevens-point","54481"
"97","18",,,"West Liberty","public",,,"1944",,"3823","true","true","true","West Liberty University",,"https://www.usnews.com/best-colleges/west-liberty-university","#54","54","2026","south","890",,"regional-universities-south","usnews.com","WV","17442","west-liberty-university","26074"
"85",,,,"Chicopee","private","53465",,"1002","3.4","2140","false","true","true","Elms College","65","https://www.usnews.com/best-colleges/elms-college","#55","55","2026","north",,,"regional-universities-north","usnews.com","MA","44625","elms-college","01013"
"82",,,"2.3","Teaneck","private","26928","2.5","5691","3.2","8770","false","true","true","Fairleigh Dickinson University--Metropolitan Campus","69","https://www.usnews.com/best-colleges/fairleigh-dickinson-university-metropolitan-campus","#55","55","2026","north",,,"regional-universities-north","usnews.com","NJ","38564","fairleigh-dickinson-university-metropolitan-campus","07666"
"78",,,,"Frederick","private","33239",,"1198","3.4","2076","false","true","true","Hood College","75","https://www.usnews.com/best-colleges/hood-college","#55","55","2026","north",,,"regional-universities-north","usnews.com","MD","49380","hood-college","21701"
"70",,,,"Weston","private","51617",,"987","3.4","2206","false","true","true","Regis College","67","https://www.usnews.com/best-colleges/regis-college","#55","55","2026","north",,,"regional-universities-north","usnews.com","MA","51420","regis-college","02493"
"71","18",,,"Slippery Rock","public","23644","2.3","6853","3.6","3327","true","true","true","Slippery Rock University of Pennsylvania","21","https://www.usnews.com/best-colleges/slippery-rock-university-of-pennsylvania","#55","55","2026","north","980",,"regional-universities-north","usnews.com","PA","14426","slippery-rock-university-of-pennsylvania","16057"
"80","21",,,"Loretto","private","52122","2.3","2573","3.6","3366","false","true","true","St. Francis University","58","https://www.usnews.com/best-colleges/saint-francis-university","#55","55","2026","north","1070",,"regional-universities-north","usnews.com","PA","45700","saint-francis-university","15940"
"99",,,,"Mangilao","public","22970","2.4","2549","3.2","3935","true","true","false","University of Guam","26","https://www.usnews.com/best-colleges/university-of-guam","#55","55","2026","west",,,"regional-universities-west","usnews.com","GU","14066","university-of-guam","96923"
"83","18",,,"San Angelo","public","30499","2.2","9779","3.7","3541","true","true","true","Angelo State University","14","https://www.usnews.com/best-colleges/angelo-state-university","#56","56","2026","west","910",,"regional-universities-west","usnews.com","TX","21734","angelo-state-university","76909"
,,,,"Middletown","public",,,"1213",,"315381","true","true","true","Miami University--Middletown",,"https://www.usnews.com/best-colleges/miami-university-middletown","#56","56","2026","midwest",,,"regional-colleges-midwest","usnews.com","OH","19407","miami-university-middletown",
"72","22",,,"Nampa","private",,"2","1043","3.7","1624","false","true","true","Northwest Nazarene University",,"https://www.usnews.com/best-colleges/northwest-nazarene-university","#56","56","2026","west","1005",,"regional-universities-west","usnews.com","ID","41990","northwest-nazarene-university","83686"
"90","16",,,"Lacey","private","31026","2.4","1186","3.5","3794","false","true","true","Saint Martin's University","80","https://www.usnews.com/best-colleges/st-martins","#56","56","2026","west","1025",,"regional-universities-west","usnews.com","WA","46856","st-martins","98503"
"93","15",,"2.3","San Antonio","public","28760",,"7062","3.6","845912","true","true","true","Texas A&M University--San Antonio","41","https://www.usnews.com/best-colleges/texas-am-san-antonio","#56","56","2026","west","840",,"regional-universities-west","usnews.com","TX","18878","texas-am-san-antonio","78224"
,,,,"Lima","private",,,"2572",,"4861","false","true","true","University of Northwestern Ohio",,"https://www.usnews.com/best-colleges/northwestern-ohio","#56","56","2026","midwest",,,"regional-colleges-midwest","usnews.com","OH","13875","northwestern-ohio","45805"
"98",,,,"Monmouth","public",,,"3200",,"3209","true","true","true","Western Oregon University",,"https://www.usnews.com/best-colleges/western-oregon-university","#56","56","2026","west",,,"regional-universities-west","usnews.com","OR",,"western-oregon-university","97361"
"96","17",,"2","Russellville","public",,"2.4","8145","3.4","1089","true","true","true","Arkansas Tech University",,"https://www.usnews.com/best-colleges/arkansas-tech-university","#57","57","2026","south","880",,"regional-universities-south","usnews.com","AR","17945","arkansas-tech-university","72801"
"73","21",,,"Boca Raton","private","64193",,"2861","3.2","1505","false","true","true","Lynn University","32","https://www.usnews.com/best-colleges/lynn-university","#57","57","2026","south","1038",,"regional-universities-south","usnews.com","FL","46450","lynn-university","33431"
"73","15",,,"Hannibal","private",,,"402",,"9089","false","true","true","Hannibal-LaGrange University",,"https://www.usnews.com/best-colleges/hannibal-lagrange","#58","58","2026","midwest",,,"regional-colleges-midwest","usnews.com","MO","26880","hannibal-lagrange","63401"
,,,,,"public",,,"1398",,"146066","true","true","true","Wright State University--Lake Campus",,"https://www.usnews.com/best-colleges/wright-state-university--lake-campus","#58","58","2026","midwest",,,"regional-colleges-midwest","usnews.com","OH","17428","wright-state-university--lake-campus",
"94",,,,"Columbia","private","25743",,"1386","3.5","3430","false","true","true","Columbia College","83","https://www.usnews.com/best-colleges/columbia-college-south-carolina","#59","59","2026","south",,,"regional-universities-south","usnews.com","SC","24436","columbia-college-south-carolina","29203"
,,,,"Glenville","public",,,"1583",,"3813","true","true","false","Glenville State University",,"https://www.usnews.com/best-colleges/glenville-state-university","#59","59","2026","south",,,"regional-colleges-south","usnews.com","WV","11354","glenville-state-university","26351"
"62","17",,,"Milwaukee","private","25956",,"749","3.1","3869","false","true","true","Mount Mary University","92","https://www.usnews.com/best-colleges/mount-mary-college","#59","59","2026","midwest",,,"regional-universities-midwest","usnews.com","WI","36490","mount-mary-college","53222"
"88","16",,"2","Norfolk","public",,"2.6","5412","3","3765","true","true","true","Norfolk State University",,"https://www.usnews.com/best-colleges/norfolk-state-university","#59","59","2026","south","820",,"regional-universities-south","usnews.com","VA",,"norfolk-state-university","23504"
"92","18",,,"Natchitoches","public",,,"7595","3.4","2021","true","true","true","Northwestern State University of Louisiana",,"https://www.usnews.com/best-colleges/northwestern-state-university-of-louisiana","#59","59","2026","south","866",,"regional-universities-south","usnews.com","LA","19652","northwestern-state-university-of-louisiana","71497"
"64","17",,"2","Warrensburg","public","27250","2.3","7584","3.5","2454","true","true","true","University of Central Missouri","25","https://www.usnews.com/best-colleges/university-of-central-missouri","#59","59","2026","midwest","1600",,"regional-universities-midwest","usnews.com","MO","19366","university-of-central-missouri","64093"
"72","17",,,"Kansas City","private",,,"198",,"2450","false","true","true","Calvary University",,"https://www.usnews.com/best-colleges/calvary-university","#60","60","2026","midwest","980",,"regional-colleges-midwest","usnews.com","MO","14094","calvary-university","64147"
"89",,,,"Ferrum","private",,,"747",,"3711","false","true","true","Ferrum College",,"https://www.usnews.com/best-colleges/ferrum-college","#60","60","2026","south",,,"regional-colleges-south","usnews.com","VA","28520","ferrum-college","24088"
"69",,,,"Grand Rapids","private",,,"153",,"2311","false","true","true","Kuyper College",,"https://www.usnews.com/best-colleges/kuyper-college","#60","60","2026","midwest",,,"regional-colleges-midwest","usnews.com","MI","27660","kuyper-college","49525"
"85",,,,"Talladega","private",,,"689",,"1046","false","true","true","Talladega College",,"https://www.usnews.com/best-colleges/talladega-college","#60","60","2026","south",,,"regional-colleges-south","usnews.com","AL","15650","talladega-college","35160"
"74","24",,"2","Alfred","private","29340","2","1474","3.5","2668","false","true","true","Alfred University","71","https://www.usnews.com/best-colleges/alfred-university","#61","61","2026","north","1095",,"regional-universities-north","usnews.com","NY","43570","alfred-university","14802"
"95","20",,,"Lisle","private",,,"1972","3.2","1767","false","true","true","Benedictine University",,"https://www.usnews.com/best-colleges/benedictine-university","#61","61","2026","midwest","910",,"regional-universities-midwest","usnews.com","IL",,"benedictine-university","60532"
"98","16",,,"Mishawaka","private",,,"1040","3.5","1787","false","true","true","Bethel University",,"https://www.usnews.com/best-colleges/bethel-university","#61","61","2026","midwest","900",,"regional-universities-midwest","usnews.com","IN","35380","bethel-university","46545"
"88","20",,,"Madison","public","23705",,"3066","3.5","3463","true","true","true","Dakota State University","25","https://www.usnews.com/best-colleges/dakota-state-university","#61","61","2026","midwest","1190",,"regional-universities-midwest","usnews.com","SD","13130","dakota-state-university","57042"
"98","19",,,"Crete","private","25704","2","982","3.6","2544","false","true","true","Doane University","65","https://www.usnews.com/best-colleges/doane-university","#61","61","2026","midwest",,,"regional-universities-midwest","usnews.com","NE","43641","doane-university","68333"
"81","17",,,"Houston","private",,"2.4","2899","3.5","3576","false","true","false","Houston Christian University",,"https://www.usnews.com/best-colleges/houston-christian-university","#61","61","2026","west","990",,"regional-universities-west","usnews.com","TX","40530","houston-christian-university","77074"
"87","24",,"2.3","New Rochelle","private","60280",,"3382","3.4","2737","false","true","true","Iona University","47","https://www.usnews.com/best-colleges/iona-university","#61","61","2026","north","1110",,"regional-universities-north","usnews.com","NY","48680","iona-university","10801"
"61","21",,,"Scranton","private","31013",,"1834","3.5","3296","false","true","true","Marywood University","80","https://www.usnews.com/best-colleges/marywood-university","#61","61","2026","north","1070",,"regional-universities-north","usnews.com","PA","43448","marywood-university","18509"
"93","19",,,"Aberdeen","public","17936",,"3169","3.4","3466","true","true","true","Northern State University","41","https://www.usnews.com/best-colleges/northern-state-university","#61","61","2026","midwest","980",,"regional-universities-midwest","usnews.com","SD","12287","northern-state-university","57401"
"75","20",,,"Pepper Pike","private","24025",,"677","3.5","3134","false","true","true","Ursuline College","75","https://www.usnews.com/best-colleges/ursuline","#61","61","2026","midwest","1006",,"regional-universities-midwest","usnews.com","OH","39780","ursuline","44124"
"72","22",,,"La Crosse","private","26719","2.2","1287","3.5","3911","false","true","true","Viterbo University","68","https://www.usnews.com/best-colleges/viterbo-university","#61","61","2026","midwest",,,"regional-universities-midwest","usnews.com","WI","35930","viterbo-university","54601"
"63","17",,,"Conway","private",,,"547","3.4","1093","false","true","false","Central Baptist College",,"https://www.usnews.com/best-colleges/central-baptist-college","#62","62","2026","south","883",,"regional-colleges-south","usnews.com","AR","23015","central-baptist-college","72032"
"100",,,,"Harrisonburg","private",,"2.1","791","3.5","3708","false","true","true","Eastern Mennonite University",,"https://www.usnews.com/best-colleges/eastern-mennonite-university","#62","62","2026","south",,,"regional-universities-south","usnews.com","VA","45650","eastern-mennonite-university","22802"
,,,,"Hamilton","public",,,"2345",,"162743","true","true","false","Miami University--Hamilton",,"https://www.usnews.com/best-colleges/miami-university-hamilton","#62","62","2026","midwest",,,"regional-colleges-midwest","usnews.com","OH","19407","miami-university-hamilton",
"93","18",,,"Demorest","private","26482",,"1159","3.6","1588","false","true","true","Piedmont University","73","https://www.usnews.com/best-colleges/piedmont-university","#62","62","2026","south","1038",,"regional-universities-south","usnews.com","GA","32640","piedmont-university","30535"
"78","18",,"2","Edmond","public",,"2.3","10454",,"3152","true","true","true","University of Central Oklahoma",,"https://www.usnews.com/best-colleges/university-of-central-oklahoma","#62","62","2026","west",,,"regional-universities-west","usnews.com","OK","19704","university-of-central-oklahoma","73034"
"90","16",,"2","Houston","public",,,"12622","3.3","12826","true","true","true","University of Houston--Downtown",,"https://www.usnews.com/best-colleges/university-of-houston-downtown","#62","62","2026","west","940",,"regional-universities-west","usnews.com","TX","20978","university-of-houston-downtown","77002"
"74",,,,"Franklin Springs","private",,,"886",,"1563","false","true","true","Emmanuel University",,"https://www.usnews.com/best-colleges/emmanuel-college-georgia","#63","63","2026","south",,,"regional-colleges-south","usnews.com","GA","26520","emmanuel-college-georgia","30639"
"61","18",,,"Grayson","private",,,"503",,"1965","false","true","true","Kentucky Christian University",,"https://www.usnews.com/best-colleges/kentucky-christian-university","#63","63","2026","south",,,"regional-colleges-south","usnews.com","KY","26625","kentucky-christian-university","41143"
,,,,"Rio Grande","private",,,"2030",,"3116","false","true","false","University of Rio Grande",,"https://www.usnews.com/best-colleges/university-of-rio-grande","#63","63","2026","midwest",,,"regional-colleges-midwest","usnews.com","OH","20560","university-of-rio-grande","45674"
"62","18",,"2.4","Montgomery","public","37186",,"3326","3.4","8310","true","true","true","Auburn University at Montgomery","6","https://www.usnews.com/best-colleges/auburn-university-at-montgomery","#64","64","2026","south","1026",,"regional-universities-south","usnews.com","AL","27195","auburn-university-at-montgomery","36124"
"99","16",,"2.1","Columbus","public","32311",,"6147","3.2","1561","true","true","true","Columbus State University","11","https://www.usnews.com/best-colleges/columbus-state-university","#64","64","2026","south","800",,"regional-universities-south","usnews.com","GA","21660","columbus-state-university","31907"
"87","19",,,"Thibodaux","public",,,"5539",,"2005","true","true","true","Nicholls State University",,"https://www.usnews.com/best-colleges/nicholls-state-university","#64","64","2026","south","940",,"regional-universities-south","usnews.com","LA","9242","nicholls-state-university","70310"
"98",,,,"Rochester Hills","private",,,"1144",,"2288","false","true","false","Rochester Christian University",,"https://www.usnews.com/best-colleges/rochester-university","#64","64","2026","midwest",,,"regional-colleges-midwest","usnews.com","MI","29196","rochester-university","48307"
"91","18",,,"New Haven","public","36801",,"7252","3.3","1406","true","true","true","Southern Connecticut State University","72","https://www.usnews.com/best-colleges/southern-connecticut-state-university","#64","64","2026","north","830",,"regional-universities-north","usnews.com","CT","27378","southern-connecticut-state-university","06515"
"82",,,"2","Cedar City","public",,"2.6","13126",,"3678","true","true","false","Southern Utah University",,"https://www.usnews.com/best-colleges/southern-utah-university","#64","64","2026","west",,,"regional-universities-west","usnews.com","UT","21646","southern-utah-university","84720"
"100","22",,,"Central","private",,,"887",,"3422","false","true","true","Southern Wesleyan University",,"https://www.usnews.com/best-colleges/southern-wesleyan","#64","64","2026","south","1040",,"regional-universities-south","usnews.com","SC","29800","southern-wesleyan","29630"
"71","23",,"2","Brockport","public","27474",,"5816","3.1","2841","true","true","true","SUNY Brockport","19","https://www.usnews.com/best-colleges/suny-brockport","#64","64","2026","north","1100",,"regional-universities-north","usnews.com","NY","16242","suny-brockport","14420"
"79","22",,,"Mobile","private","38482",,"1742","3.6","1029","false","true","true","University of Mobile","72","https://www.usnews.com/best-colleges/university-of-mobile","#64","64","2026","south",,,"regional-universities-south","usnews.com","AL","27930","university-of-mobile","36613"
,,,,"Lakewood","private",,,"8200",,"9401","false","true","true","Colorado Christian University",,"https://www.usnews.com/best-colleges/colorado-christian-university","#65","65","2026","west",,,"regional-universities-west","usnews.com","CO","42758","colorado-christian-university","80226"
,,,,"Lima","public",,,"739",,"3092","true","true","false","Ohio State University--Lima",,"https://www.usnews.com/best-colleges/ohio-state-university-lima","#65","65","2026","midwest",,,"regional-colleges-midwest","usnews.com","OH","36266","ohio-state-university-lima","45804"
"97","19",,,"Oklahoma City","private",,"2.3","2061","3.6","3165","false","true","true","Oklahoma Christian University",,"https://www.usnews.com/best-colleges/oklahoma-christian","#65","65","2026","west","1010",,"regional-universities-west","usnews.com","OK","28200","oklahoma-christian","73136"
"44",,,,"West Point","private",,,"2617",,"1547","false","true","true","Point University",,"https://www.usnews.com/best-colleges/point-university","#65","65","2026","south",,,"regional-colleges-south","usnews.com","GA","24000","point-university","31833"
"100",,,,"Denmark","private",,,"440",,"3455","false","true","true","Voorhees University",,"https://www.usnews.com/best-colleges/voorhees-college","#65","65","2026","south",,,"regional-colleges-south","usnews.com","SC","12630","voorhees-college","29042"
"83",,,,"Willimantic","public","27948",,"4174","3.4","1425","true","true","true","Eastern Connecticut State University","36","https://www.usnews.com/best-colleges/eastern-connecticut-state-university","#66","66","2026","north","1070",,"regional-universities-north","usnews.com","CT","17508","eastern-connecticut-state-university","06226"
"64",,,,"St. Louis","public",,,"1002","3","2466","true","true","true","Harris-Stowe State University",,"https://www.usnews.com/best-colleges/harrisstowe-state-university","#66","66","2026","midwest",,,"regional-colleges-midwest","usnews.com","MO",,"harrisstowe-state-university","63103"
"81","20",,,"Erie","private","33213",,"2274","3.5","3297","false","true","true","Mercyhurst University","71","https://www.usnews.com/best-colleges/mercyhurst-college","#66","66","2026","north","1080",,"regional-universities-north","usnews.com","PA","47270","mercyhurst-college","16546"
"82","22",,,"Rockville Centre","private","41562",,"3240","3.6","2775","false","true","true","Molloy University","74","https://www.usnews.com/best-colleges/molloy-university","#66","66","2026","north","1088",,"regional-universities-north","usnews.com","NY","41380","molloy-university","11571"
,,,,"Marion","public",,,"884",,"3094","true","true","true","Ohio State University--Marion",,"https://www.usnews.com/best-colleges/ohio-state-university-marion","#66","66","2026","midwest",,,"regional-colleges-midwest","usnews.com","OH","36266","ohio-state-university-marion","43302"
"80","19",,,"Greensburg","private","30700",,"1501",,"3362","false","true","true","Seton Hill University","74","https://www.usnews.com/best-colleges/seton-hill-university-pennsylvania","#66","66","2026","north","1020",,"regional-universities-north","usnews.com","PA","44424","seton-hill-university-pennsylvania","15601"
,,,,"Chicago","private",,,"774",,"21854","false","true","true","St. Augustine College",,"https://www.usnews.com/best-colleges/st-augustine-college","#66","66","2026","midwest",,,"regional-colleges-midwest","usnews.com","IL","13688","st-augustine-college","60640"
"69",,,,"Murfreesboro","private",,,"603",,"2916","false","true","true","Chowan University",,"https://www.usnews.com/best-colleges/chowan-university","#67","67","2026","south",,,"regional-colleges-south","usnews.com","NC","28110","chowan-university","27855"
"98","14",,,"Brunswick","public",,,"3468","3.2","1558","true","true","true","College of Coastal Georgia",,"https://www.usnews.com/best-colleges/college-of-coastal-georgia","#67","67","2026","south","875",,"regional-colleges-south","usnews.com","GA","13660","college-of-coastal-georgia","31520"
"85",,,,"Jacksonville","private",,,"1113",,"1478","false","true","true","Edward Waters University",,"https://www.usnews.com/best-colleges/edward-waters-university","#67","67","2026","south",,,"regional-colleges-south","usnews.com","FL","16366","edward-waters-university","32209"
"96","23",,,"Olympia","public",,,"2108",,"8155","true","true","true","The Evergreen State College",,"https://www.usnews.com/best-colleges/the-evergreen-state-college","#67","67","2026","west","1035",,"regional-universities-west","usnews.com","WA","31905","the-evergreen-state-college","98505"
"59",,,,"Salisbury","private",,,"924","2.6","2942","false","true","true","Livingstone College",,"https://www.usnews.com/best-colleges/livingstone-college","#67","67","2026","south",,,"regional-colleges-south","usnews.com","NC","18293","livingstone-college","28144"
,,,,"Bethany","private",,,"1465",,"3149","false","true","true","Southern Nazarene University",,"https://www.usnews.com/best-colleges/southern-nazarene-university","#67","67","2026","west",,,"regional-universities-west","usnews.com","OK","31190","southern-nazarene-university","73008"
"82","21",,,"Winona Lake","private",,,"1817",,"1800","false","true","true","Grace College",,"https://www.usnews.com/best-colleges/grace-college","#68","68","2026","midwest","1000",,"regional-universities-midwest","usnews.com","IN","31200","grace-college","46590"
"83",,,,"Cedar Rapids","private",,,"1185",,"1880","false","true","true","Mount Mercy University",,"https://www.usnews.com/best-colleges/mount-mercy-university","#68","68","2026","midwest",,,"regional-universities-midwest","usnews.com","IA","40878","mount-mercy-university","52402"
"96","15",,,"Cape Girardeau","public","19070","2.3","7926","3.5","2501","true","true","true","Southeast Missouri State University","26","https://www.usnews.com/best-colleges/southeast-missouri-state","#68","68","2026","midwest","850",,"regional-universities-midwest","usnews.com","MO","10194","southeast-missouri-state","63701"
,,,,"Lansing","private",,,"130",,"2269","false","true","false","Great Lakes Christian College",,"https://www.usnews.com/best-colleges/great-lakes-christian-college","#69","69","2026","midwest",,,"regional-colleges-midwest","usnews.com","MI","19520","great-lakes-christian-college","48917"
"99","17",,,"Tahlequah","public",,,"5085","3.4","3161","true","true","true","Northeastern State University",,"https://www.usnews.com/best-colleges/northeastern-state-university","#69","69","2026","west",,,"regional-universities-west","usnews.com","OK","18618","northeastern-state-university","74464"
"79","19",,"2","Aiken","public",,"2.4","3289",,"3449","true","true","false","University of South Carolina--Aiken",,"https://www.usnews.com/best-colleges/usc-aiken","#69","69","2026","south","980",,"regional-universities-south","usnews.com","SC","21218","usc-aiken","29801"
"93","17",,,"Odessa","public",,"2.3","4218","3.3","9930","true","true","true","University of Texas Permian Basin",,"https://www.usnews.com/best-colleges/university-of-texas-permian-basin","#69","69","2026","west","900",,"regional-universities-west","usnews.com","TX","21504","university-of-texas-permian-basin","79762"
"96","18",,,"Charleston","private",,,"3126",,"3419","false","true","false","Charleston Southern University",,"https://www.usnews.com/best-colleges/charleston-southern-university","#70","70","2026","south","930",,"regional-universities-south","usnews.com","SC",,"charleston-southern-university","29423"
"79",,,,"Owings Mills","private","29654","2.5","3106","3.2","2107","false","true","true","Stevenson University","69","https://www.usnews.com/best-colleges/stevenson-university","#70","70","2026","north",,,"regional-universities-north","usnews.com","MD","41270","stevenson-university","21117"
,,,,"Vincennes","public",,,"18438",,"1843","true","true","false","Vincennes University",,"https://www.usnews.com/best-colleges/vincennes-university","#70","70","2026","midwest",,,"regional-colleges-midwest","usnews.com","IN","16858","vincennes-university","47591"
"88","23",,,"Staten Island","private","42016",,"1666","3.6","2899","false","true","true","Wagner College","61","https://www.usnews.com/best-colleges/wagner-college","#70","70","2026","north","1190",,"regional-universities-north","usnews.com","NY","54796","wagner-college","10301"
"56","18",,,"Bemidji","public",,,"3610",,"2336","true","true","true","Bemidji State University",,"https://www.usnews.com/best-colleges/bemidji-state-university","#71","71","2026","midwest",,,"regional-universities-midwest","usnews.com","MN","10237","bemidji-state-university","56601"
,,,,"Dayton","private",,"2.1","1398",,"3536","false","true","true","Bryan College",,"https://www.usnews.com/best-colleges/bryan-college","#71","71","2026","south",,,"regional-universities-south","usnews.com","TN","19800","bryan-college","37321"
"67","18",,,"Eugene","private",,,"520","3.5","3208","false","true","false","Bushnell University",,"https://www.usnews.com/best-colleges/bushnell-university","#71","71","2026","west","1033",,"regional-universities-west","usnews.com","OR","36950","bushnell-university","97401"
"99",,,,"Wilberforce","public",,"2.4","3429",,"3026","true","true","true","Central State University",,"https://www.usnews.com/best-colleges/central-state-university","#71","71","2026","midwest",,,"regional-colleges-midwest","usnews.com","OH","10058","central-state-university","45384"
,,,,"Paragould","private",,,"225",,"666944","false","true","false","Crowley's Ridge College",,"https://www.usnews.com/best-colleges/crowleys-ridge-college","#71","71","2026","south",,,"regional-colleges-south","usnews.com","AR","16670","crowleys-ridge-college","72450"
"86","16",,,"Tiffin","private",,,"969","3.3","3048","false","true","true","Heidelberg University",,"https://www.usnews.com/best-colleges/heidelberg-university","#71","71","2026","midwest","850",,"regional-universities-midwest","usnews.com","OH","33650","heidelberg-university","44883"
"95","20",,,"Midway","private",,,"1752","3.3","1975","false","true","true","Midway University",,"https://www.usnews.com/best-colleges/midway-university","#71","71","2026","south","1100",,"regional-universities-south","usnews.com","KY","28150","midway-university","40347"
"69","16",,,"Marshall","private",,,"1558",,"2489","false","true","true","Missouri Valley College",,"https://www.usnews.com/best-colleges/missouri-valley","#71","71","2026","midwest","895",,"regional-colleges-midwest","usnews.com","MO","23700","missouri-valley","65340"
"100",,,,"Mayaguez","private",,,"781",,"5019","false","true","true","Universidad Adventista de las Antillas",,"https://www.usnews.com/best-colleges/universidad-adventista-de-las-antillas","#71","71","2026","south",,,"regional-universities-south","usnews.com","PR","8350","universidad-adventista-de-las-antillas","00681"
"83","18",,,"Sioux Falls","private","23652",,"1241","3.5","3469","false","true","true","University of Sioux Falls","61","https://www.usnews.com/best-colleges/university-of-sioux-falls","#71","71","2026","midwest",,,"regional-universities-midwest","usnews.com","SD","22900","university-of-sioux-falls","57105"
"94",,,,"Salem","private",,,"785",,"1339","false","true","true","Corban University",,"https://www.usnews.com/best-colleges/corban-university","#72","72","2026","west",,,"regional-universities-west","usnews.com","OR","40280","corban-university","97301"
"87","21",,,"Fitchburg","public","26819",,"3027","3.2","2184","true","true","true","Fitchburg State University","40","https://www.usnews.com/best-colleges/fitchburg-state-university","#72","72","2026","north","1063",,"regional-universities-north","usnews.com","MA","17924","fitchburg-state-university","01420"
"36",,,,"Guayama","private",,,"1669",,"22827","false","true","false","Inter American University of Puerto Rico--Guayama",,"https://www.usnews.com/best-colleges/inter-american-university-of-puerto-rico-guayama","#72","72","2026","south",,,"regional-colleges-south","usnews.com","PR","5780","inter-american-university-of-puerto-rico-guayama","00785"
"78",,,,"Westminster","private","28114",,"1631","3.7","2109","false","true","true","McDaniel College","75","https://www.usnews.com/best-colleges/mcdaniel-college","#72","72","2026","north",,,"regional-universities-north","usnews.com","MD","54125","mcdaniel-college","21157"
"89","19",,,"Newburgh","private","41274",,"2141","3.4","2778","false","true","true","Mount St. Mary College","73","https://www.usnews.com/best-colleges/mount-st-mary-college","#72","72","2026","north",,,"regional-universities-north","usnews.com","NY","45630","mount-st-mary-college","12550"
"74","19",,,"Emmitsburg","private","29083",,"1833","3.5","2086","false","true","true","Mount St. Mary's University","65","https://www.usnews.com/best-colleges/mount-st-marys-university","#72","72","2026","north","1046",,"regional-universities-north","usnews.com","MD","50200","mount-st-marys-university","21727"
"99","18",,,"Tulsa","private",,"2.1","5017","3.5","3985","false","true","true","Oral Roberts University",,"https://www.usnews.com/best-colleges/oral-roberts-university","#72","72","2026","west","1050",,"regional-universities-west","usnews.com","OK","37350","oral-roberts-university","74171"
"60","17",,"2.5","Anchorage","public",,"2.7","9965","3.1","11462","true","true","true","University of Alaska Anchorage",,"https://www.usnews.com/best-colleges/university-of-alaska-anchorage","#72","72","2026","west","1020",,"regional-universities-west","usnews.com","AK","27810","university-of-alaska-anchorage","99508"
"27",,,,"Fajardo","private",,,"1192",,"22828","false","true","true","Inter American University of Puerto Rico--Fajardo",,"https://www.usnews.com/best-colleges/inter-american-university-of-puerto-rico-fajardo","#73","73","2026","south",,,"regional-colleges-south","usnews.com","PR","5780","inter-american-university-of-puerto-rico-fajardo","00738"
"99",,,,"Memphis","private",,,"646",,"3501","false","true","true","LeMoyne-Owen College",,"https://www.usnews.com/best-colleges/lemoyne-owen-college","#73","73","2026","south",,,"regional-colleges-south","usnews.com","TN","12076","lemoyne-owen-college","38126"
"81",,,,"Boca Raton","private",,,"2789",,"31085","false","true","true","Everglades University",,"https://www.usnews.com/best-colleges/everglades-university","#74","74","2026","south",,,"regional-universities-south","usnews.com","FL","22400","everglades-university","33431"
"63",,,,"Livonia","private","28212",,"1839","3.2","2282","false","true","true","Madonna University","73","https://www.usnews.com/best-colleges/madonna-university","#74","74","2026","midwest","880",,"regional-universities-midwest","usnews.com","MI","29580","madonna-university","48150"
"94","20",,,"Hammond","public",,,"13205","3.5","2024","true","true","true","Southeastern Louisiana University",,"https://www.usnews.com/best-colleges/southeastern-louisiana-university","#74","74","2026","south","1000",,"regional-universities-south","usnews.com","LA","20851","southeastern-louisiana-university","70402"
"89","18",,,"Green Bay","public",,"2.5","9853",,"3899","true","true","true","University of Wisconsin--Green Bay",,"https://www.usnews.com/best-colleges/university-of-wisconsin-green-bay","#74","74","2026","midwest",,,"regional-universities-midwest","usnews.com","WI","17288","university-of-wisconsin-green-bay","54311"
"100",,,"2.1","Topeka","public","25473",,"5331","3.3","1949","true","true","true","Washburn University","16","https://www.usnews.com/best-colleges/washburn-university","#74","74","2026","midwest",,,"regional-universities-midwest","usnews.com","KS","10256","washburn-university","66621"
"71","17",,"2","Macomb","public","26343","2.2","4525","3.5","1780","true","true","true","Western Illinois University","37","https://www.usnews.com/best-colleges/western-illinois-university","#74","74","2026","midwest","870",,"regional-universities-midwest","usnews.com","IL","15464","western-illinois-university","61455"
"98",,,,"La Grande","public",,,"2502","3.5","3193","true","true","true","Eastern Oregon University",,"https://www.usnews.com/best-colleges/eastern-oregon-university","#75","75","2026","west",,,"regional-universities-west","usnews.com","OR","25692","eastern-oregon-university","97850"
"86",,,,"Barranquitas","private",,,"938",,"5027","false","true","false","Inter American University of Puerto Rico--Barranquitas",,"https://www.usnews.com/best-colleges/inter-american-university-of-puerto-rico-barranquitas","#75","75","2026","south",,,"regional-colleges-south","usnews.com","PR","5742","inter-american-university-of-puerto-rico-barranquitas","00794"
"100","22",,,"Gunnison","public",,,"3149","3.5","1372","true","true","true","Western Colorado University",,"https://www.usnews.com/best-colleges/western-colorado-university","#75","75","2026","west","1168",,"regional-universities-west","usnews.com","CO","24963","western-colorado-university","81231"
"80",,,,"Glenside","private",,,"2030","3.3","3235","false","true","true","Arcadia University",,"https://www.usnews.com/best-colleges/arcadia-university","#76","76","2026","north","1065",,"regional-universities-north","usnews.com","PA",,"arcadia-university","19038"
"57","15",,,"Danville","private",,,"1180",,"3702","false","true","true","Averett University",,"https://www.usnews.com/best-colleges/averett-university","#76","76","2026","south","926",,"regional-universities-south","usnews.com","VA","38550","averett-university","24541"
"73",,,"2.1","New Britain","public","24399","2.4","8170","3.2","1378","true","true","true","Central Connecticut State University","51","https://www.usnews.com/best-colleges/central-connecticut-state-university","#76","76","2026","north","960",,"regional-universities-north","usnews.com","CT","16550","central-connecticut-state-university","06050"
"85",,,,"Miami","private",,,"1299",,"1486","false","true","true","Florida Memorial University",,"https://www.usnews.com/best-colleges/florida-memorial-university","#76","76","2026","south",,,"regional-colleges-south","usnews.com","FL","20174","florida-memorial-university","33054"
"40",,,,"Bayamon","private",,"2.3","3480",,"5028","false","true","true","Inter American University of Puerto Rico--Bayamon",,"https://www.usnews.com/best-colleges/inter-american-university-of-puerto-rico-bayamon","#76","76","2026","south",,,"regional-colleges-south","usnews.com","PR","5780","inter-american-university-of-puerto-rico-bayamon","00957"
"100",,,,"Bristol","private",,,"1076",,"3496","false","true","true","King University",,"https://www.usnews.com/best-colleges/king-university","#76","76","2026","south",,,"regional-universities-south","usnews.com","TN","36194","king-university","37620"
"84",,,,"Annville","private","33010",,"1720","3.7","3288","false","true","true","Lebanon Valley College","79","https://www.usnews.com/best-colleges/lebanon-valley-college","#76","76","2026","north","1140",,"regional-universities-north","usnews.com","PA","53640","lebanon-valley-college","17003"
"68",,,,"Bronx","proprietary","23590",,"6206","3.1","4799","false","true","true","Monroe University","83","https://www.usnews.com/best-colleges/monroe-university","#76","76","2026","north",,,"regional-universities-north","usnews.com","NY","18464","monroe-university","11468"
"75","17",,,"Magnolia","public",,"2","3102","3.5","1107","true","true","true","Southern Arkansas University",,"https://www.usnews.com/best-colleges/southern-arkansas-university","#76","76","2026","south","880",,"regional-universities-south","usnews.com","AR","16080","southern-arkansas-university","71754"
"62","13",,,"Tuscaloosa","private",,,"731","2.5","1044","false","true","true","Stillman College",,"https://www.usnews.com/best-colleges/stillman-college","#76","76","2026","south","780",,"regional-colleges-south","usnews.com","AL","12700","stillman-college","35401"
"78","23",,,"Fredonia","public","31941",,"2770","3.4","2844","true","true","true","SUNY at Fredonia","30","https://www.usnews.com/best-colleges/suny-fredonia","#76","76","2026","north","1160",,"regional-universities-north","usnews.com","NY","19251","suny-fredonia","14063"
"79",,,"2.5","Baltimore","public",,,"1477",,"2102","true","true","true","University of Baltimore",,"https://www.usnews.com/best-colleges/university-of-baltimore","#76","76","2026","north","740",,"regional-universities-north","usnews.com","MD","24474","university-of-baltimore","21201"
"76","18",,,"Mount Olive","private",,,"1937",,"2949","false","true","true","University of Mount Olive",,"https://www.usnews.com/best-colleges/university-of-mount-olive","#76","76","2026","south",,,"regional-universities-south","usnews.com","NC","27366","university-of-mount-olive","28365"
"60",,,"2.3","West Haven","private","39438","2.8","4903","3.4","1397","false","true","true","University of New Haven","75","https://www.usnews.com/best-colleges/university-of-new-haven","#76","76","2026","north","1060",,"regional-universities-north","usnews.com","CT","49320","university-of-new-haven","06516"
"35",,,,"Bayamon","public",,,"2967",,"10975","true","true","true","University of Puerto Rico--Bayamon",,"https://www.usnews.com/best-colleges/university-of-puerto-rico-bayamon","#76","76","2026","south",,,"regional-colleges-south","usnews.com","PR","6284","university-of-puerto-rico-bayamon","00959"
"87",,,,"Utica","private","38479",,"2335","3.2","2883","false","true","true","Utica University","66","https://www.usnews.com/best-colleges/utica-university","#76","76","2026","north","990",,"regional-universities-north","usnews.com","NY","28480","utica-university","13502"
"67",,,,"Rocklin","private",,,"1317","3.5","1281","false","true","true","Jessup University",,"https://www.usnews.com/best-colleges/jessup-university","#77","77","2026","west","1041",,"regional-universities-west","usnews.com","CA",,"jessup-university","95765"
"73","19",,,"Lubbock","private",,,"1320",,"3586","false","true","true","Lubbock Christian University",,"https://www.usnews.com/best-colleges/lubbock-christian-university","#77","77","2026","west","950",,"regional-universities-west","usnews.com","TX","28540","lubbock-christian-university","79407"
"93","18",,,"Wichita Falls","public",,"2.1","4303","3.4","3592","true","true","true","Midwestern State University",,"https://www.usnews.com/best-colleges/midwestern-state","#77","77","2026","west","930",,"regional-universities-west","usnews.com","TX","11900","midwestern-state","76308"
"100","16",,,"Weatherford","public",,,"4347","3.4","3181","true","true","true","Southwestern Oklahoma State University",,"https://www.usnews.com/best-colleges/southwestern-oklahoma-state-university","#77","77","2026","west","870",,"regional-universities-west","usnews.com","OK",,"southwestern-oklahoma-state-university","73096"
"75","17",,,"Anderson","private","25367","2.2","1092","3.4","1785","false","true","true","Anderson University","76","https://www.usnews.com/best-colleges/anderson-university","#78","78","2026","midwest","900",,"regional-universities-midwest","usnews.com","IN","38900","anderson-university","46012"
"78",,,,"Grand Rapids","private",,,"1444",,"2266","false","true","true","Cornerstone University",,"https://www.usnews.com/best-colleges/cornerstone-university","#78","78","2026","midwest",,,"regional-universities-midwest","usnews.com","MI","23000","cornerstone-university","49525"
"98","18",,,"Emporia","public","21553",,"2396","3.5","1927","true","true","true","Emporia State University","36","https://www.usnews.com/best-colleges/emporia-state-university","#78","78","2026","midwest",,,"regional-universities-midwest","usnews.com","KS","15419","emporia-state-university","66801"
"90","18",,,"Hays","public",,,"10206",,"1915","true","true","true","Fort Hays State University",,"https://www.usnews.com/best-colleges/fort-hays-state-university","#78","78","2026","midwest","970",,"regional-universities-midwest","usnews.com","KS","17741","fort-hays-state-university","67601"
"89","17",,,"Dubuque","private","27518",,"1417","3.4","1891","false","true","true","University of Dubuque","73","https://www.usnews.com/best-colleges/university-of-dubuque","#78","78","2026","midwest","960",,"regional-universities-midwest","usnews.com","IA","44190","university-of-dubuque","52001"
"96","21",,"2","Evansville","public","22751","2.2","5347","3.4","1808","true","true","true","University of Southern Indiana","52","https://www.usnews.com/best-colleges/university-of-southern-indiana","#78","78","2026","midwest","1030",,"regional-universities-midwest","usnews.com","IN","21877","university-of-southern-indiana","47712"
"67","15",,,"Columbia","private",,"2.1","1628","2.7","3420","false","true","true","Benedict College",,"https://www.usnews.com/best-colleges/benedict","#80","80","2026","south","820",,"regional-colleges-south","usnews.com","SC","18348","benedict","29204"
"68","15",,"2.1","Morrow","public",,,"5551","3.2","8976","true","true","false","Clayton State University",,"https://www.usnews.com/best-colleges/clayton-state-university","#80","80","2026","south","860",,"regional-universities-south","usnews.com","GA","20414","clayton-state-university","30260"
"69",,,,"Babson Park","private",,,"879",,"1540","false","true","true","Webber International University",,"https://www.usnews.com/best-colleges/webber-international-university","#80","80","2026","south",,,"regional-colleges-south","usnews.com","FL","33770","webber-international-university","33827"
"98","19",,"2.1","Pueblo","public",,"2.5","5086","3.2","1365","true","true","true","Colorado State University Pueblo",,"https://www.usnews.com/best-colleges/colorado-state-university-pueblo","#81","81","2026","west","870",,"regional-universities-west","usnews.com","CO","22927","colorado-state-university-pueblo","81001"
"58","18",,,"Marshall","private",,,"1634","3.5","3564","false","true","true","East Texas Baptist University",,"https://www.usnews.com/best-colleges/east-texas-baptist-university","#81","81","2026","west","930",,"regional-universities-west","usnews.com","TX","31760","east-texas-baptist-university","75670"
"78","18",,,"Lake Charles","public",,"2.3","5720",,"2017","true","true","false","McNeese State University",,"https://www.usnews.com/best-colleges/mcneese-state-university","#81","81","2026","south","940",,"regional-universities-south","usnews.com","LA",,"mcneese-state-university","70609"
"100",,,,"San Diego","proprietary",,,"213",,"30439","false","true","true","NewSchool of Architecture and Design",,"https://www.usnews.com/best-colleges/newschool-of-architecture-and-design","#81","81","2026","west",,,"regional-universities-west","usnews.com","CA","30291","newschool-of-architecture-and-design","92101"
"65","16",,,"Alva","public",,,"1787","3.5","3163","true","true","true","Northwestern Oklahoma State University",,"https://www.usnews.com/best-colleges/northwestern-oklahoma-state","#81","81","2026","west","802",,"regional-universities-west","usnews.com","OK","8813","northwestern-oklahoma-state","73717"
"89",,,,"Waxahachie","private",,,"1413",,"3616","false","true","true","Southwestern Assemblies of God University",,"https://www.usnews.com/best-colleges/southwestern-assemblies-of-god-university","#81","81","2026","west","890",,"regional-universities-west","usnews.com","TX","25064","southwestern-assemblies-of-god-university","75165"
"80",,,,"Campbellsville","private",,,"6853",,"1959","false","true","true","Campbellsville University",,"https://www.usnews.com/best-colleges/campbellsville-university","#82","82","2026","south",,,"regional-universities-south","usnews.com","KY","27998","campbellsville-university","42718"
"34",,,,"Mercedita","private",,,"2643",,"5029","false","true","false","Inter American University of Puerto Rico--Ponce",,"https://www.usnews.com/best-colleges/inter-american-university-of-puerto-rico-ponce","#82","82","2026","south",,,"regional-colleges-south","usnews.com","PR","5780","inter-american-university-of-puerto-rico-ponce","00715"
"96",,,,"Misenheimer","private",,,"654",,"2955","false","true","true","Pfeiffer University",,"https://www.usnews.com/best-colleges/pfeiffer-university","#82","82","2026","south",,,"regional-universities-south","usnews.com","NC","35070","pfeiffer-university","28109"
"97","19",,,"Shepherdstown","public",,,"2906",,"3822","true","true","true","Shepherd University",,"https://www.usnews.com/best-colleges/shepherd-university","#82","82","2026","south","878",,"regional-universities-south","usnews.com","WV","19082","shepherd-university","25443"
,,,,"Birmingham","private",,,"1151",,"1028","false","true","false","Miles College",,"https://www.usnews.com/best-colleges/miles-college","#83","83","2026","south",,,"regional-colleges-south","usnews.com","AL","13314","miles-college","35208"
"86","16",,,"Milwaukee","private",,,"673","2.9","3832","false","true","true","Alverno College",,"https://www.usnews.com/best-colleges/alverno-college","#84","84","2026","midwest",,,"regional-universities-midwest","usnews.com","WI","35112","alverno-college","53234"
"71",,,,"Caldwell","private",,,"1617","3.4","2598","false","true","true","Caldwell University",,"https://www.usnews.com/best-colleges/caldwell-university","#84","84","2026","north","1130",,"regional-universities-north","usnews.com","NJ","42470","caldwell-university","07006"
"87",,,,"Pittsburgh","private",,,"1355","3.6","3303","false","true","true","Carlow University",,"https://www.usnews.com/best-colleges/carlow-university","#84","84","2026","north","960",,"regional-universities-north","usnews.com","PA","37132","carlow-university","15213"
"99",,,,"Des Moines","private",,,"1483",,"1867","false","true","true","Grand View University",,"https://www.usnews.com/best-colleges/grand-view-university","#84","84","2026","midwest",,,"regional-universities-midwest","usnews.com","IA","34762","grand-view-university","50316"
"88","22",,,"Providence","private",,"2.2","3908","3.4","3404","false","true","true","Johnson & Wales University--Providence",,"https://www.usnews.com/best-colleges/johnson--wales-university-providence","#84","84","2026","north","890",,"regional-universities-north","usnews.com","RI","44122","johnson--wales-university-providence","02903"
"71",,,,"North Manchester","private",,,"915",,"1820","false","true","true","Manchester University",,"https://www.usnews.com/best-colleges/manchester-university","#84","84","2026","midwest",,,"regional-universities-midwest","usnews.com","IN","37135","manchester-university","46962"
"87",,,,"Purchase","private",,,"1466","3.5","2760","false","true","true","Manhattanville University",,"https://www.usnews.com/best-colleges/manhattanville-university","#84","84","2026","north",,,"regional-universities-north","usnews.com","NY","46340","manhattanville-university","10577"
,,,,"Sumter","private",,,"421",,"3439","false","true","true","Morris College",,"https://www.usnews.com/best-colleges/morris-college","#84","84","2026","south",,,"regional-colleges-south","usnews.com","SC","16664","morris-college","29150"
"84","18",,,"Mount Vernon","private",,"2.2","1631",,"7085","false","true","true","Mount Vernon Nazarene University",,"https://www.usnews.com/best-colleges/mount-vernon-nazarene-university","#84","84","2026","midwest","1046",,"regional-universities-midwest","usnews.com","OH","37158","mount-vernon-nazarene-university","43050"
"86","18",,,"Maryville","public",,,"5241","3.4","2496","true","true","true","Northwest Missouri State University",,"https://www.usnews.com/best-colleges/northwest-missouri","#84","84","2026","midwest","973",,"regional-universities-midwest","usnews.com","MO","22523","northwest-missouri","64468"
"89","21",,,"Northfield","private",,"2.7","2635","3.4","3692","false","true","true","Norwich University",,"https://www.usnews.com/best-colleges/norwich-university","#84","84","2026","north","990",,"regional-universities-north","usnews.com","VT","53397","norwich-university","05663"
"89","17",,"2.1","Pittsburg","public",,,"4426",,"1926","true","true","true","Pittsburg State University",,"https://www.usnews.com/best-colleges/pittsburg-state-university","#84","84","2026","midwest",,,"regional-universities-midwest","usnews.com","KS","19744","pittsburg-state-university","66762"
"92",,,,"Providence","public",,,"5157",,"3407","true","true","true","Rhode Island College",,"https://www.usnews.com/best-colleges/rhode-island-college","#84","84","2026","north","870",,"regional-universities-north","usnews.com","RI","28268","rhode-island-college","02908"
"71","25",,,"Rochester","private",,,"1393","3.6","2805","false","true","true","Roberts Wesleyan University",,"https://www.usnews.com/best-colleges/roberts-wesleyan-university","#84","84","2026","north","990",,"regional-universities-north","usnews.com","NY","39712","roberts-wesleyan-university","14624"
"80",,,,"Raleigh","private",,,"877",,"2962","false","true","true","Shaw University",,"https://www.usnews.com/best-colleges/shaw-university","#84","84","2026","south",,,"regional-colleges-south","usnews.com","NC",,"shaw-university","27601"
"87","16",,"2","Shippensburg","public",,"2","4371","3.4","3326","true","true","true","Shippensburg University of Pennsylvania",,"https://www.usnews.com/best-colleges/shippensburg-university-of-pennsylvania","#84","84","2026","north","1000",,"regional-universities-north","usnews.com","PA","15648","shippensburg-university-of-pennsylvania","17257"
"52",,,,"Spring Arbor","private",,,"1139","3.6","2318","false","true","true","Spring Arbor University",,"https://www.usnews.com/best-colleges/spring-arbor-university","#84","84","2026","midwest","1010",,"regional-universities-midwest","usnews.com","MI","35530","spring-arbor-university","49283"
"87","20",,,"Menomonie","public",,"2.3","6124","3.3","3915","true","true","true","University of Wisconsin-Stout Polytechnic",,"https://www.usnews.com/best-colleges/university-of-wisconsinstout-polytechnic","#84","84","2026","midwest","1050",,"regional-universities-midwest","usnews.com","WI","20188","university-of-wisconsinstout-polytechnic","54751"
"90",,,"2","Wayne","public",,,"6647","3","2625","true","true","true","William Paterson University of New Jersey",,"https://www.usnews.com/best-colleges/william-paterson","#84","84","2026","north",,,"regional-universities-north","usnews.com","NJ","25344","william-paterson","07470"
"74","21",,,"York","private",,"2.4","3369","3.6","3399","false","true","true","York College of Pennsylvania",,"https://www.usnews.com/best-colleges/york-college-of-pennsylvania","#84","84","2026","north","1020",,"regional-universities-north","usnews.com","PA","26920","york-college-of-pennsylvania","17403"
"99","17",,,"Fairmont","public",,,"3088","3.4","3812","true","true","true","Fairmont State University",,"https://www.usnews.com/best-colleges/fairmont-state","#85","85","2026","south","860",,"regional-universities-south","usnews.com","WV",,"fairmont-state","26554"
"90","21",,,"Crestview Hills","private",,,"1823",,"2001","false","true","true","Thomas More University",,"https://www.usnews.com/best-colleges/thomas-more-university","#85","85","2026","south","1030",,"regional-universities-south","usnews.com","KY","39800","thomas-more-university","41017"
"43","16",,,"Livingston","public",,,"2673",,"1024","true","true","true","University of West Alabama",,"https://www.usnews.com/best-colleges/university-of-west-alabama","#85","85","2026","south","860",,"regional-universities-south","usnews.com","AL","20090","university-of-west-alabama","35470"
"86","19",,,"Honolulu","private",,"2.4","3533",,"7279","false","true","true","Hawaii Pacific University",,"https://www.usnews.com/best-colleges/hawaii-pacific-university","#86","86","2026","west","998",,"regional-universities-west","usnews.com","HI","36534","hawaii-pacific-university","96813"
"99","17",,"2","Denver","public",,"2.2","16430",,"1360","true","true","true","Metropolitan State University of Denver",,"https://www.usnews.com/best-colleges/metropolitan-state-university-of-denver","#86","86","2026","west","880",,"regional-universities-west","usnews.com","CO","30684","metropolitan-state-university-of-denver","80217"
"70","18",,,"Billings","private",,,"851","3.4","2534","false","true","true","Rocky Mountain College",,"https://www.usnews.com/best-colleges/rocky-mountain-college","#86","86","2026","west","893",,"regional-universities-west","usnews.com","MT","37006","rocky-mountain-college","59102"
"85","15",,,"Kerrville","private",,,"1120","3.5","3610","false","true","true","Schreiner University",,"https://www.usnews.com/best-colleges/schreiner-university","#86","86","2026","west","797",,"regional-universities-west","usnews.com","TX","40850","schreiner-university","78028"
"64",,,,"Utuado","public",,,"317",,"667020","true","true","false","University of Puerto Rico--Utuado",,"https://www.usnews.com/best-colleges/university-of-puerto-rico-utuado","#86","86","2026","south",,,"regional-colleges-south","usnews.com","PR","5354","university-of-puerto-rico-utuado","00641"
"83","14",,,"Orangeburg","public",,"2.2","2950","3.1","3446","true","true","true","South Carolina State University",,"https://www.usnews.com/best-colleges/south-carolina-state-university","#88","88","2026","south","770",,"regional-universities-south","usnews.com","SC","21750","south-carolina-state-university","29117"
"99","19",,,"St. Thomas","public",,,"1569","3.2","3946","true","true","true","University of the Virgin Islands",,"https://www.usnews.com/best-colleges/university-of-the-virgin-islands","#88","88","2026","south","783",,"regional-universities-south","usnews.com","VI","16556","university-of-the-virgin-islands","00802"
"71","14",,,"Albany","public",,,"6193","2.8","1544","true","true","true","Albany State University",,"https://www.usnews.com/best-colleges/albany-state-university","#90","90","2026","south","770",,"regional-universities-south","usnews.com","GA","21290","albany-state-university","31705"
"93","17",,,"Athens","public",,,"1609","3.4","3810","true","true","true","Concord University",,"https://www.usnews.com/best-colleges/concord-university-athens","#90","90","2026","south","830",,"regional-universities-south","usnews.com","WV","22192","concord-university-athens","24712"
,"17",,,"Columbia","private",,,"1714","3.2","1972","false","true","true","Lindsey Wilson University",,"https://www.usnews.com/best-colleges/lindsey-wilson-university","#90","90","2026","south",,,"regional-universities-south","usnews.com","KY","28392","lindsey-wilson-university","42728"
"75","22",,,"Fayetteville","private",,"2.1","1467","3.6","2946","false","true","true","Methodist University",,"https://www.usnews.com/best-colleges/methodist-university","#90","90","2026","south","1080",,"regional-universities-south","usnews.com","NC","43174","methodist-university","28311"
"95",,,,"Prescott","private",,,"257",,"29022","false","true","true","Prescott College",,"https://www.usnews.com/best-colleges/prescott-college","#90","90","2026","west",,,"regional-universities-west","usnews.com","AZ","35685","prescott-college","86301"
"89",,,,"Ashland","public",,,"4368",,"3219","true","true","true","Southern Oregon University",,"https://www.usnews.com/best-colleges/southern-oregon-university","#90","90","2026","west",,,"regional-universities-west","usnews.com","OR","31887","southern-oregon-university","97520"
"64",,,,"Texarkana","public",,"2.3","1760",,"31703","true","true","true","Texas A&M University--Texarkana",,"https://www.usnews.com/best-colleges/texas-am-university-texarkana","#90","90","2026","west",,,"regional-universities-west","usnews.com","TX","45080","texas-am-university-texarkana","75503"
"72","16",,,"Greeneville","private",,,"942","3.4","3527","false","true","true","Tusculum University",,"https://www.usnews.com/best-colleges/tusculum-university","#90","90","2026","south","790",,"regional-universities-south","usnews.com","TN","29250","tusculum-university","37743"
"60","20",,,"San Juan","private",,,"4494","3.2","3937","false","true","true","Universidad del Sagrado Corazon",,"https://www.usnews.com/best-colleges/universidad-del-sagrado-corazon","#90","90","2026","south","800",,"regional-universities-south","usnews.com","PR","7330","universidad-del-sagrado-corazon","00914"
"52","18",,,"Springfield","private",,,"1526","3.6","2463","false","true","true","Evangel University",,"https://www.usnews.com/best-colleges/evangel-university","#92","92","2026","midwest","980",,"regional-universities-midwest","usnews.com","MO","29974","evangel-university","65802"
"43","18",,,"Yankton","private",,,"1022","3.5","3465","false","true","true","Mount Marty University",,"https://www.usnews.com/best-colleges/mount-marty-university","#92","92","2026","midwest",,,"regional-universities-midwest","usnews.com","SD","35775","mount-marty-university","57078"
"87","17",,,"Leavenworth","private",,,"1027","3.3","1943","false","true","true","University of Saint Mary",,"https://www.usnews.com/best-colleges/university-of-saint-mary","#92","92","2026","midwest","806",,"regional-universities-midwest","usnews.com","KS","36780","university-of-saint-mary","66048"
"92","17",,,"Portales","public",,,"4072",,"2651","true","true","true","Eastern New Mexico University",,"https://www.usnews.com/best-colleges/eastern-new-mexico-university","#93","93","2026","west","830",,"regional-universities-west","usnews.com","NM","9174","eastern-new-mexico-university","88130"
"100",,,"2.2","Orem","public",,"2.6","45812","3.4","4027","true","true","true","Utah Valley University",,"https://www.usnews.com/best-colleges/utah-valley","#93","93","2026","west",,,"regional-universities-west","usnews.com","UT","18489","utah-valley","84058"
"88","26",,,"BURLINGTON","private",,,"2801","3.5","3684","false","true","true","Champlain College",,"https://www.usnews.com/best-colleges/champlain-college","#94","94","2026","north","1220",,"regional-universities-north","usnews.com","VT","50000","champlain-college","05401"
"96",,,,"Salem","public",,,"4867","3.2","2188","true","true","true","Salem State University",,"https://www.usnews.com/best-colleges/salem-state","#94","94","2026","north","970",,"regional-universities-north","usnews.com","MA",,"salem-state","01970"
"84",,,,"Standish","private",,,"1059",,"2051","false","true","true","St. Joseph's College",,"https://www.usnews.com/best-colleges/st-josephs-college","#94","94","2026","north","960",,"regional-universities-north","usnews.com","ME","44420","st-josephs-college","04084"
"78",,,,"Potsdam","public",,,"1831","3.5","2850","true","true","true","SUNY Potsdam",,"https://www.usnews.com/best-colleges/suny-potsdam","#94","94","2026","north",,,"regional-universities-north","usnews.com","NY","18678","suny-potsdam","13676"
"79","17",,,"Olathe","private",,,"1204","3.4","7032","false","true","true","MidAmerica Nazarene University",,"https://www.usnews.com/best-colleges/midamerica-nazarene-university","#95","95","2026","midwest","950",,"regional-universities-midwest","usnews.com","KS","38620","midamerica-nazarene-university","66062"
"100","17",,"2.3","Billings","public",,,"3881","3.2","2530","true","true","true","Montana State University Billings",,"https://www.usnews.com/best-colleges/montana-state-billings","#95","95","2026","west",,,"regional-universities-west","usnews.com","MT","22691","montana-state-billings","59101"
"95","17",,"2.2","St. Cloud","public",,"2.5","8209","3.3","2377","true","true","true","St. Cloud State University",,"https://www.usnews.com/best-colleges/st-cloud-state-university","#95","95","2026","midwest","1025",,"regional-universities-midwest","usnews.com","MN","8812","st-cloud-state-university","56301"
"77",,,,"Columbia","private",,,"354",,"2512","false","true","true","Stephens College",,"https://www.usnews.com/best-colleges/stephens-college","#95","95","2026","midwest",,,"regional-universities-midwest","usnews.com","MO","28300","stephens-college","65215"
"96",,,,"Victoria","public",,,"2707",,"13231","true","true","true","Texas A&M University--Victoria",,"https://www.usnews.com/best-colleges/texas-am-university-victoria","#95","95","2026","west",,,"regional-universities-west","usnews.com","TX","16989","texas-am-university-victoria","77901"
,,,,"Wayne","public",,,"3934",,"2566","true","true","true","Wayne State College",,"https://www.usnews.com/best-colleges/wayne-state-college","#95","95","2026","midwest",,,"regional-universities-midwest","usnews.com","NE","8216","wayne-state-college","68787"
"58","14",,"2.1","Normal","public",,"2.6","6370","3.1","1002","true","true","true","Alabama A&M University",,"https://www.usnews.com/best-colleges/alabama-am-university","#96","96","2026","south","810",,"regional-universities-south","usnews.com","AL","19176","alabama-am-university","35762"
"75","16",,,"Americus","public",,,"3028","3.2","1573","true","true","true","Georgia Southwestern State University",,"https://www.usnews.com/best-colleges/georgia-southwestern-state-university","#96","96","2026","south","890",,"regional-universities-south","usnews.com","GA","20454","georgia-southwestern-state-university","31709"
"63","15",,,"Barbourville","private",,,"737",,"1988","false","true","true","Union Commonwealth University",,"https://www.usnews.com/best-colleges/union-commonwealth-university","#96","96","2026","south",,,"regional-universities-south","usnews.com","KY","30946","union-commonwealth-university","40906"
,,,,"Las Vegas","public",,,"1710",,"2653","true","true","false","New Mexico Highlands University",,"https://www.usnews.com/best-colleges/new-mexico-highlands-university","#97","97","2026","west",,,"regional-universities-west","usnews.com","NM","12336","new-mexico-highlands-university","87701"
"59",,,,"New Haven","private",,,"1006","3.1","1374","false","true","true","Albertus Magnus College",,"https://www.usnews.com/best-colleges/albertus-magnus-college","#98","98","2026","north",,,"regional-universities-north","usnews.com","CT","43118","albertus-magnus-college","06511"
"88","25",,,"Bridgewater","public",,,"8270","3.4","2183","true","true","true","Bridgewater State University",,"https://www.usnews.com/best-colleges/bridgewater-state-university","#98","98","2026","north","1060",,"regional-universities-north","usnews.com","MA","18334","bridgewater-state-university","02325"
"100","15",,,"Lawton","public",,,"3307","3.3","3150","true","true","true","Cameron University",,"https://www.usnews.com/best-colleges/cameron-university","#98","98","2026","west",,,"regional-universities-west","usnews.com","OK","16515","cameron-university","73505"
"84",,,,"Allentown","private",,,"870",,"3243","false","true","true","Cedar Crest College",,"https://www.usnews.com/best-colleges/cedar-crest-college","#98","98","2026","north","900",,"regional-universities-north","usnews.com","PA","48114","cedar-crest-college","18104"
"83",,,,"Hackettstown","private",,,"951",,"2599","false","true","true","Centenary University",,"https://www.usnews.com/best-colleges/centenary-university","#98","98","2026","north",,,"regional-universities-north","usnews.com","NJ","37732","centenary-university","07840"
"92",,,,"Staten Island","public",,"2.4","10049","3.1","29040","true","true","true","CUNY--College of Staten Island",,"https://www.usnews.com/best-colleges/cuny-college-of-staten-island","#98","98","2026","north","890",,"regional-universities-north","usnews.com","NY","19159","cuny-college-of-staten-island","10314"
"89","20",,"2","Frostburg","public",,"2.3","2619",,"2072","true","true","true","Frostburg State University",,"https://www.usnews.com/best-colleges/frostburg-state-university","#98","98","2026","north","970",,"regional-universities-north","usnews.com","MD","26356","frostburg-state-university","21532"
"71",,,,"Philadelphia","private",,,"2650","3.4","3275","false","true","true","Holy Family University",,"https://www.usnews.com/best-colleges/holy-family-university","#98","98","2026","north","910",,"regional-universities-north","usnews.com","PA","36388","holy-family-university","19114"
"86",,,,"Millersville","public",,,"5823","3.5","3325","true","true","true","Millersville University of Pennsylvania",,"https://www.usnews.com/best-colleges/millersville-university-of-pennsylvania","#98","98","2026","north","1020",,"regional-universities-north","usnews.com","PA","22840","millersville-university-of-pennsylvania","17551"
"76","18",,,"Durant","public",,,"3207",,"3179","true","true","true","Southeastern Oklahoma State University",,"https://www.usnews.com/best-colleges/southeastern-oklahoma-state","#98","98","2026","west","980",,"regional-universities-west","usnews.com","OK","16740","southeastern-oklahoma-state","74701"
"84",,,,"Old Westbury","public",,,"4040",,"7109","true","true","true","SUNY College--Old Westbury",,"https://www.usnews.com/best-colleges/suny-college-old-westbury","#98","98","2026","north",,,"regional-universities-north","usnews.com","NY","18842","suny-college-old-westbury","11568"
"87",,,,"Danbury","public",,,"3567",,"1380","true","true","true","Western Connecticut State University",,"https://www.usnews.com/best-colleges/western-connecticut-state-university","#98","98","2026","north","1040",,"regional-universities-north","usnews.com","CT",,"western-connecticut-state-university","06810"
"81",,,,"Westfield","public",,,"3788",,"2189","true","true","true","Westfield State University",,"https://www.usnews.com/best-colleges/westfield-state-college","#98","98","2026","north",,,"regional-universities-north","usnews.com","MA","18259","westfield-state-college","01086"
"88",,,,"Worcester","public",,,"4734",,"2190","true","true","true","Worcester State University",,"https://www.usnews.com/best-colleges/worcester-state-university","#98","98","2026","north","1026",,"regional-universities-north","usnews.com","MA","18424","worcester-state-university","01602"
"94",,,,"Hartsville","private",,,"1187",,"3427","false","true","true","Coker University",,"https://www.usnews.com/best-colleges/coker-college","#99","99","2026","south",,,"regional-universities-south","usnews.com","SC","33416","coker-college","29550"
"70",,,,"Greensboro","private",,,"899","3","2930","false","true","true","Greensboro College",,"https://www.usnews.com/best-colleges/greensboro-college","#99","99","2026","south",,,"regional-universities-south","usnews.com","NC","21660","greensboro-college","27401"
"72","21",,,"University Center","public",,"2.1","6152","3.5","2314","true","true","true","Saginaw Valley State University",,"https://www.usnews.com/best-colleges/saginaw-valley-state-university","#99","99","2026","midwest","850",,"regional-universities-midwest","usnews.com","MI","30450","saginaw-valley-state-university","48710"
"84","19",,"2","Youngstown","public",,"2.8","8436",,"3145","true","true","true","Youngstown State University",,"https://www.usnews.com/best-colleges/youngstown-state-university","#99","99","2026","midwest","1010",,"regional-universities-midwest","usnews.com","OH","11473","youngstown-state-university","44555"
"58","17",,,"Ada","public",,,"2644","3.4","3154","true","true","true","East Central University",,"https://www.usnews.com/best-colleges/east-central-university","#100","100","2026","west","900",,"regional-universities-west","usnews.com","OK","17753","east-central-university","74820"
"99","15",,,"Alpine","public",,,"1890","3.3","3625","true","true","true","Sul Ross State University",,"https://www.usnews.com/best-colleges/sul-ross","#100","100","2026","west","930",,"regional-universities-west","usnews.com","TX","17384","sul-ross","79832"
"86",,,,"Seward","private",,,"2934",,"2541","false","true","true","Concordia University",,"https://www.usnews.com/best-colleges/concordia-university","#101","101","2026","midwest",,,"regional-universities-midwest","usnews.com","NE","40640","concordia-university","68434"
,,,,"Arkadelphia","public",,,"1493",,"1098","true","true","true","Henderson State University",,"https://www.usnews.com/best-colleges/henderson-state-university","#101","101","2026","south",,,"regional-universities-south","usnews.com","AR","10620","henderson-state-university","71999"
"51","18",,"2.2","Shreveport","public",,,"2548",,"2013","true","true","true","Louisiana State University--Shreveport",,"https://www.usnews.com/best-colleges/louisiana-state-university-shreveport","#101","101","2026","south","1000",,"regional-universities-south","usnews.com","LA","7518","louisiana-state-university-shreveport","71115"
"76","18",,,"Canton","private",,,"987",,"3072","false","true","true","Malone University",,"https://www.usnews.com/best-colleges/malone-university","#101","101","2026","midwest","930",,"regional-universities-midwest","usnews.com","OH","37160","malone-university","44709"
"74","18",,,"Lebanon","private",,,"1757","3.4","1722","false","true","true","McKendree University",,"https://www.usnews.com/best-colleges/mckendree-university","#101","101","2026","midwest","830",,"regional-universities-midwest","usnews.com","IL","35430","mckendree-university","62254"
"72","16",,"2.2","Hammond","public",,"3","5698","3.3","666998","true","true","true","Purdue University--Northwest",,"https://www.usnews.com/best-colleges/purdue-university-northwest","#101","101","2026","midwest","890",,"regional-universities-midwest","usnews.com","IN","13439","purdue-university-northwest","46323"
,,,,"Alamosa","public",,,"1576",,"1345","true","true","false","Adams State University",,"https://www.usnews.com/best-colleges/adams-state-university","#102","102","2026","west",,,"regional-universities-west","usnews.com","CO","21944","adams-state-university","81102"
"91",,,,"Austin","private",,,"1391",,"3557","false","true","true","Concordia University Texas",,"https://www.usnews.com/best-colleges/concordia-austin","#103","103","2026","west",,,"regional-universities-west","usnews.com","TX","23500","concordia-austin","78726"
"67",,,,"Lebanon","private",,,"2745","3.3","3485","false","true","true","Cumberland University",,"https://www.usnews.com/best-colleges/cumberland-university","#103","103","2026","south",,,"regional-universities-south","usnews.com","TN","28540","cumberland-university","37087"
"97",,,,"Hialeah","proprietary",,,"2455",,"666987","false","true","true","Florida National University",,"https://www.usnews.com/best-colleges/florida-national-university","#103","103","2026","south",,,"regional-universities-south","usnews.com","FL","17368","florida-national-university","33012"
"45","15",,"2.1","Grambling","public",,,"4279",,"2006","true","true","true","Grambling State University",,"https://www.usnews.com/best-colleges/grambling-state-university","#103","103","2026","south","920",,"regional-universities-south","usnews.com","LA","16706","grambling-state-university","71245"
,,,,"La Jolla","private",,"2.2","11296",,"11460","false","true","true","National University",,"https://www.usnews.com/best-colleges/national-university","#103","103","2026","west",,,"regional-universities-west","usnews.com","CA","13284","national-university","92037"
"79","19",,,"St Paul","private",,,"3361","3.1","2347","false","true","true","Concordia University--St. Paul",,"https://www.usnews.com/best-colleges/concordia-university-st-paul","#105","105","2026","midwest",,,"regional-universities-midwest","usnews.com","MN","26400","concordia-university-st-paul","55104"
"97","16",,,"Greenville","private",,"2.3","905",,"1684","false","true","true","Greenville University",,"https://www.usnews.com/best-colleges/greenville-university","#105","105","2026","midwest","771",,"regional-universities-midwest","usnews.com","IL","32200","greenville-university","62246"
"77",,,,"Pineville","private",,,"763",,"2007","false","true","false","Louisiana Christian University",,"https://www.usnews.com/best-colleges/louisiana-college","#106","106","2026","south",,,"regional-universities-south","usnews.com","LA",,"louisiana-college","71359"
"49",,,,"San German","private",,,"2613",,"3938","false","true","true","Inter American University of Puerto Rico--San German",,"https://www.usnews.com/best-colleges/inter-american-university-of-puerto-rico-san-german","#107","107","2026","south",,,"regional-universities-south","usnews.com","PR",,"inter-american-university-of-puerto-rico-san-german","00683"
"99","16",,,"St. Paul","public",,,"5271",,"10374","true","true","true","Metropolitan State University",,"https://www.usnews.com/best-colleges/metropolitan-state-university","#107","107","2026","midwest",,,"regional-universities-midwest","usnews.com","MN","9840","metropolitan-state-university","55106"
"68","17",,,"Bolivar","private",,,"1622",,"2502","false","true","true","Southwest Baptist University",,"https://www.usnews.com/best-colleges/southwest-baptist","#107","107","2026","midwest","810",,"regional-universities-midwest","usnews.com","MO","30566","southwest-baptist","65613"
"62","16",,,"Marshall","public",,,"6884",,"2375","true","true","true","Southwest Minnesota State University",,"https://www.usnews.com/best-colleges/southwest-minnesota-state","#107","107","2026","midwest",,,"regional-universities-midwest","usnews.com","MN","10361","southwest-minnesota-state","56258"
"74",,,,"New Orleans","private",,,"806",,"2023","false","true","true","University of Holy Cross",,"https://www.usnews.com/best-colleges/university-of-holy-cross","#107","107","2026","south",,,"regional-universities-south","usnews.com","LA","16576","university-of-holy-cross","70131"
"96","15",,,"Institute","public",,,"3322",,"3826","true","true","true","West Virginia State University",,"https://www.usnews.com/best-colleges/west-virginia-state-university","#107","107","2026","south","760",,"regional-universities-south","usnews.com","WV","14990","west-virginia-state-university","25112"
"84","19",,,"Framingham","public",,,"2782","3.1","2185","true","true","true","Framingham State University",,"https://www.usnews.com/best-colleges/framingham-state","#110","110","2026","north","1100",,"regional-universities-north","usnews.com","MA",,"framingham-state","01701"
"79",,,,"Lakewood","private",,,"1491",,"2608","false","true","true","Georgian Court University",,"https://www.usnews.com/best-colleges/georgian-court","#110","110","2026","north",,,"regional-universities-north","usnews.com","NJ","37902","georgian-court","08701"
"48","16",,,"Elgin","private",,,"711","3.2","1700","false","true","true","Judson University",,"https://www.usnews.com/best-colleges/judson-university","#110","110","2026","midwest","800",,"regional-universities-midwest","usnews.com","IL","31810","judson-university","60123"
"75",,,,"Fond du Lac","private",,,"1074",,"3861","false","true","true","Marian University",,"https://www.usnews.com/best-colleges/marian-university","#110","110","2026","midwest",,,"regional-universities-midwest","usnews.com","WI","35178","marian-university","54935"
"84","15",,,"Wheeling","private",,,"619","3.2","3831","false","true","false","Wheeling University",,"https://www.usnews.com/best-colleges/wheeling-university","#110","110","2026","south","850",,"regional-universities-south","usnews.com","WV",,"wheeling-university","26003"
,,,,"Savannah","public",,,"2857",,"1590","true","true","false","Savannah State University",,"https://www.usnews.com/best-colleges/savannah-state-university","#111","111","2026","south",,,"regional-universities-south","usnews.com","GA","19043","savannah-state-university","31404"
"80","19",,,"Beaver Falls","private",,"2.4","1264","3.6","3267","false","true","true","Geneva College",,"https://www.usnews.com/best-colleges/geneva-college","#112","112","2026","north","1000",,"regional-universities-north","usnews.com","PA","34480","geneva-college","15010"
"67","19",,,"Richmond","public",,,"2951","3.3","1811","true","true","true","Indiana University East",,"https://www.usnews.com/best-colleges/indiana-university-east","#112","112","2026","midwest","960",,"regional-universities-midwest","usnews.com","IN","23032","indiana-university-east","47374"
"93","23",,,"Wilkes-Barre","private",,"2","1568","3.3","3282","false","true","true","King's College",,"https://www.usnews.com/best-colleges/kings-college-pennsylvania","#112","112","2026","north","1070",,"regional-universities-north","usnews.com","PA","45100","kings-college-pennsylvania","18711"
"91","22",,,"Kutztown","public",,,"6306","3.4","3322","true","true","true","Kutztown University of Pennsylvania",,"https://www.usnews.com/best-colleges/kutztown-university","#112","112","2026","north",,,"regional-universities-north","usnews.com","PA","16474","kutztown-university","19530"
"86",,,,"Plymouth","private",,,"2318",,"3854","false","true","true","Lakeland University",,"https://www.usnews.com/best-colleges/lakeland-university","#112","112","2026","midwest",,,"regional-universities-midwest","usnews.com","WI","33396","lakeland-university","53073"
"100","16",,,"Macon","public",,,"7737","3.2","7728","true","true","true","Middle Georgia State University",,"https://www.usnews.com/best-colleges/middle-georgia-state-university","#112","112","2026","south","950",,"regional-universities-south","usnews.com","GA","20662","middle-georgia-state-university","31206"
"65","18",,,"Minot","public",,,"2499","3.4","2994","true","true","true","Minot State University",,"https://www.usnews.com/best-colleges/minot-state","#112","112","2026","midwest","930",,"regional-universities-midwest","usnews.com","ND","9192","minot-state","58707"
"94",,,,"Columbus","private",,,"843","3.4","3035","false","true","true","Ohio Dominican University",,"https://www.usnews.com/best-colleges/ohio-dominican-university","#112","112","2026","midwest",,,"regional-universities-midwest","usnews.com","OH","36422","ohio-dominican-university","43219"
"84","22",,"2.4","Fort Wayne","public",,"2.9","6489","3.3","1812","true","true","true","Purdue University--Fort Wayne",,"https://www.usnews.com/best-colleges/purdue-university-fort-wayne","#112","112","2026","midwest","970",,"regional-universities-midwest","usnews.com","IN","22887","purdue-university-fort-wayne","46805"
"76",,,,"Portsmouth","public",,,"2997",,"12748","true","true","true","Shawnee State University",,"https://www.usnews.com/best-colleges/shawnee-state-university","#112","112","2026","midwest",,,"regional-universities-midwest","usnews.com","OH","17080","shawnee-state-university","45662"
"38","20",,,"Thomasville","private",,,"882",,"1555","false","true","true","Thomas University",,"https://www.usnews.com/best-colleges/thomas-university","#112","112","2026","south","990",,"regional-universities-south","usnews.com","GA","11640","thomas-university","31792"
"26","18",,,"Montgomery","private",,,"1759","3.5","1003","false","true","true","Faulkner University",,"https://www.usnews.com/best-colleges/faulkner-university","#114","114","2026","south",,,"regional-universities-south","usnews.com","AL",,"faulkner-university","36109"
"93","17",,,"Marietta","private",,,"902","3.1","20748","false","true","true","Life University",,"https://www.usnews.com/best-colleges/life-university","#114","114","2026","south","920",,"regional-universities-south","usnews.com","GA","15441","life-university","30060"
,,,,"Monticello","public",,,"2328",,"1085","true","true","true","University of Arkansas--Monticello",,"https://www.usnews.com/best-colleges/university-of-arkansas-monticello","#114","114","2026","south",,,"regional-universities-south","usnews.com","AR","14857","university-of-arkansas-monticello","71656"
"93","27",,,"New York","proprietary",,,"3255","3.4","7468","false","true","false","School of Visual Arts",,"https://www.usnews.com/best-colleges/school-of-visual-arts","#115","115","2026","north","1188",,"regional-universities-north","usnews.com","NY","53400","school-of-visual-arts","10010"
"78","15",,,"Bowie","public",,,"5136","3.2","2062","true","true","true","Bowie State University",,"https://www.usnews.com/best-colleges/bowie-state-university","#116","116","2026","north","770",,"regional-universities-north","usnews.com","MD","20464","bowie-state-university","20715"
"81",,,,"Pittsburgh","private",,,"1828","3.3","3987","false","true","true","La Roche University",,"https://www.usnews.com/best-colleges/la-roche-university","#116","116","2026","north","940",,"regional-universities-north","usnews.com","PA","35684","la-roche-university","15237"
"93","23",,,"Newton","private",,,"1293","3.3","2158","false","true","true","Lasell University",,"https://www.usnews.com/best-colleges/lasell-university","#116","116","2026","north","1048",,"regional-universities-north","usnews.com","MA","28392","lasell-university","02466"
"66",,,,"Lincoln University","public",,,"1545","3.1","3290","true","true","true","Lincoln University",,"https://www.usnews.com/best-colleges/lincoln-university","#116","116","2026","north","820",,"regional-universities-north","usnews.com","PA","19394","lincoln-university","19352"
"86",,,,"Dobbs Ferry","private",,,"6775","3.3","2772","false","true","true","Mercy University",,"https://www.usnews.com/best-colleges/mercy-university","#116","116","2026","north",,,"regional-universities-north","usnews.com","NY","23650","mercy-university","10522"
"66",,,,"Bayamon","private",,,"617",,"5022","false","true","true","Bayamon Central University",,"https://www.usnews.com/best-colleges/bayamon-central-university","#117","117","2026","south",,,"regional-universities-south","usnews.com","PR","5986","bayamon-central-university","00960"
"75",,,,"Virginia Beach","proprietary",,,"11385",,"25354","false","true","true","ECPI University",,"https://www.usnews.com/best-colleges/ecpi-university","#117","117","2026","south",,,"regional-universities-south","usnews.com","VA","18484","ecpi-university","23462"
"70",,,,"San Juan","private",,,"2844",,"3940","false","true","true","Inter American University of Puerto Rico--Metropolitan Campus",,"https://www.usnews.com/best-colleges/inter-american-university-of-puerto-rico-metropolitan-campus","#117","117","2026","south",,,"regional-universities-south","usnews.com","PR","5780","inter-american-university-of-puerto-rico-metropolitan-campus","00919"
"92","13",,,"Itta Bena","public",,,"2005",,"2424","true","true","true","Mississippi Valley State University",,"https://www.usnews.com/best-colleges/mississippi-valley-state-university","#117","117","2026","south",,,"regional-universities-south","usnews.com","MS","7692","mississippi-valley-state-university","38941"
"74",,,,"Wichita","private",,,"2398",,"1939","false","true","true","Newman University",,"https://www.usnews.com/best-colleges/newman-university","#118","118","2026","midwest",,,"regional-universities-midwest","usnews.com","KS","35500","newman-university","67213"
"98","17",,,"Kenosha","public",,,"3207","3.1","5015","true","true","true","University of Wisconsin--Parkside",,"https://www.usnews.com/best-colleges/university-of-wisconsin-parkside","#118","118","2026","midwest","1045",,"regional-universities-midwest","usnews.com","WI","17429","university-of-wisconsin-parkside","53141"
"88","16",,,"Kansas City","private",,,"1335","3.2","2449","false","true","true","Avila University",,"https://www.usnews.com/best-colleges/avila-university","#120","120","2026","midwest","800",,"regional-universities-midwest","usnews.com","MO","41540","avila-university","64145"
"86","21",,"2","Kokomo","public",,,"2705","3.2","1814","true","true","true","Indiana University--Kokomo",,"https://www.usnews.com/best-colleges/indiana-university-kokomo","#120","120","2026","midwest","960",,"regional-universities-midwest","usnews.com","IN","23032","indiana-university-kokomo","46904"
"72","20",,,"Watertown","private",,,"735","3.6","23172","false","true","true","Maranatha Baptist University",,"https://www.usnews.com/best-colleges/maranatha-baptist-university","#120","120","2026","midwest","930",,"regional-universities-midwest","usnews.com","WI","22600","maranatha-baptist-university","53094"
"71",,,,"Sioux City","private",,,"1177",,"1879","false","true","true","Morningside University",,"https://www.usnews.com/best-colleges/morningside-university","#120","120","2026","midwest",,,"regional-universities-midwest","usnews.com","IA","39660","morningside-university","51106"
"93",,,"2.1","Bloomsburg","public",,,"9847","3.5","436986","true","true","true","Commonwealth University of Pennsylvania",,"https://www.usnews.com/best-colleges/commonwealth-university-of-pennsylvania","#121","121","2026","north","990",,"regional-universities-north","usnews.com","PA","23711","commonwealth-university-of-pennsylvania","17815"
"47","19",,"2.3","Dover","public",,,"4581","3.1","1428","true","true","true","Delaware State University",,"https://www.usnews.com/best-colleges/delaware-state-university","#121","121","2026","north","800",,"regional-universities-north","usnews.com","DE","21206","delaware-state-university","19901"
"95","20",,,"Lodi","private",,,"1870",,"2610","false","true","true","Felician University",,"https://www.usnews.com/best-colleges/felician-university","#121","121","2026","north","890",,"regional-universities-north","usnews.com","NJ","40840","felician-university","07644"
"81",,,,"Dudley","private",,,"1163",,"2197","false","true","true","Nichols College",,"https://www.usnews.com/best-colleges/nichols-college","#121","121","2026","north","1028",,"regional-universities-north","usnews.com","MA","45115","nichols-college","01571"
"71",,,,"Morristown","private",,,"670",,"2600","false","true","true","Saint Elizabeth University",,"https://www.usnews.com/best-colleges/saint-elizabeth-university","#121","121","2026","north",,,"regional-universities-north","usnews.com","NJ","36741","saint-elizabeth-university","07960"
"93",,,,"Sparkill","private",,,"1889","2.9","2832","false","true","true","St. Thomas Aquinas College",,"https://www.usnews.com/best-colleges/st-thomas-aquinas","#121","121","2026","north","880",,"regional-universities-north","usnews.com","NY","41100","st-thomas-aquinas","10976"
"90","19",,,"Waynesburg","private",,,"1030","3.5","3391","false","true","true","Waynesburg University",,"https://www.usnews.com/best-colleges/waynesburg","#121","121","2026","north","930",,"regional-universities-north","usnews.com","PA","31350","waynesburg","15370"
"98",,,,"Grand Rapids","private",,,"3833",,"2249","false","true","true","Davenport University",,"https://www.usnews.com/best-colleges/davenport-university","#124","124","2026","midwest",,,"regional-universities-midwest","usnews.com","MI","24466","davenport-university","49512"
"55","15",,,"Wichita","private",,,"1460",,"1918","false","true","true","Friends University",,"https://www.usnews.com/best-colleges/friends-university","#124","124","2026","midwest","960",,"regional-universities-midwest","usnews.com","KS","34192","friends-university","67213"
"57","22",,,"Saint Charles","private",,,"4663","3.4","2480","false","true","true","Lindenwood University",,"https://www.usnews.com/best-colleges/lindenwood-university","#124","124","2026","midwest",,,"regional-universities-midwest","usnews.com","MO","22794","lindenwood-university","63301"
"74",,,,"Sylvania","private",,,"827",,"3069","false","true","true","Lourdes University",,"https://www.usnews.com/best-colleges/lourdes-college","#124","124","2026","midwest",,,"regional-universities-midwest","usnews.com","OH","29500","lourdes-college","43560"
"88",,,,"Jamestown","private",,"2","1049","3.2","2990","false","true","true","University of Jamestown",,"https://www.usnews.com/best-colleges/jamestown-college","#124","124","2026","midwest",,,"regional-universities-midwest","usnews.com","ND","25490","jamestown-college","58405"
"74",,,,"Philadelphia","private",,,"972",,"3245","false","true","true","Chestnut Hill College",,"https://www.usnews.com/best-colleges/chestnut-hill-college","#128","128","2026","north",,,"regional-universities-north","usnews.com","PA","39870","chestnut-hill-college","19118"
"85",,,,"Wilmington","private",,,"697","3.2","1429","false","true","true","Goldey-Beacom College",,"https://www.usnews.com/best-colleges/goldeybeacom-college","#128","128","2026","north",,,"regional-universities-north","usnews.com","DE","17160","goldeybeacom-college","19808"
"68",,,,"Keuka Park","private",,,"966","3.4","2744","false","true","true","Keuka College",,"https://www.usnews.com/best-colleges/keuka-college","#128","128","2026","north",,,"regional-universities-north","usnews.com","NY","40906","keuka-college","14478"
"81",,,,"Aston","private",,,"1658","3.2","3988","false","true","true","Neumann University",,"https://www.usnews.com/best-colleges/neumann-university","#128","128","2026","north","848",,"regional-universities-north","usnews.com","PA","40562","neumann-university","19014"
"79","24",,"2.2","Portland","public",,"2.3","5520",,"9762","true","true","true","University of Southern Maine",,"https://www.usnews.com/best-colleges/university-of-southern-maine","#128","128","2026","north","990",,"regional-universities-north","usnews.com","ME","27944","university-of-southern-maine","04104"
"93",,,,"River Forest","private",,,"1327","3.1","1666","false","true","false","Concordia University Chicago",,"https://www.usnews.com/best-colleges/concordia-university-chicago","#129","129","2026","midwest",,,"regional-universities-midwest","usnews.com","IL","38798","concordia-university-chicago","60305"
"93","18",,,"Rockford","private",,,"981","3.1","1748","false","true","false","Rockford University",,"https://www.usnews.com/best-colleges/rockford-university","#130","130","2026","midwest","820",,"regional-universities-midwest","usnews.com","IL","39690","rockford-university","61108"
"81",,,,"Lamoni","private",,,"802","3.1","1866","false","true","true","Graceland University",,"https://www.usnews.com/best-colleges/graceland-university","#131","131","2026","midwest",,,"regional-universities-midwest","usnews.com","IA","22040","graceland-university","50140"
"84","21",,"2","South Bend","public",,,"4083","3.1","1816","true","true","true","Indiana University--South Bend",,"https://www.usnews.com/best-colleges/indiana-university-south-bend","#131","131","2026","midwest","950",,"regional-universities-midwest","usnews.com","IN","23032","indiana-university-south-bend","46634"
"85",,,,"Longmeadow","private",,,"1177",,"2122","false","true","true","Bay Path University",,"https://www.usnews.com/best-colleges/bay-path","#133","133","2026","north","1010",,"regional-universities-north","usnews.com","MA","38302","bay-path","01106"
"75",,,,"Chicago","private",,,"5422","3.5","1665","false","true","true","Columbia College Chicago",,"https://www.usnews.com/best-colleges/columbia-college-chicago","#133","133","2026","midwest",,,"regional-universities-midwest","usnews.com","IL","35732","columbia-college-chicago","60605"
"100","16",,,"St Joseph","public",,,"3494","3.1","2490","true","true","true","Missouri Western State University",,"https://www.usnews.com/best-colleges/missouri-western-state-university","#133","133","2026","midwest",,,"regional-universities-midwest","usnews.com","MO","20310","missouri-western-state-university","64507"
"97","25",,"2.5","Erie","public",,"2.6","3276","3.5","3333","true","true","true","Pennsylvania State University -- Behrend",,"https://www.usnews.com/best-colleges/pennsylvania-state-university---behrend","#133","133","2026","north","1120",,"regional-universities-north","usnews.com","PA","26958","pennsylvania-state-university---behrend","16563"
"74",,,,"Buffalo","public",,,"5205","3.1","2842","true","true","true","SUNY Buffalo State University",,"https://www.usnews.com/best-colleges/suny-buffalo-state-university","#133","133","2026","north","990",,"regional-universities-north","usnews.com","NY","20273","suny-buffalo-state-university","14222"
"62",,,,"St. Bonifacius","private",,,"1523",,"2383","false","true","true","Crown College",,"https://www.usnews.com/best-colleges/crown-college","#135","135","2026","midwest",,,"regional-universities-midwest","usnews.com","MN","31410","crown-college","55375"
"84","20",,,"New Albany","public",,,"3276","3.3","1817","true","true","true","Indiana University Southeast",,"https://www.usnews.com/best-colleges/indiana-university-southeast","#135","135","2026","midwest","970",,"regional-universities-midwest","usnews.com","IN","23032","indiana-university-southeast","47150"
"78","18",,,"Superior","public",,,"2027","3.2","3925","true","true","true","University of Wisconsin--Superior",,"https://www.usnews.com/best-colleges/university-of-wisconsin-superior","#135","135","2026","midwest","1178",,"regional-universities-midwest","usnews.com","WI","16728","university-of-wisconsin-superior","54880"
"93","23",,,"Doylestown","private",,,"1768","3.4","3252","false","true","true","Delaware Valley University",,"https://www.usnews.com/best-colleges/delaware-valley-university","#136","136","2026","north","1078",,"regional-universities-north","usnews.com","PA","46190","delaware-valley-university","18901"
"86","22",,,"East Stroudsburg","public",,,"4894","3.2","3320","true","true","true","East Stroudsburg University",,"https://www.usnews.com/best-colleges/east-stroudsburg-university","#136","136","2026","north","1000",,"regional-universities-north","usnews.com","PA","18952","east-stroudsburg-university","18301"
"94","17",,,"California","public",,"2.1","7586","3.4","664059","true","true","true","Pennsylvania Western University",,"https://www.usnews.com/best-colleges/pennsylvania-western-university","#136","136","2026","north","940",,"regional-universities-north","usnews.com","PA","14978","pennsylvania-western-university","15419"
"97","17",,,"Joplin","public",,,"3881","3.5","2488","true","true","true","Missouri Southern State University",,"https://www.usnews.com/best-colleges/missouri-southern-state-university","#138","138","2026","midwest","1150",,"regional-universities-midwest","usnews.com","MO","18900","missouri-southern-state-university","64801"
"80","15",,,"Tiffin","private",,,"2842","3.2","3121","false","true","true","Tiffin University",,"https://www.usnews.com/best-colleges/tiffin-university","#138","138","2026","midwest","910",,"regional-universities-midwest","usnews.com","OH","35400","tiffin-university","44883"
"83",,,,"Nashua","private",,,"1335",,"2586","false","true","false","Rivier University",,"https://www.usnews.com/best-colleges/rivier-university","#139","139","2026","north","1055",,"regional-universities-north","usnews.com","NH","39488","rivier-university","03060"
"88",,,,"Langhorne","private",,,"855",,"3351","false","true","true","Cairn University",,"https://www.usnews.com/best-colleges/philadelphia-biblical","#140","140","2026","north","1000",,"regional-universities-north","usnews.com","PA","34009","philadelphia-biblical","19047"
,,,,"Chadron","public",,,"1785",,"2539","true","true","false","Chadron State College",,"https://www.usnews.com/best-colleges/chadron-state-college","#140","140","2026","midwest",,,"regional-universities-midwest","usnews.com","NE","8290","chadron-state-college","69337"
"88",,,,"Milton","private",,,"1818",,"2143","false","true","true","Curry College",,"https://www.usnews.com/best-colleges/curry-college","#140","140","2026","north","1050",,"regional-universities-north","usnews.com","MA","47970","curry-college","02186"
"88",,,,"Plymouth","public",,,"3182","3.2","2591","true","true","true","Plymouth State University",,"https://www.usnews.com/best-colleges/plymouth-state-university","#140","140","2026","north",,,"regional-universities-north","usnews.com","NH","26218","plymouth-state-university","03264"
"100",,,,"Washington","private",,,"1604",,"1460","false","true","true","Trinity Washington University",,"https://www.usnews.com/best-colleges/trinity-washington-university","#140","140","2026","north",,,"regional-universities-north","usnews.com","DC","26610","trinity-washington-university","20017"
"70","18",,,"Fort Wayne","private",,"2.2","1441","3.2","1805","false","true","true","Indiana Tech",,"https://www.usnews.com/best-colleges/indiana-tech","#141","141","2026","midwest","875",,"regional-universities-midwest","usnews.com","IN","32459","indiana-tech","46803"
"73","18",,,"Gary","public",,,"2778","3.1","1815","true","true","true","Indiana University Northwest",,"https://www.usnews.com/best-colleges/indiana-university-northwest","#141","141","2026","midwest","910",,"regional-universities-midwest","usnews.com","IN","23032","indiana-university-northwest","46408"
"96","18",,,"Spearfish","public",,,"3279",,"3459","true","true","true","Black Hills State University",,"https://www.usnews.com/best-colleges/black-hills-state","#143","143","2026","midwest","965",,"regional-universities-midwest","usnews.com","SD","11866","black-hills-state","57799"
"66","17",,,"Fremont","private",,,"1333",,"2553","false","true","true","Midland University",,"https://www.usnews.com/best-colleges/midland-university","#143","143","2026","midwest","963",,"regional-universities-midwest","usnews.com","NE","42050","midland-university","68025"
"64",,,,"Jamaica","public",,,"5917","3","4759","true","true","false","York College--CUNY",,"https://www.usnews.com/best-colleges/york-college-cuny","#144","144","2026","north","790",,"regional-universities-north","usnews.com","NY","19028","york-college-cuny","11451"
"67",,,,"Washington","public",,"2.7","3610",,"29100","true","true","false","University of the District of Columbia",,"https://www.usnews.com/best-colleges/udc","#145","145","2026","north",,,"regional-universities-north","usnews.com","DC","16690","udc","20008"
"91",,,,"St. Davids","private",,,"2500","3.2","3259","false","true","true","Eastern University",,"https://www.usnews.com/best-colleges/eastern-university","#146","146","2026","north",,,"regional-universities-north","usnews.com","PA","40116","eastern-university","19087"
"56",,,,"Lancaster","private",,,"1778",,"3285","false","true","true","Lancaster Bible College",,"https://www.usnews.com/best-colleges/lancaster-bible-college","#146","146","2026","north","1070",,"regional-universities-north","usnews.com","PA","29990","lancaster-bible-college","17601"
"98",,,,"Jersey City","public",,,"3871","2.9","2613","true","true","true","New Jersey City University",,"https://www.usnews.com/best-colleges/new-jersey-city-university","#146","146","2026","north",,,"regional-universities-north","usnews.com","NJ","14460","new-jersey-city-university","07305"
"82",,,,"Johnson","public",,,"4104","3","3688","true","true","true","Vermont State University",,"https://www.usnews.com/best-colleges/vermont-state-university","#146","146","2026","north",,,"regional-universities-north","usnews.com","VT",,"vermont-state-university","05656"
,,,,"San Francisco","proprietary",,,"4191",,"7531","false","false","false","Academy of Art University",,"https://www.usnews.com/best-colleges/academy-of-art-university","#105-115","-1","2026","west",,,"regional-universities-west","usnews.com","CA","30736","academy-of-art-university","94105"
"98","15",,,"Montgomery","public",,,"3521","3.1","1005","true","false","false","Alabama State University",,"https://www.usnews.com/best-colleges/alabama-state-university","#395-434","-1","2026",,"749",,"national-universities","usnews.com","AL","19396","alabama-state-university","36101"
"73",,,,"Columbia","private",,,"635",,"3417","false","false","false","Allen University",,"https://www.usnews.com/best-colleges/allen-university","#183-201","-1","2026",,,,"national-liberal-arts-colleges","usnews.com","SC","14304","allen-university","29204"
"100",,,,"Springfield","private",,,"1331",,"2114","false","false","false","American International College",,"https://www.usnews.com/best-colleges/american-international-college","#395-434","-1","2026",,,,"national-universities","usnews.com","MA","44230","american-international-college","01109"
"50",,,,"Paxton","private",,,"995",,"2117","false","false","false","Anna Maria College",,"https://www.usnews.com/best-colleges/anna-maria-college","#150-164","-1","2026","north",,,"regional-universities-north","usnews.com","MA","44571","anna-maria-college","01612"
"89",,,,"Yellow Springs","private",,,"124",,"8795","false","false","false","Antioch College",,"https://www.usnews.com/best-colleges/antioch-college","#183-201","-1","2026",,,,"national-liberal-arts-colleges","usnews.com","OH",,"antioch-college","45387"
,,,,"Little Rock","private",,,"373",,"1087","false","false","false","Arkansas Baptist College",,"https://www.usnews.com/best-colleges/arkansas-baptist-college","#87-96","-1","2026","south",,,"regional-colleges-south","usnews.com","AR","8760","arkansas-baptist-college","72202"
"82",,,,"Owosso","private",,"2","3572",,"4673","false","false","false","Baker College",,"https://www.usnews.com/best-colleges/baker-college","#145-160","-1","2026","midwest","960",,"regional-universities-midwest","usnews.com","MI","13000","baker-college","48867"
"77","17",,,"Miami Shores","private",,,"3232","3.2","1466","false","false","false","Barry University",,"https://www.usnews.com/best-colleges/barry-university","#395-434","-1","2026",,"900",,"national-universities","usnews.com","FL","35600","barry-university","33161"
"50","18",,,"Jackson","private",,,"1614",,"2397","false","false","false","Belhaven University",,"https://www.usnews.com/best-colleges/belhaven","#395-434","-1","2026",,"1035",,"national-universities","usnews.com","MS","31470","belhaven","39202"
,,,,"Bellevue","private",,,"11096",,"9743","false","false","false","Bellevue University",,"https://www.usnews.com/best-colleges/bellevue-university","#145-160","-1","2026","midwest",,,"regional-universities-midwest","usnews.com","NE","9903","bellevue-university","68005"
"51",,,,"Greensboro","private",,,"195",,"2911","false","false","false","Bennett College",,"https://www.usnews.com/best-colleges/bennett-college","#183-201","-1","2026",,"820",,"national-liberal-arts-colleges","usnews.com","NC","19140","bennett-college","27401"
"98",,,,"Woodland Park","proprietary",,,"1907","2.6","183789","false","false","false","Berkeley College",,"https://www.usnews.com/best-colleges/berkeley-college","#150-164","-1","2026","north",,,"regional-universities-north","usnews.com","NJ","30880","berkeley-college","07424"
"59",,,,"Bethany","private",,,"645",,"3808","false","false","false","Bethany College",,"https://www.usnews.com/best-colleges/bethany-college","#183-201","-1","2026",,,,"national-liberal-arts-colleges","usnews.com","WV","36765","bethany-college","26032"
"60","15",,,"McKenzie","private",,,"2674","3.1","3480","false","false","false","Bethel University",,"https://www.usnews.com/best-colleges/bethel-university","#121-133","-1","2026","south","900",,"regional-universities-south","usnews.com","TN",,"bethel-university","38201"
"88",,,,"Daytona Beach","private",,"2","2739","3.3","1467","false","false","false","Bethune-Cookman University",,"https://www.usnews.com/best-colleges/bethunecookman-university","#183-201","-1","2026",,"830",,"national-liberal-arts-colleges","usnews.com","FL","14794","bethunecookman-university","32114"
"59",,,,"Bluefield","private",,,"694",,"3703","false","false","false","Bluefield University",,"https://www.usnews.com/best-colleges/bluefield-university","#121-133","-1","2026","south",,,"regional-universities-south","usnews.com","VA","26770","bluefield-university","24605"
"88","18",,,"Gainesville","private",,,"1273","3.4","1556","false","false","false","Brenau University",,"https://www.usnews.com/best-colleges/brenau-university","#395-434","-1","2026",,"930",,"national-universities","usnews.com","GA","35520","brenau-university","30501"
"96",,,,"Mount Vernon","private",,,"1234",,"1557","false","false","false","Brewton-Parker College",,"https://www.usnews.com/best-colleges/brewtonparker-college","#87-96","-1","2026","south",,,"regional-colleges-south","usnews.com","GA","20520","brewtonparker-college","30445"
"59","16",,,"Whiting","private",,,"530","2.7","1834","false","false","false","Calumet College of St. Joseph",,"https://www.usnews.com/best-colleges/calumet-college-of-st-joseph","#145-160","-1","2026","midwest","770",,"regional-universities-midwest","usnews.com","IN","24110","calumet-college-of-st-joseph","46394"
,,,,"Bayamon","private",,"2.1","669",,"12525","false","false","false","Caribbean University",,"https://www.usnews.com/best-colleges/caribbean-university","#121-133","-1","2026","south",,,"regional-universities-south","usnews.com","PR","8844","caribbean-university","00960"
,,,,,"private",,,"127",,"421606","false","false","false","Caribbean University--Carolina",,"https://www.usnews.com/best-colleges/caribbean-university-carolina","#87-96","-1","2026","south",,,"regional-colleges-south","usnews.com","PR","8844","caribbean-university-carolina",
,,,,,"private",,,"438",,"875850","false","false","false","Caribbean University--Ponce",,"https://www.usnews.com/best-colleges/caribbean-university-ponce","#87-96","-1","2026","south",,,"regional-colleges-south","usnews.com","PR","8844","caribbean-university-ponce",
"51",,,,"McPherson","private",,,"454","3.2","1908","false","false","false","Central Christian College of Kansas",,"https://www.usnews.com/best-colleges/central-christian-college-of-kansas","#73-80","-1","2026","midwest",,,"regional-colleges-midwest","usnews.com","KS","31500","central-christian-college-of-kansas","67460"
,,,,"Cheyney","public",,,"724",,"3317","true","false","false","Cheyney University of Pennsylvania",,"https://www.usnews.com/best-colleges/cheyney-university","#183-201","-1","2026",,,,"national-liberal-arts-colleges","usnews.com","PA","18870","cheyney-university","19319"
"43",,,,"Chicago","public",,,"1495",,"1694","true","false","false","Chicago State University",,"https://www.usnews.com/best-colleges/chicago-state-university","#145-160","-1","2026","midwest",,,"regional-universities-midwest","usnews.com","IL","12754","chicago-state-university","60628"
"75",,,,"San Juan","public",,,"542",,"667011","true","false","false","Colegio Universitario de San Juan",,"https://www.usnews.com/best-colleges/colegio-universitario-de-san-juan","#87-96","-1","2026","south",,,"regional-colleges-south","usnews.com","PR","2580","colegio-universitario-de-san-juan",
"95",,,,"White Plains","proprietary",,,"759",,"666973","false","false","false","The College of Westchester",,"https://www.usnews.com/best-colleges/college-of-westchester","#51-56","-1","2026","north",,,"regional-colleges-north","usnews.com","NY","25191","college-of-westchester","10606"
,,,,"Colorado Springs","proprietary",,"2.4","26114",,"10148","false","false","false","Colorado Technical University",,"https://www.usnews.com/best-colleges/colorado-technical-university","#395-434","-1","2026",,,,"national-universities","usnews.com","CO","12750","colorado-technical-university","80907"
,,,,"Columbia","private",,,"5633",,"2456","false","false","false","Columbia College",,"https://www.usnews.com/best-colleges/columbia-college","#145-160","-1","2026","midwest",,,"regional-universities-midwest","usnews.com","MO","25826","columbia-college","65216"
"46",,,,"Baltimore","public",,,"1907",,"2068","true","false","false","Coppin State University",,"https://www.usnews.com/best-colleges/coppin-state-university","#150-164","-1","2026","north","880",,"regional-universities-north","usnews.com","MD","14023","coppin-state-university","21216"
,,,,"Swainsboro","public",,,"1756",,"666964","true","false","false","East Georgia State College",,"https://www.usnews.com/best-colleges/east-georgia-state-college","#87-96","-1","2026","south",,,"regional-colleges-south","usnews.com","GA","9860","east-georgia-state-college","30401"
,,,,"Chicago","private",,,"528",,"21686","false","false","false","East-West University",,"https://www.usnews.com/best-colleges/eastwest-university","#183-201","-1","2026",,,,"national-liberal-arts-colleges","usnews.com","IL","25395","eastwest-university","60605"
"61",,,,"San Juan","private",,,"1269",,"667012","false","false","false","EDP University of Puerto Rico Inc--San Juan",,"https://www.usnews.com/best-colleges/edp-university-of-puerto-rico-inc-san-juan","#87-96","-1","2026","south",,,"regional-colleges-south","usnews.com","PR","14125","edp-university-of-puerto-rico-inc-san-juan","00919"
"71",,,,"Boston","private",,,"1384",,"2150","false","false","false","Fisher College",,"https://www.usnews.com/best-colleges/fisher-college","#51-56","-1","2026","north",,,"regional-colleges-north","usnews.com","MA","35689","fisher-college","02116"
"93",,,,"Rindge","private",,,"1058",,"2575","false","false","false","Franklin Pierce University",,"https://www.usnews.com/best-colleges/franklin-pierce-university","#150-164","-1","2026","north","1057",,"regional-universities-north","usnews.com","NH","46442","franklin-pierce-university","03461"
,,,,"Columbus","private",,,"5815",,"3046","false","false","false","Franklin University",,"https://www.usnews.com/best-colleges/franklin-university","#145-160","-1","2026","midwest",,,"regional-universities-midwest","usnews.com","OH","9577","franklin-university","43215"
"86","15",,,"Barnesville","public",,,"3129",,"1575","true","false","false","Gordon State College",,"https://www.usnews.com/best-colleges/gordon-state-college","#87-96","-1","2026","south","890",,"regional-colleges-south","usnews.com","GA","10948","gordon-state-college","30204"
"48",,,,"University Park","public",,,"2573","3.5","9145","true","false","false","Governors State University",,"https://www.usnews.com/best-colleges/governors-state-university","#145-160","-1","2026","midwest",,,"regional-universities-midwest","usnews.com","IL","15806","governors-state-university","60484"
"79","20",,,"Phoenix","proprietary",,"2.1","70929",,"1074","false","false","false","Grand Canyon University",,"https://www.usnews.com/best-colleges/grand-canyon-university","#395-434","-1","2026",,"1006",,"national-universities","usnews.com","AZ","17850","grand-canyon-university","85017"
,,,,"Elko","public",,,"2936",,"6977","true","false","false","Great Basin College",,"https://www.usnews.com/best-colleges/great-basin-college","#38-41","-1","2026","west",,,"regional-colleges-west","usnews.com","NV","13883","great-basin-college","89801"
"87","19",,,"Abilene","private",,,"1291","3.6","3571","false","false","false","Hardin-Simmons University",,"https://www.usnews.com/best-colleges/hardinsimmons-university","#395-434","-1","2026",,"1010",,"national-universities","usnews.com","TX","34260","hardinsimmons-university","79698"
"87",,,,"Harrisburg","private",,,"706","3.3","39483","false","false","false","Harrisburg University of Science and Technology",,"https://www.usnews.com/best-colleges/harrisburg-university-of-science-and-technology","#150-164","-1","2026","north",,,"regional-universities-north","usnews.com","PA","25100","harrisburg-university-of-science-and-technology","17101"
"57",,,,"Skokie","private",,,"197",,"1685","false","false","false","Hebrew Theological College",,"https://www.usnews.com/best-colleges/hebrew-theological-college","#183-201","-1","2026",,,,"national-liberal-arts-colleges","usnews.com","IL","15150","hebrew-theological-college","60077"
"94",,,,"Madison","private",,,"2181",,"9621","false","false","false","Herzing University",,"https://www.usnews.com/best-colleges/herzing-college","#145-160","-1","2026","midwest",,,"regional-universities-midwest","usnews.com","WI","13450","herzing-college","53718"
"94",,,,"Atlanta","private",,,"499",,"415197","false","false","false","Herzing University-Atlanta",,"https://www.usnews.com/best-colleges/herzing-universityatlanta","#87-96","-1","2026","south",,,"regional-colleges-south","usnews.com","GA","13450","herzing-universityatlanta",
"75",,,,"Notre Dame","private",,,"547",,"7263","false","false","false","Holy Cross College at Notre Dame, Indiana",,"https://www.usnews.com/best-colleges/holy-cross-college","#183-201","-1","2026",,,,"national-liberal-arts-colleges","usnews.com","IN","36600","holy-cross-college","46556"
"33",,,,"Fullerton","private",,,"564","3.4","1252","false","false","false","Hope International University",,"https://www.usnews.com/best-colleges/hope-international-university","#105-115","-1","2026","west","840",,"regional-universities-west","usnews.com","CA","38650","hope-international-university","92831"
,,,"2.6","Pocatello","public",,"2","10406",,"1620","true","false","false","Idaho State University",,"https://www.usnews.com/best-colleges/idaho-state-university","#395-434","-1","2026",,,,"national-universities","usnews.com","ID","27720","idaho-state-university","83209"
"42",,,,"Aguadilla","private",,,"3090",,"3939","false","false","false","Inter American University of Puerto Rico--Aguadilla",,"https://www.usnews.com/best-colleges/inter-american-university-of-puerto-rico-aguadilla","#121-133","-1","2026","south",,,"regional-universities-south","usnews.com","PR","5742","inter-american-university-of-puerto-rico-aguadilla","00605"
"38",,,,"Arecibo","private",,,"2463",,"5026","false","false","false","Inter American University of Puerto Rico--Arecibo",,"https://www.usnews.com/best-colleges/inter-american-university-of-puerto-rico-arecibo","#121-133","-1","2026","south",,,"regional-universities-south","usnews.com","PR","5780","inter-american-university-of-puerto-rico-arecibo","00614"
"75","21",,,"Wake Forest","private",,,"758",,"666974","false","false","false","Judson College at Southeastern",,"https://www.usnews.com/best-colleges/judson-college-at-southeastern","#395-434","-1","2026",,"1000",,"national-universities","usnews.com","NC","11318","judson-college-at-southeastern","27587"
,,,,,"public",,,"1762",,"148917","true","false","false","Kent State University at Ashtabula",,"https://www.usnews.com/best-colleges/kent-state-university-at-ashtabula","#73-80","-1","2026","midwest",,,"regional-colleges-midwest","usnews.com","OH","17342","kent-state-university-at-ashtabula",
,,,,,"public",,,"1463",,"273454","true","false","false","Kent State University at Salem",,"https://www.usnews.com/best-colleges/kent-state-university-at-salem","#73-80","-1","2026","midwest",,,"regional-colleges-midwest","usnews.com","OH","17342","kent-state-university-at-salem",
,,,,,"public",,,"3423",,"490136","true","false","false","Kent State University at Stark",,"https://www.usnews.com/best-colleges/kent-state-university-at-stark","#73-80","-1","2026","midwest",,,"regional-colleges-midwest","usnews.com","OH","17342","kent-state-university-at-stark",
,,,,,"public",,,"2029",,"770760","true","false","false","Kent State University at Trumbull",,"https://www.usnews.com/best-colleges/kent-state-university-at-trumbull","#73-80","-1","2026","midwest",,,"regional-colleges-midwest","usnews.com","OH","17342","kent-state-university-at-trumbull",
,,,,,"public",,,"1885",,"965102","true","false","false","Kent State University at Tuscarawas",,"https://www.usnews.com/best-colleges/kent-state-university-at-tuscarawas","#73-80","-1","2026","midwest",,,"regional-colleges-midwest","usnews.com","OH","17342","kent-state-university-at-tuscarawas",
"85","17",,,"La Plume","private",,,"894","3.1","3280","false","false","false","Keystone College",,"https://www.usnews.com/best-colleges/keystone-college","#51-56","-1","2026","north","940",,"regional-colleges-north","usnews.com","PA","18300","keystone-college","18440"
"70",,,,"Painesville","private",,,"744",,"3066","false","false","false","Lake Erie College",,"https://www.usnews.com/best-colleges/lake-erie-college","#145-160","-1","2026","midwest",,,"regional-universities-midwest","usnews.com","OH","37634","lake-erie-college","44077"
"86","18",,,"Beaumont","public",,,"8218","3.4","3581","true","false","false","Lamar University",,"https://www.usnews.com/best-colleges/lamar-university","#395-434","-1","2026",,"930",,"national-universities","usnews.com","TX","23044","lamar-university","77710"
,,,,"Jackson","private",,,"822",,"3499","false","false","false","Lane College",,"https://www.usnews.com/best-colleges/lane-college","#183-201","-1","2026",,,,"national-liberal-arts-colleges","usnews.com","TN","11790","lane-college","38301"
,,,,"Langston","public",,,"1743",,"3157","true","false","false","Langston University",,"https://www.usnews.com/best-colleges/langston-university","#105-115","-1","2026","west",,,"regional-universities-west","usnews.com","OK","14616","langston-university","73050"
"99","21",,,"Lynchburg","private",,"2.2","52961","3.4","10392","false","false","false","Liberty University",,"https://www.usnews.com/best-colleges/liberty-university","#395-434","-1","2026",,"1060",,"national-universities","usnews.com","VA","25860","liberty-university","24502"
"90",,,,"New York","private",,,"430",,"190114","false","false","false","Metropolitan College of New York",,"https://www.usnews.com/best-colleges/metropolitan-college","#150-164","-1","2026","north",,,"regional-universities-north","usnews.com","NY","20188","metropolitan-college","10006"
"92","17",,,"Oklahoma City","private",,,"1636",,"6942","false","false","false","Mid-America Christian University",,"https://www.usnews.com/best-colleges/midamerica-christian-university","#105-115","-1","2026","west",,,"regional-universities-west","usnews.com","OK","21294","midamerica-christian-university","73170"
"69","12",,,"St. Louis","private",,,"4889",,"7540","false","false","false","Missouri Baptist University",,"https://www.usnews.com/best-colleges/missouri-baptist-university","#145-160","-1","2026","midwest",,,"regional-universities-midwest","usnews.com","MO","34612","missouri-baptist-university","63141"
"100",,,,"Boulder","private",,,"368",,"21175","false","false","false","Naropa University",,"https://www.usnews.com/best-colleges/naropa-university","#105-115","-1","2026","west",,,"regional-universities-west","usnews.com","CO","36620","naropa-university","80302"
"95",,,,"Chicago","private",,,"4471",,"1733","false","false","false","National Louis University",,"https://www.usnews.com/best-colleges/national-louis-university","#395-434","-1","2026",,,,"national-universities","usnews.com","IL",,"national-louis-university","60603"
,,,,"Bayamon","proprietary",,,"25900",,"667100","false","false","false","National University College",,"https://www.usnews.com/best-colleges/national-university-college","#121-133","-1","2026","south",,,"regional-universities-south","usnews.com","PR","13853","national-university-college",
"92",,,,"Henniker","private",,,"1032","2.9","2579","false","false","false","New England College",,"https://www.usnews.com/best-colleges/new-england-college","#150-164","-1","2026","north",,,"regional-universities-north","usnews.com","NH","43484","new-england-college","03242"
"74","15",,"2.3","Chicago","public",,,"4226","2.9","1693","true","false","false","Northeastern Illinois University",,"https://www.usnews.com/best-colleges/northeastern-illinois-university","#145-160","-1","2026","midwest","773",,"regional-universities-midwest","usnews.com","IL","23085","northeastern-illinois-university","60625"
"45",,,,"Huntsville","private",,,"1279",,"1033","false","false","false","Oakwood University",,"https://www.usnews.com/best-colleges/oakwood-university","#183-201","-1","2026",,,,"national-liberal-arts-colleges","usnews.com","AL","22512","oakwood-university","35896"
"38",,,,"Circleville","private",,,"1340",,"3030","false","false","false","Ohio Christian University",,"https://www.usnews.com/best-colleges/ohio-christian-university","#145-160","-1","2026","midwest",,,"regional-universities-midwest","usnews.com","OH","24600","ohio-christian-university","43113"
,,,,"Mansfield","public",,,"843",,"3093","true","false","false","Ohio State University--Mansfield",,"https://www.usnews.com/best-colleges/ohio-state-university-mansfield","#73-80","-1","2026","midwest",,,"regional-colleges-midwest","usnews.com","OH","36266","ohio-state-university-mansfield","44906"
,,,,"Newark","public",,,"2422",,"3095","true","false","false","Ohio State University--Newark",,"https://www.usnews.com/best-colleges/ohio-state-university-newark","#73-80","-1","2026","midwest",,,"regional-colleges-midwest","usnews.com","OH","36266","ohio-state-university-newark","43055"
"66",,,,"Bartlesville","private",,,"824",,"3151","false","false","false","Oklahoma Wesleyan University",,"https://www.usnews.com/best-colleges/oklahoma-wesleyan-university","#105-115","-1","2026","west",,,"regional-universities-west","usnews.com","OK","33550","oklahoma-wesleyan-university","74006"
"87",,,,"San Antonio","private",,,"1108","3.5","3598","false","false","false","Our Lady of the Lake University",,"https://www.usnews.com/best-colleges/our-lady-of-the-lake-university","#395-434","-1","2026",,,,"national-universities","usnews.com","TX","32138","our-lady-of-the-lake-university","78207"
,,,,"Parkville","private",,,"5376",,"2498","false","false","false","Park University",,"https://www.usnews.com/best-colleges/park-university","#145-160","-1","2026","midwest",,,"regional-universities-midwest","usnews.com","MO","17500","park-university","64152"
"99","18",,,,"public",,"2.3","1940",,"861542","true","false","false","Pennsylvania State University--Berks",,"https://www.usnews.com/best-colleges/pennsylvania-state-university-berks","#51-56","-1","2026","north","1090",,"regional-colleges-north","usnews.com","PA","26958","pennsylvania-state-university-berks",
"98",,,,,"public",,,"1223",,"123396","true","false","false","Pennsylvania State University--Brandywine",,"https://www.usnews.com/best-colleges/pennsylvania-state-university-brandywine","#183-201","-1","2026",,"1080",,"national-liberal-arts-colleges","usnews.com","PA","25392","pennsylvania-state-university-brandywine",
"98","22",,"2.4","Middletown","public",,"2.6","4047","3.4","6814","true","false","false","Pennsylvania State University--Harrisburg",,"https://www.usnews.com/best-colleges/pennsylvania-state-university-harrisburg","#150-164","-1","2026","north","1120",,"regional-universities-north","usnews.com","PA","27254","pennsylvania-state-university-harrisburg","17057"
"92",,,,,"public",,,"332",,"297953","true","false","false","Pennsylvania State University -- Shenango",,"https://www.usnews.com/best-colleges/pennsylvania-state-university---shenango","#51-56","-1","2026","north",,,"regional-colleges-north","usnews.com","PA","23560","pennsylvania-state-university---shenango",
,,,,"Peru","public",,,"1452",,"2559","true","false","false","Peru State College",,"https://www.usnews.com/best-colleges/peru-state-college","#145-160","-1","2026","midwest",,,"regional-universities-midwest","usnews.com","NE","8640","peru-state-college","68421"
"94",,,,"Arecibo","private",,,"321",,"667004","false","false","false","Pontifical Catholic University of Puerto Rico--Arecibo",,"https://www.usnews.com/best-colleges/pontifical-catholic-university-of-puerto-rico-arecibo","#395-434","-1","2026",,,,"national-universities","usnews.com","PR","6550","pontifical-catholic-university-of-puerto-rico-arecibo","00614"
"92",,,,"Waterbury","proprietary",,,"14120",,"1401","false","false","false","Post University",,"https://www.usnews.com/best-colleges/post-university","#150-164","-1","2026","north",,,"regional-universities-north","usnews.com","CT","16546","post-university","06708"
"97","18",,,"Chicago","private",,,"2857",,"1749","false","false","false","Roosevelt University",,"https://www.usnews.com/best-colleges/roosevelt-university","#395-434","-1","2026",,"895",,"national-universities","usnews.com","IL","21280","roosevelt-university","60605"
"49",,,,"Holly Springs","private",,,"429",,"2433","false","false","false","Rust College",,"https://www.usnews.com/best-colleges/rust-college","#183-201","-1","2026",,,,"national-liberal-arts-colleges","usnews.com","MS","13265","rust-college","38635"
"35",,,,"Raleigh","private",,,"173",,"2968","false","false","false","Saint Augustine's University",,"https://www.usnews.com/best-colleges/saint-augustines-college","#87-96","-1","2026","south",,,"regional-colleges-south","usnews.com","NC",,"saint-augustines-college","27610"
"78",,,,"Saint Leo","private",,,"7603",,"1526","false","false","false","Saint Leo University",,"https://www.usnews.com/best-colleges/saint-leo-university","#395-434","-1","2026",,,,"national-universities","usnews.com","FL","30000","saint-leo-university","33574"
,,,,"Salem","proprietary",,,"695",,"3820","false","false","false","Salem University",,"https://www.usnews.com/best-colleges/salem-university","#121-133","-1","2026","south",,,"regional-universities-south","usnews.com","WV","11900","salem-university","26426"
"96","18",,,"Rome","private",,,"1257",,"1591","false","false","false","Shorter University",,"https://www.usnews.com/best-colleges/shorter-university","#121-133","-1","2026","south","1040",,"regional-universities-south","usnews.com","GA",,"shorter-university","30165"
,,,,"Knoxville","proprietary",,,"8782",,"4938","false","false","false","South College",,"https://www.usnews.com/best-colleges/south-college","#395-434","-1","2026",,,,"national-universities","usnews.com","TN",,"south-college","37909"
"62",,,,"Lakeland","private",,,"10351","3.3","1521","false","false","false","Southeastern University",,"https://www.usnews.com/best-colleges/southeastern-university","#395-434","-1","2026",,,,"national-universities","usnews.com","FL","33740","southeastern-university","33801"
"84",,,,"Manchester","private",,"2.1","2615","3.1","2580","false","false","false","Southern New Hampshire University",,"https://www.usnews.com/best-colleges/southern-new-hampshire-university","#150-164","-1","2026","north",,,"regional-universities-north","usnews.com","NH","18010","southern-new-hampshire-university","03106"
"35","15",,,"Baton Rouge","public",,"2.3","6713","3","9636","true","false","false","Southern University and A&M College",,"https://www.usnews.com/best-colleges/southern-university-and-am-college","#395-434","-1","2026",,"790",,"national-universities","usnews.com","LA","10479","southern-university-and-am-college","70813"
"85","14",,,"New Orleans","public",,,"2179","2.9","2026","true","false","false","Southern University at New Orleans",,"https://www.usnews.com/best-colleges/southern-university-at-new-orleans","#121-133","-1","2026","south","820",,"regional-universities-south","usnews.com","LA","18901","southern-university-at-new-orleans","70126"
"96",,,,"Buena Vista","private",,,"967",,"666980","false","false","false","Southern Virginia University",,"https://www.usnews.com/best-colleges/southern-virginia-university","#183-201","-1","2026",,,,"national-liberal-arts-colleges","usnews.com","VA","21280","southern-virginia-university","24416"
,,,,"McAllen","public",,,"26440",,"31034","true","false","false","South Texas College",,"https://www.usnews.com/best-colleges/south-texas-college","#38-41","-1","2026","west",,,"regional-colleges-west","usnews.com","TX","7620","south-texas-college","78501"
,,,,"Bethany","private",,,"351",,"3180","false","false","false","Southwestern Christian University",,"https://www.usnews.com/best-colleges/southwestern-christian-university","#38-41","-1","2026","west",,,"regional-colleges-west","usnews.com","OK","21900","southwestern-christian-university","73008"
"98",,,,"Miami Gardens","private",,,"4502",,"1468","false","false","false","St. Thomas University",,"https://www.usnews.com/best-colleges/st-thomas-university","#395-434","-1","2026",,,,"national-universities","usnews.com","FL","35771","st-thomas-university","33054"
"66",,,,"Saratoga Springs","public",,,"8395",,"10286","true","false","false","SUNY Empire State University",,"https://www.usnews.com/best-colleges/suny-empire-state-university","#150-164","-1","2026","north",,,"regional-universities-north","usnews.com","NY",,"suny-empire-state-university","12866"
"70","16",,"2.1","Nashville","public",,,"5057","3.4","3522","true","false","false","Tennessee State University",,"https://www.usnews.com/best-colleges/tennessee-state","#395-434","-1","2026",,"880",,"national-universities","usnews.com","TN","22416","tennessee-state","37209"
"89","19",,"2.3","Corpus Christi","public",,"2.6","8320","3.5","11161","true","false","false","Texas A&M University--Corpus Christi",,"https://www.usnews.com/best-colleges/texas-am-university-corpus-christi","#395-434","-1","2026",,"970",,"national-universities","usnews.com","TX","20183","texas-am-university-corpus-christi","78412"
,,,,"Tyler","private",,,"644",,"3638","false","false","false","Texas College",,"https://www.usnews.com/best-colleges/texas-college","#38-41","-1","2026","west",,,"regional-colleges-west","usnews.com","TX","10008","texas-college","75702"
"97","15",,"2","Houston","public",,"2.4","6844","3","3642","true","false","false","Texas Southern University",,"https://www.usnews.com/best-colleges/texas-southern-university","#395-434","-1","2026",,"800",,"national-universities","usnews.com","TX",,"texas-southern-university","77004"
"69",,,,"Fort Worth","private",,,"1910",,"3645","false","false","false","Texas Wesleyan University",,"https://www.usnews.com/best-colleges/texas-wesleyan-university","#395-434","-1","2026",,"1020",,"national-universities","usnews.com","TX","39582","texas-wesleyan-university","76105"
"96",,,,"Waterville","private",,,"1581",,"2052","false","false","false","Thomas College",,"https://www.usnews.com/best-colleges/thomas-college","#150-164","-1","2026","north",,,"regional-universities-north","usnews.com","ME","31824","thomas-college","04901"
"100",,,,"Deerfield","private",,,"140",,"1772","false","false","false","Trinity International University",,"https://www.usnews.com/best-colleges/trinity-international-university","#395-434","-1","2026",,,,"national-universities","usnews.com","IL","12320","trinity-international-university","60015"
,,,,"Unity","private",,,"5655",,"6858","false","false","false","Unity Environmental University",,"https://www.usnews.com/best-colleges/unity-environmental-university","#150-164","-1","2026","north",,,"regional-universities-north","usnews.com","ME","12640","unity-environmental-university","04988"
,,,,"Carolina","private",,,"4498",,"3941","false","false","false","Universidad Ana G. Mendez--Carolina Campus",,"https://www.usnews.com/best-colleges/universidad-ana-g-mendez-carolina-campus","#121-133","-1","2026","south",,,"regional-universities-south","usnews.com","PR","7750","universidad-ana-g-mendez-carolina-campus","00985"
,,,,"Rio Piedras","private",,,"4612",,"25875","false","false","false","Universidad Ana G. Mendez--Cupey Campus",,"https://www.usnews.com/best-colleges/universidad-ana-g-mendez-cupey-campus","#121-133","-1","2026","south",,,"regional-universities-south","usnews.com","PR","7750","universidad-ana-g-mendez-cupey-campus","00928"
,,,,"Gurabo","private",,"2.3","7688",,"11719","false","false","false","Universidad Ana G. Mendez--Gurabo Campus",,"https://www.usnews.com/best-colleges/universidad-ana-g-mendez-gurabo-campus","#395-434","-1","2026",,,,"national-universities","usnews.com","PR","7750","universidad-ana-g-mendez-gurabo-campus","00778"
"89",,,,"Hato Rey","private",,"2.6","3670","3.5","21000","false","false","false","Universidad Politecnica de Puerto Rico",,"https://www.usnews.com/best-colleges/universidad-politecnica-de-puerto-rico","#121-133","-1","2026","south",,,"regional-universities-south","usnews.com","PR","10722","universidad-politecnica-de-puerto-rico","00919"
,,,"2.4","Fairbanks","public",,"2.1","5638",,"1063","true","false","false","University of Alaska Fairbanks",,"https://www.usnews.com/best-colleges/university-of-alaska-fairbanks","#395-434","-1","2026",,,,"national-universities","usnews.com","AK","22320","university-of-alaska-fairbanks","99775"
"63","19",,,"Juneau","public",,,"1768","3.2","1065","true","false","false","University of Alaska--Southeast",,"https://www.usnews.com/best-colleges/university-of-alaska-southeast","#105-115","-1","2026","west","930",,"regional-universities-west","usnews.com","AK","27639","university-of-alaska-southeast","99801"
"83",,,,"Bridgeport","private",,,"1479",,"1416","false","false","false","University of Bridgeport",,"https://www.usnews.com/best-colleges/university-of-bridgeport","#395-434","-1","2026",,,,"national-universities","usnews.com","CT","35760","university-of-bridgeport","06604"
"62",,,,"Charleston","private",,,"2087",,"3818","false","false","false","University of Charleston",,"https://www.usnews.com/best-colleges/university-of-charleston","#395-434","-1","2026",,,,"national-universities","usnews.com","WV","33800","university-of-charleston","25304"
"97","20",,"2.8","Colorado Springs","public",,"2","9398",,"4509","true","false","false","University of Colorado--Colorado Springs",,"https://www.usnews.com/best-colleges/university-of-colorado-colorado-springs","#395-434","-1","2026",,"1010",,"national-universities","usnews.com","CO","24336","university-of-colorado-colorado-springs","80918"
"96","19",,,"Belton","private",,"2.4","3024",,"3588","false","false","false","University of Mary Hardin-Baylor",,"https://www.usnews.com/best-colleges/university-of-mary-hardinbaylor","#395-434","-1","2026",,"960",,"national-universities","usnews.com","TX","32020","university-of-mary-hardinbaylor","76513"
"96","18",,,"Princess Anne","public",,"2.4","2476","2.9","2106","true","false","false","University of Maryland Eastern Shore",,"https://www.usnews.com/best-colleges/university-of-maryland-eastern-shore","#395-434","-1","2026",,"860",,"national-universities","usnews.com","MD",,"university-of-maryland-eastern-shore","21853"
"73","18",,"2.4","New Orleans","public",,,"5418","3","2015","true","false","false","University of New Orleans",,"https://www.usnews.com/best-colleges/university-of-new-orleans","#395-434","-1","2026",,"950",,"national-universities","usnews.com","LA","14190","university-of-new-orleans","70148"
"88","17",,,"Pikeville","private",,,"1572","3.4","1980","false","false","false","University of Pikeville",,"https://www.usnews.com/best-colleges/university-of-pikeville","#395-434","-1","2026",,"770",,"national-universities","usnews.com","KY","25650","university-of-pikeville","41501"
"95","17",,,"Greensburg","public",,,"1305",,"3381","true","false","false","University of Pittsburgh at Greensburg",,"https://www.usnews.com/best-colleges/university-of-pittsburgh-at-greensburg","#183-201","-1","2026",,"1055",,"national-liberal-arts-colleges","usnews.com","PA","26584","university-of-pittsburgh-at-greensburg","15601"
"78","15",,,"Great Falls","private",,,"590","3.3","2527","false","false","false","University of Providence",,"https://www.usnews.com/best-colleges/university-of-providence","#105-115","-1","2026","west",,,"regional-universities-west","usnews.com","MT","31156","university-of-providence","59405"
"66","21",,,"Chickasha","public",,,"1027",,"3167","true","false","false","University of Science and Arts of Oklahoma",,"https://www.usnews.com/best-colleges/university-of-science-and-arts","#183-201","-1","2026",,"1090",,"national-liberal-arts-colleges","usnews.com","OK","19470","university-of-science-and-arts","73018"
"99","17",,,"Williamsburg","private",,,"7612","3","1962","false","false","false","University of the Cumberlands",,"https://www.usnews.com/best-colleges/university-of-the-cumberlands","#395-434","-1","2026",,"908",,"national-universities","usnews.com","KY","9875","university-of-the-cumberlands","40769"
,,,,"Hobbs","private",,,"346",,"2650","false","false","false","University of the Southwest",,"https://www.usnews.com/best-colleges/university-of-the-southwest","#105-115","-1","2026","west",,,"regional-universities-west","usnews.com","NM",,"university-of-the-southwest","88240"
"96","17",,,"Fayette","private",,,"3054",,"1893","false","false","false","Upper Iowa University",,"https://www.usnews.com/best-colleges/upper-iowa-university","#145-160","-1","2026","midwest","970",,"regional-universities-midwest","usnews.com","IA","20000","upper-iowa-university","52142"
"72","16",,"2.1","Valdosta","public",,,"7206","3.4","1599","true","false","false","Valdosta State University",,"https://www.usnews.com/best-colleges/valdosta-state-university","#395-434","-1","2026",,"920",,"national-universities","usnews.com","GA","17836","valdosta-state-university","31698"
"87",,,,"Buffalo","private",,,"545",,"666972","false","false","false","Villa Maria College",,"https://www.usnews.com/best-colleges/villa-maria-college","#51-56","-1","2026","north",,,"regional-colleges-north","usnews.com","NY","28670","villa-maria-college","14225"
"98","15",,,"Richmond","private",,,"1205","2.6","3766","false","false","false","Virginia Union University",,"https://www.usnews.com/best-colleges/virginia-union-university","#183-201","-1","2026",,"768",,"national-liberal-arts-colleges","usnews.com","VA","19630","virginia-union-university","23220"
"77",,,,"Forest City","proprietary",,,"2196",,"1895","false","false","false","Waldorf University",,"https://www.usnews.com/best-colleges/waldorf-university","#145-160","-1","2026","midwest",,,"regional-universities-midwest","usnews.com","IA","25978","waldorf-university","50436"
"43","14",,,"Lake Wales","private",,,"798",,"8848","false","false","false","Warner University",,"https://www.usnews.com/best-colleges/warner-university","#121-133","-1","2026","south","790",,"regional-universities-south","usnews.com","FL","29992","warner-university","33859"
"71","25",,,"Asheville","private",,,"733","3.7","2979","false","false","false","Warren Wilson College",,"https://www.usnews.com/best-colleges/warren-wilson","#183-201","-1","2026",,,,"national-liberal-arts-colleges","usnews.com","NC","26540","warren-wilson","28815"
"48",,,,"Takoma Park","private",,,"513",,"2067","false","false","false","Washington Adventist University",,"https://www.usnews.com/best-colleges/washington-adventist-university","#150-164","-1","2026","north","860",,"regional-universities-north","usnews.com","MD","26604","washington-adventist-university","20912"
"56","16",,,"Plainview","private",,,"2087","3.2","3663","false","false","false","Wayland Baptist University",,"https://www.usnews.com/best-colleges/wayland-baptist","#105-115","-1","2026","west","830",,"regional-universities-west","usnews.com","TX","23902","wayland-baptist","79072"
"100",,,,"Silver City","public",,,"2629","3","2664","true","false","false","Western New Mexico University",,"https://www.usnews.com/best-colleges/western-new-mexico-university","#105-115","-1","2026","west",,,"regional-universities-west","usnews.com","NM","17928","western-new-mexico-university","88061"
"71",,,,"Fulton","private",,,"1097",,"2525","false","false","false","William Woods University",,"https://www.usnews.com/best-colleges/william-woods-university","#395-434","-1","2026",,,,"national-universities","usnews.com","MO","30340","william-woods-university","65251"
,,,,"New Castle","private",,,"9355",,"7948","false","false","false","Wilmington University",,"https://www.usnews.com/best-colleges/wilmington-university","#395-434","-1","2026",,,,"national-universities","usnews.com","DE","12630","wilmington-university","19720"
"92",,,,"Chambersburg","private",,,"1375","3.4","3396","false","false","false","Wilson College",,"https://www.usnews.com/best-colleges/wilson-college","#150-164","-1","2026","north","930",,"regional-universities-north","usnews.com","PA","27150","wilson-college","17201"
"96","17",,"2.2","Dayton","public",,"2.2","7505","3.5","9168","true","false","false","Wright State University",,"https://www.usnews.com/best-colleges/wright-state","#395-434","-1","2026",,"907",,"national-universities","usnews.com","OH","20691","wright-state","45435"
"63",,,,"Young Harris","private",,,"1403",,"666965","false","false","false","Young Harris College",,"https://www.usnews.com/best-colleges/young-harris-college","#183-201","-1","2026",,,,"national-liberal-arts-colleges","usnews.com","GA","32305","young-harris-college","30582"
,,,,,"public",,,"133",,"769846","true","false","false","Aaniiih Nakoda College",,"https://www.usnews.com/best-colleges/aaniiih-nakoda-college","Unranked","-2","2026",,,,"tribal","usnews.com","MT","3080","aaniiih-nakoda-college",
,,,,"Orlando","private",,,"1221",,"31155","false","false","false","AdventHealth University",,"https://www.usnews.com/best-colleges/adventhealth-university","Unranked","-2","2026",,,,"health","usnews.com","FL","21420","adventhealth-university","32803"
"53",,,,"Albany","private",,,"533","3.5","2885","false","false","false","Albany College of Pharmacy and Health Sciences",,"https://www.usnews.com/best-colleges/albany-college-of-pharmacy-and-health-sciences","Unranked","-2","2026",,,,"health","usnews.com","NY","42325","albany-college-of-pharmacy-and-health-sciences","12208"
"100",,,,"San Juan","private",,,"763",,"10724","false","false","false","Albizu University",,"https://www.usnews.com/best-colleges/albizu-university","Unranked","-2","2026",,,,"health","usnews.com","PR","8505","albizu-university","00902"
"76",,,,"Miami","private",,,"226",,"667083","false","false","false","Albizu University--Miami",,"https://www.usnews.com/best-colleges/albizu-university-miami","Unranked","-2","2026",,,,"national-universities","usnews.com","FL","13818","albizu-university-miami",
,,,,"Waterloo","private",,,"279",,"30691","false","false","false","Allen College",,"https://www.usnews.com/best-colleges/allen-college","Unranked","-2","2026",,,,"health","usnews.com","IA",,"allen-college","50703"
,,,,"San Diego","proprietary",,,"355",,"1158","false","false","false","Alliant University",,"https://www.usnews.com/best-colleges/alliant-university","Unranked","-2","2026",,,,"national-universities","usnews.com","CA","14304","alliant-university","92131"
"50",,,,"Signal Hill","proprietary",,,"364",,"667080","false","false","false","American University of Health Sciences",,"https://www.usnews.com/best-colleges/american-university-of-health-sciences","Unranked","-2","2026",,,,"health","usnews.com","CA","24575","american-university-of-health-sciences",
,,,,,"private",,,"4915",,"325302","false","false","false","Ana G. Mendez University",,"https://www.usnews.com/best-colleges/ana-g-mendez-university","Unranked","-2","2026",,,,"special-focus","usnews.com","PR","13575","ana-g-mendez-university",
,,,,"Lancaster","public",,,"12937",,"667028","true","false","false","Antelope Valley College",,"https://www.usnews.com/best-colleges/antelope-valley-college","Unranked","-2","2026","west",,,"regional-colleges-west","usnews.com","CA","9548","antelope-valley-college","93536"
"78",,,,"Bradley","private",,,"215",,"7544","false","false","false","Appalachian Bible College",,"https://www.usnews.com/best-colleges/appalachian-bible-college","Unranked","-2","2026",,,,"faith","usnews.com","WV","18760","appalachian-bible-college","25818"
"100",,,,"Las Vegas","proprietary",,,"1185",,"759284","false","false","false","Arizona College of Nursing--Las Vegas",,"https://www.usnews.com/best-colleges/arizona-college-of-nursing-las-vegas","Unranked","-2","2026",,,,"health","usnews.com","NV","23531","arizona-college-of-nursing-las-vegas",
"100",,,,"Tempe","proprietary",,,"1246",,"811518","false","false","false","Arizona College of Nursing--Tempe",,"https://www.usnews.com/best-colleges/arizona-college-of-nursing-tempe","Unranked","-2","2026",,,,"health","usnews.com","AZ","26091","arizona-college-of-nursing-tempe",
"34",,,,"Cincinnati","private",,,"207","3","3011","false","false","false","Art Academy of Cincinnati",,"https://www.usnews.com/best-colleges/art-academy-of-cincinnati","Unranked","-2","2026",,,,"specialty-arts","usnews.com","OH",,"art-academy-of-cincinnati","45202"
,,,,"Phoenix","proprietary",,,"2398",,"891422","false","false","false","Aspen University",,"https://www.usnews.com/best-colleges/aspen-university","Unranked","-2","2026",,,,"health","usnews.com","AZ","6870","aspen-university",
,,,,"Manati","private",,,"545",,"547652","false","false","false","Atenas University Dr. María Luisa Hernández",,"https://www.usnews.com/best-colleges/atenas-university-dr-maría-luisa-hernández","Unranked","-2","2026",,,,"health","usnews.com","PR","8954","atenas-university-dr-maría-luisa-hernández",
,,,,"Atlanta","public",,,"1551",,"666963","true","false","false","Atlanta Metropolitan State College",,"https://www.usnews.com/best-colleges/atlanta-metropolitan-state-college","Unranked","-2","2026","south",,,"regional-colleges-south","usnews.com","GA","10400","atlanta-metropolitan-state-college","30310"
"46",,,,"Canton","private",,,"241",,"667081","false","false","false","Aultman College of Nursing and Health Sciences",,"https://www.usnews.com/best-colleges/aultman-college-of-nursing-and-health-sciences","Unranked","-2","2026",,,,"health","usnews.com","OH","20230","aultman-college-of-nursing-and-health-sciences",
,,,,,"public",,,"35600",,"334336","true","false","false","Austin Community College District",,"https://www.usnews.com/best-colleges/austin-community-college-district","Unranked","-2","2026","west",,,"regional-colleges-west","usnews.com","TX","10590","austin-community-college-district",
"17",,,"3.6","Babson Park","private",,,"2793",,"2121","false","false","false","Babson College",,"https://www.usnews.com/best-colleges/babson-college","Unranked","-2","2026",,,,"specialty-business","usnews.com","MA","58560","babson-college","02457"
,,,,"Bakersfield","public",,,"30410",,"667029","true","false","false","Bakersfield College",,"https://www.usnews.com/best-colleges/bakersfield-college","Unranked","-2","2026","west",,,"regional-colleges-west","usnews.com","CA","11300","bakersfield-college","93305"
,,,,"Springfield","private",,,"342",,"13208","false","false","false","Baptist Bible College",,"https://www.usnews.com/best-colleges/baptist-bible-college","Unranked","-2","2026",,,,"faith","usnews.com","MO","16950","baptist-bible-college","65803"
"82",,,,"Memphis","private",,,"733",,"34403","false","false","false","Baptist Health Sciences University",,"https://www.usnews.com/best-colleges/baptist-health-sciences-university","Unranked","-2","2026",,,,"health","usnews.com","TN","13796","baptist-health-sciences-university","38104"
,,,,,"public",,,"577",,"326949","true","false","false","Bay Mills Community College",,"https://www.usnews.com/best-colleges/bay-mills-community-college","Unranked","-2","2026",,,,"tribal","usnews.com","MI","3480","bay-mills-community-college",
,,,,"Bellevue","public",,,"11472",,"3769","true","false","false","Bellevue College",,"https://www.usnews.com/best-colleges/bellevue-college","Unranked","-2","2026","west",,,"regional-colleges-west","usnews.com","WA","10502","bellevue-college","98007"
"97",,,,"Green Bay","private",,,"612",,"6639","false","false","false","Bellin College",,"https://www.usnews.com/best-colleges/bellin-college","Unranked","-2","2026",,,,"health","usnews.com","WI","30952","bellin-college","54305"
,,,,"Bellingham","public",,,"1850",,"667030","true","false","false","Bellingham Technical College",,"https://www.usnews.com/best-colleges/bellingham-technical-college","Unranked","-2","2026","west",,,"regional-colleges-west","usnews.com","WA","5809","bellingham-technical-college","98225"
,,,,"Quincy","private",,,"185",,"6214","false","false","false","Blessing-Rieman College of Nursing and Health Sciences",,"https://www.usnews.com/best-colleges/blessingrieman-college-of-nursing-and-health-sciences","Unranked","-2","2026",,,,"health","usnews.com","IL",,"blessingrieman-college-of-nursing-and-health-sciences","62305"
,,,,"Richmond","private",,,"527",,"635850","false","false","false","Bon Secours Memorial College of Nursing",,"https://www.usnews.com/best-colleges/bon-secours-memorial-college-of-nursing","Unranked","-2","2026",,,,"health","usnews.com","VA",,"bon-secours-memorial-college-of-nursing",
,,,,"Boston","private",,,"306",,"3966","false","false","false","Boston Architectural College",,"https://www.usnews.com/best-colleges/boston-architectural-college","Unranked","-2","2026",,,,"specialty-arts","usnews.com","MA","27470","boston-architectural-college","02115"
,,,,"Lake Jackson","public",,,"4100",,"7287","true","false","false","Brazosport College",,"https://www.usnews.com/best-colleges/brazosport-college","Unranked","-2","2026","west",,,"regional-colleges-west","usnews.com","TX","4711","brazosport-college","77566"
,,,,"Albuquerque","proprietary",,,"492",,"689047","false","false","false","Brookline College--Albuquerque",,"https://www.usnews.com/best-colleges/brookline-college-albuquerque","Unranked","-2","2026",,,,"health","usnews.com","NM",,"brookline-college-albuquerque",
,,,,"Phoenix","proprietary",,,"714",,"508128","false","false","false","Brookline College-Phoenix",,"https://www.usnews.com/best-colleges/brookline-collegephoenix","Unranked","-2","2026",,,,"health","usnews.com","AZ",,"brookline-collegephoenix",
,,,,"Fort Lauderdale","public",,,"29140",,"666949","true","false","false","Broward College",,"https://www.usnews.com/best-colleges/broward-college","Unranked","-2","2026","south",,,"regional-colleges-south","usnews.com","FL","8952","broward-college","33301"
"67",,,,"Lincoln","private",,,"610",,"667082","false","false","false","Bryan College of Health Sciences",,"https://www.usnews.com/best-colleges/bryan-college-of-health-sciences","Unranked","-2","2026",,,,"health","usnews.com","NE","20640","bryan-college-of-health-sciences",
,,,,,"private",,,"224",,"696045","false","false","false","Bryant & Stratton College -- Albany",,"https://www.usnews.com/best-colleges/bryant--stratton-college---albany","Unranked","-2","2026","north",,,"regional-colleges-north","usnews.com","NY","18374","bryant--stratton-college---albany",
,,,,,"private",,,"1840",,"229825","false","false","false","Bryant & Stratton College -- Buffalo",,"https://www.usnews.com/best-colleges/bryant--stratton-college---buffalo","Unranked","-2","2026","north",,,"regional-colleges-north","usnews.com","NY","18910","bryant--stratton-college---buffalo",
,,,,,"private",,,"471",,"283811","false","false","false","Bryant & Stratton College -- Syracuse",,"https://www.usnews.com/best-colleges/bryant--stratton-college---syracuse","Unranked","-2","2026","north",,,"regional-colleges-north","usnews.com","NY","18768","bryant--stratton-college---syracuse",
,,,,,"private",,,"1339",,"992952","false","false","false","Bryant & Stratton College -- Virginia Beach",,"https://www.usnews.com/best-colleges/bryant--stratton-college---virginia-beach","Unranked","-2","2026","south",,,"regional-colleges-south","usnews.com","VA","18489","bryant--stratton-college---virginia-beach",
,,,,,"proprietary",,,"952",,"761530","false","false","false","Bryant & Stratton College--Wauwatosa",,"https://www.usnews.com/best-colleges/bryant--stratton-college-wauwatosa","Unranked","-2","2026","midwest",,,"regional-colleges-midwest","usnews.com","WI","20288","bryant--stratton-college-wauwatosa",
"23",,,,"Concord","private",,,"661",,"6477","false","false","false","Cabarrus College of Health Sciences",,"https://www.usnews.com/best-colleges/cabarrus-college-of-health-sciences","Unranked","-2","2026",,,,"health","usnews.com","NC","16550","cabarrus-college-of-health-sciences","28025"
"91",,,,"San Francisco","private",,,"1004","3.4","1127","false","false","false","California College of the Arts",,"https://www.usnews.com/best-colleges/california-college-of-the-arts","Unranked","-2","2026",,,,"specialty-arts","usnews.com","CA","61764","california-college-of-the-arts","94107"
,,,,"Cambridge","private",,,"717",,"21829","false","false","false","Cambridge College",,"https://www.usnews.com/best-colleges/cambridge-college","Unranked","-2","2026","north",,,"regional-universities-north","usnews.com","MA","18378","cambridge-college","02138"
"60",,,,,"public",,,"410",,"555295","true","false","false","Carolinas College of Health Sciences",,"https://www.usnews.com/best-colleges/carolinas-college-of-health-sciences","Unranked","-2","2026",,,,"health","usnews.com","NC","18882","carolinas-college-of-health-sciences",
,,,,"Bothell","public",,,"2013",,"667031","true","false","false","Cascadia College",,"https://www.usnews.com/best-colleges/cascadia-college","Unranked","-2","2026","west",,,"regional-colleges-west","usnews.com","WA","11296","cascadia-college","98011"
,,,,"Centralia","public",,,"2335",,"666981","true","false","false","Centralia College",,"https://www.usnews.com/best-colleges/centralia-college","Unranked","-2","2026","west",,,"regional-colleges-west","usnews.com","WA","5651","centralia-college","98531"
"83",,,,"Downers Grove","proprietary",,,"12214",,"6385","false","false","false","Chamberlain University",,"https://www.usnews.com/best-colleges/chamberlain-university","Unranked","-2","2026",,,,"health","usnews.com","IL","21536","chamberlain-university","60515"
"90",,,,"Los Angeles","private",,,"284","3.3","10365","false","false","false","Charles R. Drew University of Medicine and Science",,"https://www.usnews.com/best-colleges/charles-r-drew-university-of-medicine-and-science","Unranked","-2","2026",,,,"health","usnews.com","CA","18950","charles-r-drew-university-of-medicine-and-science","90059"
"34",,,,,"private",,,"31",,"305474","false","false","false","The Chicago School of Professional Psychology at Chicago",,"https://www.usnews.com/best-colleges/the-chicago-school-of-professional-psychology-at-chicago","Unranked","-2","2026",,,,"health","usnews.com","IL","21780","the-chicago-school-of-professional-psychology-at-chicago",
"46",,,,"Los Angeles","private",,,"324",,"667085","false","false","false","Chicago School of Professional Psychology at Los Angeles",,"https://www.usnews.com/best-colleges/chicago-school-of-professional-psychology-at-los-angeles","Unranked","-2","2026",,,,"health","usnews.com","CA","21780","chicago-school-of-professional-psychology-at-los-angeles",
"63",,,,"Marianna","public",,,"1934","3.5","1472","true","false","false","Chipola College",,"https://www.usnews.com/best-colleges/chipola-college","Unranked","-2","2026","south",,,"regional-colleges-south","usnews.com","FL","8950","chipola-college","32446"
"59",,,,"Cincinnati","private",,,"765",,"667086","false","false","false","Christ College of Nursing and Health Sciences",,"https://www.usnews.com/best-colleges/christ-college-of-nursing-and-health-sciences","Unranked","-2","2026",,,,"health","usnews.com","OH","16836","christ-college-of-nursing-and-health-sciences",
,,,,"Vancouver","public",,,"7149",,"667032","true","false","false","Clark College",,"https://www.usnews.com/best-colleges/clark-college","Unranked","-2","2026","west",,,"regional-colleges-west","usnews.com","WA","11183","clark-college","98663"
"100",,,,"Omaha","private",,,"641","3.4","9862","false","false","false","Clarkson College",,"https://www.usnews.com/best-colleges/clarkson-college","Unranked","-2","2026",,,,"health","usnews.com","NE",,"clarkson-college","68131"
,,,,"Pineville","private",,,"136",,"25356","false","false","false","Clear Creek Baptist Bible College",,"https://www.usnews.com/best-colleges/clear-creek-baptist-bible-college","Unranked","-2","2026",,,,"faith","usnews.com","KY","10720","clear-creek-baptist-bible-college","40977"
"68",,,,"Howell","private",,,"811",,"2246","false","false","false","Cleary University",,"https://www.usnews.com/best-colleges/cleary-university","Unranked","-2","2026",,,,"specialty-business","usnews.com","MI","26102","cleary-university","48843"
"61",,,,"Cleveland","private",,,"566",,"3982","false","false","false","Cleveland Institute of Art",,"https://www.usnews.com/best-colleges/cleveland-institute-of-art","Unranked","-2","2026",,,,"specialty-arts","usnews.com","OH","49400","cleveland-institute-of-art","44106"
"47",,,,"Cleveland","private",,,"194",,"3031","false","false","false","Cleveland Institute of Music",,"https://www.usnews.com/best-colleges/cleveland-institute-of-music","Unranked","-2","2026",,,,"specialty-arts","usnews.com","OH","52880","cleveland-institute-of-music","44106"
"69",,,,"Overland Park","private",,,"87",,"20907","false","false","false","Cleveland University--Kansas City",,"https://www.usnews.com/best-colleges/cleveland-university-kansas-city","Unranked","-2","2026",,,,"health","usnews.com","KS","14400","cleveland-university-kansas-city","66210"
,,,,"Lakewood","public",,,"3040",,"667033","true","false","false","Clover Park Technical College",,"https://www.usnews.com/best-colleges/clover-park-technical-college","Unranked","-2","2026","west",,,"regional-colleges-west","usnews.com","WA","6634","clover-park-technical-college","98499"
"92",,,,"Detroit","private",,,"1399",,"6771","false","false","false","College for Creative Studies",,"https://www.usnews.com/best-colleges/college-for-creative-studies","Unranked","-2","2026",,,,"specialty-arts","usnews.com","MI","53350","college-for-creative-studies","48202"
,,,,"Houston","private",,,"482",,"667124","false","false","false","College of Biblical Studies--Houston",,"https://www.usnews.com/best-colleges/college-of-biblical-studies-houston","Unranked","-2","2026",,,,"faith","usnews.com","TX","9350","college-of-biblical-studies-houston",
"63",,,,"Ocala","public",,,"5936",,"666950","true","false","false","College of Central Florida",,"https://www.usnews.com/best-colleges/college-of-central-florida","Unranked","-2","2026","south",,,"regional-colleges-south","usnews.com","FL",,"college-of-central-florida","34474"
,,,,"Keshena","private",,,"219",,"667133","false","false","false","College of Menominee Nation",,"https://www.usnews.com/best-colleges/college-of-menominee-nation","Unranked","-2","2026",,,,"tribal","usnews.com","WI","6200","college-of-menominee-nation",
"87",,,,,"public",,,"1740",,"259708","true","false","false","College of Micronesia--FSM",,"https://www.usnews.com/best-colleges/college-of-micronesia-fsm","Unranked","-2","2026","west",,,"regional-colleges-west","usnews.com","FM","5050","college-of-micronesia-fsm",
,,,,"Las Vegas","public",,,"29081",,"10362","true","false","false","College of Southern Nevada",,"https://www.usnews.com/best-colleges/college-of-southern-nevada","Unranked","-2","2026","west",,,"regional-colleges-west","usnews.com","NV","13024","college-of-southern-nevada","89146"
,,,,,"public",,,"1216",,"100619","true","false","false","College of the Marshall Islands",,"https://www.usnews.com/best-colleges/college-of-the-marshall-islands","Unranked","-2","2026","west",,,"regional-colleges-west","usnews.com","MH","7480","college-of-the-marshall-islands",
,,,,,"public",,,"37772",,"686414","true","false","false","Collin County Community College District",,"https://www.usnews.com/best-colleges/collin-county-community-college-district","Unranked","-2","2026","west",,,"regional-colleges-west","usnews.com","TX","6064","collin-county-community-college-district",
,,,,"Pasco","public",,,"6729",,"666982","true","false","false","Columbia Basin College",,"https://www.usnews.com/best-colleges/columbia-basin-college","Unranked","-2","2026","west",,,"regional-colleges-west","usnews.com","WA","8668","columbia-basin-college","99301"
,,,,"Caguas","proprietary",,,"2494",,"667087","false","false","false","Columbia Central University--Caguas",,"https://www.usnews.com/best-colleges/columbia-central-university-caguas","Unranked","-2","2026",,,,"health","usnews.com","PR","8400","columbia-central-university-caguas",
,,,,"Tarzana","private",,,"149",,"667075","false","false","false","Columbia College Hollywood",,"https://www.usnews.com/best-colleges/columbia-college-hollywood","Unranked","-2","2026",,,,"specialty-arts","usnews.com","CA","25186","columbia-college-hollywood",
"68",,,,"Columbus","private",,,"893",,"3039","false","false","false","Columbus College of Art and Design",,"https://www.usnews.com/best-colleges/columbus-college-of-art-and-design","Unranked","-2","2026",,,,"specialty-arts","usnews.com","OH","40825","columbus-college-of-art-and-design","43215"
"62",,,,"Seattle","private",,,"502",,"12315","false","false","false","Cornish College of the Arts",,"https://www.usnews.com/best-colleges/cornish-college-of-the-arts","Unranked","-2","2026",,,,"specialty-arts","usnews.com","WA","41684","cornish-college-of-the-arts","98121"
"100",,,,"Dallas","private",,,"137",,"29351","false","false","false","Criswell College",,"https://www.usnews.com/best-colleges/criswell-college","Unranked","-2","2026","west",,,"regional-colleges-west","usnews.com","TX",,"criswell-college","75246"
"91",,,,"Hyde Park","private",,,"3011","3.3","7304","false","false","false","Culinary Institute of America",,"https://www.usnews.com/best-colleges/culinary-institute-of-america","Unranked","-2","2026",,,,"specialty-arts","usnews.com","NY",,"culinary-institute-of-america","12538"
"5",,,,"Philadelphia","private",,,"106",,"3251","false","false","false","Curtis Institute of Music",,"https://www.usnews.com/best-colleges/curtis-institute-of-music","Unranked","-2","2026",,,,"specialty-arts","usnews.com","PA",,"curtis-institute-of-music","19103"
"56",,,,"Bible School Park","private",,,"137",,"21691","false","false","false","Davis College",,"https://www.usnews.com/best-colleges/davis-college","Unranked","-2","2026",,,,"faith","usnews.com","NY","18000","davis-college","13737"
,,,,"Daytona Beach","public",,,"11807",,"1475","true","false","false","Daytona State College",,"https://www.usnews.com/best-colleges/daytona-state-college","Unranked","-2","2026","south",,,"regional-colleges-south","usnews.com","FL","11994","daytona-state-college","32114"
,,,,"Dover","public",,,"13231",,"667023","true","false","false","Delaware Technical Community College--Terry",,"https://www.usnews.com/best-colleges/delaware-technical-community-college-terry","Unranked","-2","2026","north",,,"regional-colleges-north","usnews.com","DE","12308","delaware-technical-community-college-terry","19901"
,,,,"Denver","proprietary",,,"949",,"667088","false","false","false","Denver College of Nursing",,"https://www.usnews.com/best-colleges/denver-college-of-nursing","Unranked","-2","2026",,,,"health","usnews.com","CO",,"denver-college-of-nursing",
"100",,,,"San Diego","proprietary",,,"92",,"667076","false","false","false","Design Institute of San Diego",,"https://www.usnews.com/best-colleges/design-institute-of-san-diego","Unranked","-2","2026",,,,"specialty-arts","usnews.com","CA","29300","design-institute-of-san-diego",
"67",,,,"Redmond","proprietary",,,"1016",,"125971","false","false","false","DigiPen Institute of Technology",,"https://www.usnews.com/best-colleges/digipen-institute-of-technology","Unranked","-2","2026",,,,"unranked","usnews.com","WA",,"digipen-institute-of-technology","98052"
,,,,"Tsaile","public",,,"1828",,"667134","true","false","false","Dine College",,"https://www.usnews.com/best-colleges/dine-college","Unranked","-2","2026",,,,"tribal","usnews.com","AZ","1410","dine-college",
,,,,"Epworth","private",,,"61",,"1858","false","false","false","Divine Word College",,"https://www.usnews.com/best-colleges/divine-word-college","Unranked","-2","2026",,,,"national-liberal-arts-colleges","usnews.com","IA","15600","divine-word-college","52045"
,,,,"Kansas City","private",,,"349",,"1914","false","false","false","Donnelly College",,"https://www.usnews.com/best-colleges/donnelly-college","Unranked","-2","2026","midwest",,,"regional-colleges-midwest","usnews.com","KS","10440","donnelly-college","66102"
,,,,,"proprietary",,,"263",,"277107","false","false","false","Eagle Gate College--Murray",,"https://www.usnews.com/best-colleges/eagle-gate-college-murray","Unranked","-2","2026",,,,"health","usnews.com","UT","16548","eagle-gate-college-murray",
,,,,"Cocoa","public",,,"13601",,"666948","true","false","false","Eastern Florida State College",,"https://www.usnews.com/best-colleges/eastern-florida-state-college","Unranked","-2","2026","south",,,"regional-colleges-south","usnews.com","FL","9739","eastern-florida-state-college","32922"
"70",,,,"Jersey City","proprietary",,,"474",,"749831","false","false","false","Eastern International College--Jersey City",,"https://www.usnews.com/best-colleges/eastern-international-college-jersey-city","Unranked","-2","2026",,,,"health","usnews.com","NJ","18383","eastern-international-college-jersey-city",
"96",,,,,"private",,,"970",,"365147","false","false","false","EDP University of Puerto Rico Inc-- San Sebastian",,"https://www.usnews.com/best-colleges/edp-university-of-puerto-rico-inc--san-sebastian","Unranked","-2","2026",,,,"health","usnews.com","PR","14125","edp-university-of-puerto-rico-inc--san-sebastian",
"100",,,,"San Juan","public",,,"497",,"25694","true","false","false","Escuela de Artes Plasticas de Puerto Rico",,"https://www.usnews.com/best-colleges/escuela-de-artes-plasticas-de-puerto-rico","Unranked","-2","2026",,,,"specialty-arts","usnews.com","PR","8502","escuela-de-artes-plasticas-de-puerto-rico","00902"
,,,,"Los Angeles","proprietary",,,"1319",,"11112","false","false","false","Fashion Institute of Design & Merchandising",,"https://www.usnews.com/best-colleges/fashion-institute-of-design--merchandising","Unranked","-2","2026","west",,,"regional-colleges-west","usnews.com","CA","35000","fashion-institute-of-design--merchandising","90015"
"60",,,,"New York","public",,,"7924","3.6","2866","true","false","false","Fashion Institute of Technology",,"https://www.usnews.com/best-colleges/fashion-institute-of-technology","Unranked","-2","2026","north",,,"regional-universities-north","usnews.com","NY","16873","fashion-institute-of-technology","10001"
,,,,"Quincy","public",,,"1758",,"667037","true","false","false","Feather River Community College District",,"https://www.usnews.com/best-colleges/feather-river-community-college-district","Unranked","-2","2026","west",,,"regional-colleges-west","usnews.com","CA","10435","feather-river-community-college-district","95971"
"54",,,,"Dix Hills","proprietary",,,"662",,"121561","false","false","false","Five Towns College",,"https://www.usnews.com/best-colleges/five-towns-college","Unranked","-2","2026",,,,"specialty-arts","usnews.com","NY","30250","five-towns-college","11746"
,,,,,"public",,"2.6",,,"313779","true","false","false","Florida A&M University - Florida State University College of Engineering",,"https://www.usnews.com/best-colleges/florida-am---florida-state","Unranked","-2","2026",,,,"unranked","usnews.com","FL",,"florida-am---florida-state",
,,,,"Lake City","public",,,"2837",,"666952","true","false","false","Florida Gateway College",,"https://www.usnews.com/best-colleges/florida-gateway-college","Unranked","-2","2026","south",,,"regional-colleges-south","usnews.com","FL","11747","florida-gateway-college","32025"
"86",,,,"Fort Myers","public",,,"14358",,"1477","true","false","false","Florida SouthWestern State College",,"https://www.usnews.com/best-colleges/edison-state-college","Unranked","-2","2026","south",,,"regional-colleges-south","usnews.com","FL","10715","edison-state-college","33919"
,,,,"Jacksonville","public",,,"20530",,"1484","true","false","false","Florida State College--Jacksonville",,"https://www.usnews.com/best-colleges/florida-state-college-jacksonville","Unranked","-2","2026","south",,,"regional-colleges-south","usnews.com","FL","9992","florida-state-college-jacksonville","32202"
,,,,"Los Altos Hills","public",,,"12931",,"667038","true","false","false","Foothill College",,"https://www.usnews.com/best-colleges/foothill-college","Unranked","-2","2026","west",,,"regional-colleges-west","usnews.com","CA","12590","foothill-college","94022"
"99",,,,"Baton Rouge","private",,,"862",,"31062","false","false","false","Franciscan Missionaries of Our Lady University",,"https://www.usnews.com/best-colleges/franciscan-missionaries-of-our-lady-university","Unranked","-2","2026",,,,"health","usnews.com","LA","18310","franciscan-missionaries-of-our-lady-university","70808"
"25",,,,"Needham","private",,"4.3","402",,"39463","false","false","false","Franklin W. Olin College of Engineering",,"https://www.usnews.com/best-colleges/franklin-w-olin-college-of-engineering","Unranked","-2","2026",,,,"specialty-engineering","usnews.com","MA","66398","franklin-w-olin-college-of-engineering","02492"
,,,,"Louisville","proprietary",,,"4184",,"667089","false","false","false","Galen College of Nursing--Louisville",,"https://www.usnews.com/best-colleges/galen-college-of-nursing-louisville","Unranked","-2","2026",,,,"health","usnews.com","KY",,"galen-college-of-nursing-louisville",
,,,,"Rome","public",,,"4955",,"667000","true","false","false","Georgia Highlands College",,"https://www.usnews.com/best-colleges/georgia-highlands-college","Unranked","-2","2026","south",,,"regional-colleges-south","usnews.com","GA","10080","georgia-highlands-college","30161"
,,,,"Milledgeville","public",,,"6765",,"667014","true","false","false","Georgia Military College",,"https://www.usnews.com/best-colleges/georgia-military-college","Unranked","-2","2026","south",,,"regional-colleges-south","usnews.com","GA","8112","georgia-military-college","31061"
"75",,,,"Cincinnati","private",,,"417",,"22205","false","false","false","God's Bible School and College",,"https://www.usnews.com/best-colleges/gods-bible-school-and-college","Unranked","-2","2026","midwest",,,"regional-colleges-midwest","usnews.com","OH","7710","gods-bible-school-and-college","45210"
,,,,"Saint Louis","private",,,"426",,"6389","false","false","false","Goldfarb School of Nursing at Barnes-Jewish College",,"https://www.usnews.com/best-colleges/goldfarb-school-of-nursing-at-barnesjewish-college","Unranked","-2","2026",,,,"health","usnews.com","MO",,"goldfarb-school-of-nursing-at-barnesjewish-college","63110"
"46",,,,"Cincinnati","private",,,"457",,"667090","false","false","false","Good Samaritan College of Nursing and Health Science",,"https://www.usnews.com/best-colleges/good-samaritan-college-of-nursing-and-health-science","Unranked","-2","2026",,,,"health","usnews.com","OH","15470","good-samaritan-college-of-nursing-and-health-science",
,,,,"East Hartford","private",,,"2911",,"667091","false","false","false","Goodwin University",,"https://www.usnews.com/best-colleges/goodwin-university","Unranked","-2","2026","north",,,"regional-colleges-north","usnews.com","CT","21198","goodwin-university",
,,,,"Aberdeen","public",,,"1663",,"667039","true","false","false","Grays Harbor College",,"https://www.usnews.com/best-colleges/grays-harbor-college","Unranked","-2","2026","west",,,"regional-colleges-west","usnews.com","WA","12553","grays-harbor-college","98520"
,,,,,"public",,,"4176",,"624398","true","false","false","Grayson College",,"https://www.usnews.com/best-colleges/grayson-college","Unranked","-2","2026",,,,"unranked","usnews.com","TX","6352","grayson-college",
,,,,"Auburn","public",,,"7361",,"667040","true","false","false","Green River College",,"https://www.usnews.com/best-colleges/green-river-college","Unranked","-2","2026","west",,,"regional-colleges-west","usnews.com","WA","5263","green-river-college","98092"
,,,,"Panama City","public",,,"4959",,"666951","true","false","false","Gulf Coast State College",,"https://www.usnews.com/best-colleges/gulf-coast-state-college","Unranked","-2","2026","south",,,"regional-colleges-south","usnews.com","FL","8635","gulf-coast-state-college","32401"
"90",,,,"Lawrence","public",,,"878",,"10438","true","false","false","Haskell Indian Nations University",,"https://www.usnews.com/best-colleges/haskell-indian-nations-university","Unranked","-2","2026",,,,"tribal","usnews.com","KS","600","haskell-indian-nations-university","66046"
"17",,,,"New York","private",,,"722",,"667092","false","false","false","Helene Fuld College of Nursing",,"https://www.usnews.com/best-colleges/helene-fuld-college-of-nursing","Unranked","-2","2026",,,,"health","usnews.com","NY","25852","helene-fuld-college-of-nursing",
"93",,,,"Brookfield","private",,,"379",,"268500","false","false","false","Herzing University-Brookfield",,"https://www.usnews.com/best-colleges/herzing-universitybrookfield","Unranked","-2","2026",,,,"health","usnews.com","WI","13450","herzing-universitybrookfield",
"94",,,,,"private",,,"748",,"303627","false","false","false","Herzing University--Minneapolis",,"https://www.usnews.com/best-colleges/herzing-university-minneapolis","Unranked","-2","2026",,,,"health","usnews.com","MN","13450","herzing-university-minneapolis",
"94",,,,"Winter Park","private",,,"702",,"643831","false","false","false","Herzing University--Orlando",,"https://www.usnews.com/best-colleges/herzing-university-orlando","Unranked","-2","2026",,,,"health","usnews.com","FL","13450","herzing-university-orlando",
,,,,"Hesston","private",,,"308",,"667070","false","false","false","Hesston College",,"https://www.usnews.com/best-colleges/hesston-college","Unranked","-2","2026","midwest",,,"regional-colleges-midwest","usnews.com","KS","32936","hesston-college","67062"
,,,,"Des Moines","public",,,"5126",,"667041","true","false","false","Highline College",,"https://www.usnews.com/best-colleges/highline-college","Unranked","-2","2026","west",,,"regional-colleges-west","usnews.com","WA","5332","highline-college","98198"
,,,,"Cromwell","private",,,"270",,"1389","false","false","false","Holy Apostles College and Seminary",,"https://www.usnews.com/best-colleges/holy-apostles-college-and-seminary","Unranked","-2","2026","north",,,"regional-universities-north","usnews.com","CT","9580","holy-apostles-college-and-seminary","06416"
,,,,"Caguas","proprietary",,,"460",,"667093","false","false","false","Huertas College",,"https://www.usnews.com/best-colleges/huertas-college","Unranked","-2","2026",,,,"health","usnews.com","PR","8750","huertas-college",
"59",,,"2.4","Cambridge","private",,,"1769",,"GB0001","false","false","false","Hult International Business School",,"https://www.usnews.com/best-colleges/hult-international-business-school","Unranked","-2","2026",,,,"specialty-business","usnews.com","MA","57900","hult-international-business-school","02141"
,,,,"Stockton","private",,,"183",,"1212","false","false","false","Humphreys University",,"https://www.usnews.com/best-colleges/humphreys-college","Unranked","-2","2026","west",,,"regional-universities-west","usnews.com","CA","13500","humphreys-college","95207"
,,,,"Barrow","public",,,"311",,"803372","true","false","false","Ilisagvik College",,"https://www.usnews.com/best-colleges/ilisagvik-college","Unranked","-2","2026",,,,"tribal","usnews.com","AK","5260","ilisagvik-college",
,,,,"Fort Pierce","public",,,"15104",,"1493","true","false","false","Indian River State College",,"https://www.usnews.com/best-colleges/indian-river-state-college","Unranked","-2","2026","south",,,"regional-colleges-south","usnews.com","FL","10201","indian-river-state-college","34981"
"97",,,,"Santa Fe","public",,,"755",,"21464","true","false","false","Institute of American Indian Arts",,"https://www.usnews.com/best-colleges/institute-of-american-indian-arts","Unranked","-2","2026",,,,"tribal","usnews.com","NM","5920","institute-of-american-indian-arts","87508"
,,,,"Jackson","public",,,"4975",,"666968","true","false","false","Jackson College",,"https://www.usnews.com/best-colleges/jackson-college","Unranked","-2","2026","midwest",,,"regional-colleges-midwest","usnews.com","MI","10200","jackson-college","49201"
,,,,"Jamestown","proprietary",,,"251",,"666971","false","false","false","Jamestown Business College",,"https://www.usnews.com/best-colleges/jamestown-business-college","Unranked","-2","2026",,,,"specialty-business","usnews.com","NY","12945","jamestown-business-college","14701"
"49",,,,"New York","private",,,"172",,"2740","false","false","false","Jewish Theological Seminary of America",,"https://www.usnews.com/best-colleges/jewish-theological-seminary-of-america","Unranked","-2","2026",,,,"faith","usnews.com","NY","67357","jewish-theological-seminary-of-america","10027"
"62",,,,"Draper","proprietary",,,"1892",,"652473","false","false","false","Joyce University",,"https://www.usnews.com/best-colleges/joyce-university","Unranked","-2","2026",,,,"health","usnews.com","UT","21680","joyce-university",
"9",,,,"New York","private",,,"642",,"2742","false","false","false","Juilliard School",,"https://www.usnews.com/best-colleges/juilliard-school","Unranked","-2","2026",,,,"specialty-arts","usnews.com","NY","55750","juilliard-school","10023"
"55",,,,"Kansas City","private",,,"789",,"2473","false","false","false","Kansas City Art Institute",,"https://www.usnews.com/best-colleges/kansas-city-art-institute","Unranked","-2","2026",,,,"specialty-arts","usnews.com","MO","44550","kansas-city-art-institute","64111"
"77",,,,"Kettering","private",,,"639",,"7035","false","false","false","Kettering College",,"https://www.usnews.com/best-colleges/kettering-college","Unranked","-2","2026",,,,"health","usnews.com","OH","16320","kettering-college","45429"
"50",,,,"Milton","private",,,"717",,"667096","false","false","false","Laboure College",,"https://www.usnews.com/best-colleges/laboure-college","Unranked","-2","2026",,,,"health","usnews.com","MA","30618","laboure-college",
,,,,,"public",,,"213",,"128061","true","false","false","Lac Courte Oreilles Ojibwe University",,"https://www.usnews.com/best-colleges/lac-courte-oreilles-ojibwe-university","Unranked","-2","2026",,,,"tribal","usnews.com","WI","6030","lac-courte-oreilles-ojibwe-university",
,,,,"Scranton","private",,,"1939",,"667024","false","false","false","Lackawanna College",,"https://www.usnews.com/best-colleges/lackawanna-college","Unranked","-2","2026","north",,,"regional-colleges-north","usnews.com","PA","18400","lackawanna-college","18509"
"85",,,,"Laguna Beach","private",,,"746",,"23305","false","false","false","Laguna College of Art and Design",,"https://www.usnews.com/best-colleges/laguna-college-of-art-and-design","Unranked","-2","2026",,,,"specialty-arts","usnews.com","CA","39376","laguna-college-of-art-and-design","92651"
"100",,,,"Leesburg","public",,,"6099",,"666953","true","false","false","Lake-Sumter State College",,"https://www.usnews.com/best-colleges/lakesumter-state-college","Unranked","-2","2026","south",,,"regional-colleges-south","usnews.com","FL",,"lakesumter-state-college","34788"
,,,,"Danville","private",,,"81",,"10501","false","false","false","Lakeview College of Nursing",,"https://www.usnews.com/best-colleges/lakeview-college-of-nursing","Unranked","-2","2026",,,,"health","usnews.com","IL",,"lakeview-college-of-nursing","61832"
,,,,"Kirkland","public",,,"3357",,"666983","true","false","false","Lake Washington Institute of Technology",,"https://www.usnews.com/best-colleges/lake-washington-institute-of-technology","Unranked","-2","2026","west",,,"regional-colleges-west","usnews.com","WA","12062","lake-washington-institute-of-technology","98034"
"49",,,,"Putney","private",,,"598",,"666986","false","false","false","Landmark College",,"https://www.usnews.com/best-colleges/landmark-college","Unranked","-2","2026","north",,,"regional-colleges-north","usnews.com","VT","66540","landmark-college","05346"
"59",,,,,"public",,,"22058",,"821472","true","false","false","Laredo College",,"https://www.usnews.com/best-colleges/laredo-college","Unranked","-2","2026","west",,,"regional-colleges-west","usnews.com","TX",,"laredo-college",
"93",,,,"New York","proprietary",,,"1203","2.9","7466","false","false","false","LIM College",,"https://www.usnews.com/best-colleges/lim-college","Unranked","-2","2026",,,,"specialty-business","usnews.com","NY","34676","lim-college","10017"
,,,,"Oakland","private",,,"223",,"6975","false","false","false","Lincoln University",,"https://www.usnews.com/best-colleges/lincoln-university","Unranked","-2","2026",,,,"specialty-business","usnews.com","CA","13150","lincoln-university","94612"
"64",,,,"Chesterfield","private",,,"272",,"667097","false","false","false","Logan University",,"https://www.usnews.com/best-colleges/logan-university","Unranked","-2","2026",,,,"health","usnews.com","MO","9000","logan-university",
,,,,"New Orleans","public",,,"843",,"2014","true","false","false","Louisiana State University Health Sciences Center",,"https://www.usnews.com/best-colleges/louisiana-state-university-health-sciences-center","Unranked","-2","2026",,,,"medical","usnews.com","LA",,"louisiana-state-university-health-sciences-center","70112"
"96",,,,"Fairfield","private",,,"777",,"11113","false","false","false","Maharishi International University",,"https://www.usnews.com/best-colleges/maharishi-university-of-management","Unranked","-2","2026","midwest",,,"regional-universities-midwest","usnews.com","IA","16530","maharishi-university-of-management","52557"
"76",,,,"Portland","private",,,"422",,"11673","false","false","false","Maine College of Art",,"https://www.usnews.com/best-colleges/maine-college-of-art","Unranked","-2","2026",,,,"specialty-arts","usnews.com","ME","42942","maine-college-of-art","04101"
"100",,,,"Manhattan","private",,,"145",,"1931","false","false","false","Manhattan Christian College",,"https://www.usnews.com/best-colleges/manhattan-christian-college","Unranked","-2","2026",,,,"faith","usnews.com","KS","19126","manhattan-christian-college","66502"
"41",,,,"New York","private",,,"543",,"2759","false","false","false","Manhattan School of Music",,"https://www.usnews.com/best-colleges/manhattan-school-of-music","Unranked","-2","2026",,,,"specialty-arts","usnews.com","NY","57050","manhattan-school-of-music","10027"
"95",,,,,"private",,,"599",,"496229","false","false","false","Manor College",,"https://www.usnews.com/best-colleges/manor-college","Unranked","-2","2026","north",,,"regional-colleges-north","usnews.com","PA","21780","manor-college",
"44",,,,"Albany","private",,,"703",,"2763","false","false","false","Maria College of Albany",,"https://www.usnews.com/best-colleges/maria-college-of-albany","Unranked","-2","2026",,,,"health","usnews.com","NY","18740","maria-college-of-albany","12208"
"87",,,,"New Ulm","private",,,"743",,"2361","false","false","false","Martin Luther College",,"https://www.usnews.com/best-colleges/martin-luther-college","Unranked","-2","2026",,,,"special-focus","usnews.com","MN","18120","martin-luther-college","56073"
,,,,"Indianapolis","private",,,"177",,"21408","false","false","false","Martin University",,"https://www.usnews.com/best-colleges/martin-university","Unranked","-2","2026",,,,"national-liberal-arts-colleges","usnews.com","IN","13200","martin-university","46218"
"77",,,,"Baltimore","private",,,"1153",,"2080","false","false","false","Maryland Institute College of Art",,"https://www.usnews.com/best-colleges/maryland-institute-college-of-art","Unranked","-2","2026",,,,"specialty-arts","usnews.com","MD",,"maryland-institute-college-of-art","21217"
"76",,,,"Boston","public",,,"1871",,"2180","true","false","false","Massachusetts College of Art and Design",,"https://www.usnews.com/best-colleges/massachusetts-college-of-art-and-design","Unranked","-2","2026",,,,"specialty-arts","usnews.com","MA","44700","massachusetts-college-of-art-and-design","02115"
"85",,,,"Boston","private",,,"3477",,"2165","false","false","false","MCPHS University",,"https://www.usnews.com/best-colleges/mcphs-university","Unranked","-2","2026",,,,"health","usnews.com","MA","40530","mcphs-university","02115"
,,,,"Charleston","public",,,"281",,"3438","true","false","false","Medical University of South Carolina",,"https://www.usnews.com/best-colleges/medical-university-of-south-carolina","Unranked","-2","2026",,,,"special-focus-research","usnews.com","SC",,"medical-university-of-south-carolina","29425"
"68",,,"2","Atherton","private",,,"831",,"1236","false","false","false","Menlo College",,"https://www.usnews.com/best-colleges/menlo-college","Unranked","-2","2026",,,,"specialty-business","usnews.com","CA","53630","menlo-college","94027"
"100",,,,"Des Moines","private",,,"867",,"6273","false","false","false","Mercy College of Health Sciences",,"https://www.usnews.com/best-colleges/mercy-college-of-health-sciences","Unranked","-2","2026",,,,"health","usnews.com","IA",,"mercy-college-of-health-sciences","50309"
"93",,,,"Toledo","private",,,"999",,"30970","false","false","false","Mercy College of Ohio",,"https://www.usnews.com/best-colleges/mercy-college-of-ohio","Unranked","-2","2026",,,,"health","usnews.com","OH","19470","mercy-college-of-ohio","43604"
"39",,,,"Peoria","private",,,"374",,"667098","false","false","false","Methodist College",,"https://www.usnews.com/best-colleges/methodist-college","Unranked","-2","2026",,,,"health","usnews.com","IL","18008","methodist-college",
,,,,"Boston","private",,,"311",,"667099","false","false","false","MGH Institute of Health Professions",,"https://www.usnews.com/best-colleges/mgh-institute-of-health-professions","Unranked","-2","2026",,,,"health","usnews.com","MA",,"mgh-institute-of-health-professions",
,,,,,"private",,,"310",,"509669","false","false","false","Miami Regional University",,"https://www.usnews.com/best-colleges/miami-regional-university","Unranked","-2","2026",,,,"health","usnews.com","FL",,"miami-regional-university",
,,,,"Midland","public",,,"5219",,"9797","true","false","false","Midland College",,"https://www.usnews.com/best-colleges/midland-college","Unranked","-2","2026","west",,,"regional-colleges-west","usnews.com","TX","6180","midland-college","79705"
"96",,,,"Kansas City","private",,,"1067",,"667127","false","false","false","Midwestern Baptist Theological Seminary",,"https://www.usnews.com/best-colleges/midwestern-baptist-theological-seminary","Unranked","-2","2026",,,,"faith","usnews.com","MO","10120","midwestern-baptist-theological-seminary",
"61",,,,"Milwaukee","private",,,"885",,"29113","false","false","false","Milwaukee Institute of Art and Design",,"https://www.usnews.com/best-colleges/milwaukee-institute-of-art-and-design","Unranked","-2","2026",,,,"specialty-arts","usnews.com","WI","43743","milwaukee-institute-of-art-and-design","53202"
"48",,,,"Minneapolis","private",,,"714",,"2365","false","false","false","Minneapolis College of Art and Design",,"https://www.usnews.com/best-colleges/minneapolis-college-of-art-and-design","Unranked","-2","2026",,,,"specialty-arts","usnews.com","MN","45484","minneapolis-college-of-art-and-design","55404"
,,,,"Oceanside","public",,,"11707",,"667042","true","false","false","MiraCosta College",,"https://www.usnews.com/best-colleges/miracosta-college","Unranked","-2","2026","west",,,"regional-colleges-west","usnews.com","CA","9750","miracosta-college","92056"
,,,,"Modesto","public",,,"17152",,"667043","true","false","false","Modesto Junior College",,"https://www.usnews.com/best-colleges/modesto-junior-college","Unranked","-2","2026","west",,,"regional-colleges-west","usnews.com","CA","9264","modesto-junior-college","95350"
"83",,,,"Chicago","private",,,"1624",,"1727","false","false","false","Moody Bible Institute",,"https://www.usnews.com/best-colleges/moody-bible-institute","Unranked","-2","2026",,,,"faith","usnews.com","IL","15786","moody-bible-institute","60610"
"56",,,,"Philadelphia","private",,,"390",,"3300","false","false","false","Moore College of Art & Design",,"https://www.usnews.com/best-colleges/moore-college-of-art--design","Unranked","-2","2026",,,,"specialty-arts","usnews.com","PA","52812","moore-college-of-art--design","19103"
"84",,,,"Columbus","private",,,"575",,"30719","false","false","false","Mount Carmel College of Nursing",,"https://www.usnews.com/best-colleges/mount-carmel-college-of-nursing","Unranked","-2","2026",,,,"health","usnews.com","OH","22080","mount-carmel-college-of-nursing","43222"
,,,,"Crownpoint","public",,,"1523",,"667135","true","false","false","Navajo Technical University",,"https://www.usnews.com/best-colleges/navajo-technical-university","Unranked","-2","2026",,,,"tribal","usnews.com","NM","4346","navajo-technical-university",
"73",,,,"Omaha","private",,,"752",,"6404","false","false","false","Nebraska Methodist College",,"https://www.usnews.com/best-colleges/nebraska-methodist-college","Unranked","-2","2026",,,,"health","usnews.com","NE","17885","nebraska-methodist-college","68114"
"87",,,,,"private",,,"530",,"147897","false","false","false","Neumont College of Computer Science",,"https://www.usnews.com/best-colleges/neumont-college-of-computer-science","Unranked","-2","2026",,,,"specialty-engineering","usnews.com","UT","27360","neumont-college-of-computer-science",
"41",,,,"Boston","private",,,"393",,"2194","false","false","false","New England Conservatory of Music",,"https://www.usnews.com/best-colleges/new-england-conservatory-of-music","Unranked","-2","2026",,,,"specialty-arts","usnews.com","MA","60750","new-england-conservatory-of-music","02115"
"67",,,,"East Greenwich","private",,,"1712",,"7845","false","false","false","New England Institute of Technology",,"https://www.usnews.com/best-colleges/new-england-institute-of-technology","Unranked","-2","2026","north",,,"regional-universities-north","usnews.com","RI","37275","new-england-institute-of-technology","02818"
,,,,"New Orleans","private",,,"770",,"2019","false","false","false","New Orleans Baptist Theological Seminary",,"https://www.usnews.com/best-colleges/new-orleans-baptist-theological-seminary","Unranked","-2","2026",,,,"faith","usnews.com","LA","12468","new-orleans-baptist-theological-seminary","70126"
,,,,,"private",,,"34",,"951446","false","false","false","New York College of Health Professions",,"https://www.usnews.com/best-colleges/new-york-college-of-health-professions","Unranked","-2","2026",,,,"health","usnews.com","NY","16395","new-york-college-of-health-professions",
"63",,,,"New York","private",,,"440",,"667078","false","false","false","New York School of Interior Design",,"https://www.usnews.com/best-colleges/new-york-school-of-interior-design","Unranked","-2","2026",,,,"specialty-arts","usnews.com","NY","32330","new-york-school-of-interior-design","10021"
,,,,,"proprietary",,,"4244",,"615035","false","false","false","Nightingale College",,"https://www.usnews.com/best-colleges/nightingale-college","Unranked","-2","2026",,,,"health","usnews.com","UT",,"nightingale-college",
,,,,"Madison","public",,,"1281",,"667017","true","false","false","North Florida College",,"https://www.usnews.com/best-colleges/north-florida-college","Unranked","-2","2026","south",,,"regional-colleges-south","usnews.com","FL","11400","north-florida-college","32340"
,,,,"Seattle","public",,,"5017",,"666984","true","false","false","North Seattle College",,"https://www.usnews.com/best-colleges/north-seattle-college","Unranked","-2","2026","west",,,"regional-colleges-west","usnews.com","WA","5796","north-seattle-college","98103"
,,,,"Bloomington","private",,,"366",,"12328","false","false","false","Northwestern Health Sciences University",,"https://www.usnews.com/best-colleges/northwestern-health-sciences-university","Unranked","-2","2026",,,,"health","usnews.com","MN","12015","northwestern-health-sciences-university","55431"
